symbol,signal_index,signal_ts,entry_ts,exit_ts,exit_index,entry,exit,stop,target,net_r,notional_return,margin_return_2x_pct,adverse_return,reason,notional_usdt,margin_usdt,equity_before,pnl_usdt,equity_after
RLS,457,1775352600000,1775352600000,1775357100000,462,0.0055198958,0.006070528148571428,0.006069314285714286,0.004695768071428571,-1.0148668409212078,-0.1010139725718321,-20.20279451436642,-0.1010139725718321,stop,502.339832343256,251.169916171628,10000.0,-50.7433420460604,9949.25665795394
ENJ,849,1775705400000,1775705400000,1775711700000,856,0.037472504000000004,0.03160804463057144,0.04138635714285714,0.0316017242857143,1.487794975362665,0.15539423360259627,31.078846720519255,-0.009345519979129075,target,476.2871092808073,238.14355464040364,9949.25665795394,74.01227032148707,10023.268928275427
RAVE,918,1775767500000,1775767500000,1775768400000,919,0.6228754,0.6887224312285715,0.6885847142857143,0.5243114285714284,-1.0140722156614455,-0.10697804075631923,-21.395608151263843,-0.10697804075631923,stop,475.06565171723696,237.53282585861848,10023.268928275427,-50.82159265133393,9972.447335624094
RAVE,937,1775784600000,1775784600000,1775805300000,960,1.057948368,1.149541433742857,1.1493115714285713,0.9209035628571428,-1.0170129344966183,-0.08782806650532393,-17.565613301064786,-0.08782806650532393,stop,577.3842196731754,288.6921098365877,9972.447335624094,-50.71053964458021,9921.736795979514
RAVE,979,1775822400000,1775822400000,1775824200000,981,1.260457858,1.3229873302714283,1.3227227857142856,1.167060466428572,-1.0291433996106494,-0.050838303698679546,-10.16766073973591,-0.050838303698679546,stop,1004.2516364016333,502.12581820081664,9921.736795979514,-51.05444968128214,9870.682346298232
RAVE,1010,1775850300000,1775850300000,1775854800000,1015,1.5713056760000002,1.6281344903571429,1.6278089285714286,1.4865507971428575,-1.0397362237278338,-0.037388319379403165,-7.477663875880633,-0.037388319379403165,stop,1372.4749010797802,686.2374505398901,9870.682346298232,-51.31452994178559,9819.367816356447
RAVE,1039,1775876400000,1775876400000,1775886300000,1050,1.962547412,2.107074544928571,2.106653214285714,1.7463887085714287,-1.0198680675698084,-0.07488680538573825,-14.97736107714765,-0.07488680538573825,stop,668.6397976279419,334.31989881397095,9819.367816356447,-50.07229839812309,9769.295517958324
RAVE,1210,1776030300000,1776030300000,1776032100000,1212,5.732023366000001,5.272829948690144,6.038855214285714,5.27177559357143,1.475044092879181,0.07895824500744764,15.791649001489528,-0.016760669014272055,target,912.5165867096124,456.2582933548062,9769.295517958324,72.05070822677742,9841.346226185102
RAVE,1230,1776048300000,1776048300000,1776054600000,1237,6.060667624000001,6.392644487528571,6.391366214285714,5.56461973857143,-1.0264599268542818,-0.05600849144923965,-11.201698289847931,-0.05600849144923965,stop,901.8050001072435,450.90250005362174,9841.346226185102,-50.50873763738811,9790.837488547713
RAVE,1254,1776069900000,1776069900000,1776071700000,1256,8.979443752,8.171544183468857,9.519132785714286,8.169910201428571,1.4779047302119543,0.08882610079184576,17.765220158369154,-0.020632303916368326,target,814.5086246085416,407.2543123042708,9790.837488547713,72.34962518530598,9863.18711373302
RAVE,1423,1776222000000,1776222000000,1776224700000,1426,17.789121464,16.916847067160575,18.37289285714286,16.913464374285716,1.4585346690881227,0.04786356748666978,9.572713497333956,-0.00616293378815046,target,1502.7923228966727,751.3961614483363,9863.18711373302,71.92900176541413,9935.116115498435
BIO,1523,1776312000000,1776312000000,1776318300000,1530,0.045820834000000005,0.04123272275271429,0.04888507142857143,0.041224477857142866,1.4802635954188281,0.09899163147563143,19.798326295126287,-0.019510428343578252,target,742.8198971370397,371.40994856851984,9935.116115498435,73.53295351015628,10008.64906900859
ORDI,1539,1776326400000,1776326400000,1776340800000,1555,5.1089780000000005,5.4058309499999995,5.40475,4.665320000000001,-1.0249849051634352,-0.05933903715576755,-11.86780743115351,-0.05933903715576755,stop,864.4152912257662,432.2076456128831,10008.64906900859,-51.293571084059366,9957.355497924531
BASED,1559,1776344400000,1776344400000,1776350700000,1566,0.169556082,0.20585266230000002,0.2058115,0.11517295499999998,-1.0073480754402007,-0.21539672959994452,-43.0793459199889,-0.21539672959994452,stop,232.83832850985777,116.41916425492889,9957.355497924531,-50.15261448654089,9907.20288343799
ORDI,1573,1776357000000,1776357000000,1776375000000,1593,8.678264,6.8421853062857165,9.90322857142857,6.840817142857145,1.491281027009714,0.21049906111758207,42.099812223516416,-0.07852050594911603,target,350.9379949812271,175.46899749061356,9907.20288343799,73.87211845403503,9981.075001892026
BASED,1607,1776387600000,1776387600000,1776405600000,1627,0.20811836800000003,0.16414174178400004,0.237458,0.16410892000000005,1.4912685390917522,0.21023262180361504,42.04652436072301,-0.045841302695588886,target,353.9998457171118,176.9999228585559,9981.075001892026,74.42231568318364,10055.49731757521
PIEVERSE,1874,1776627900000,1776627900000,1776631500000,1878,1.26404714,1.3765988361428572,1.3763235714285715,1.0956324928571426,-1.0165631582364143,-0.09029416713726587,-18.058833427453173,-0.09029416713726587,stop,566.0414418160816,283.0207209080408,10055.49731757521,-51.11024055396023,10004.387077021249
PIEVERSE,1914,1776663900000,1776663900000,1776665700000,1916,1.5966806,1.397564885657143,1.7296107142857142,1.3972854285714287,1.4843827383413926,0.12358086335580375,24.71617267116075,-0.007492244302335678,target,600.8349141428224,300.4174570714112,10004.387077021249,74.2516974240802,10078.63877444533
RAVE,1988,1776730500000,1776730500000,1776738600000,1997,1.0807838,1.2272032487142857,1.2269578571428572,0.8615227142857144,-1.011152346952126,-0.13675652886684103,-27.351305773368207,-0.13675652886684103,stop,372.5979057565158,186.2989528782579,10078.63877444533,-50.95519625431547,10027.683578191014
RAVE,2017,1776756600000,1776756600000,1776760200000,2021,1.94331126,1.6375259468442858,2.1473864285714286,1.6371985071428572,1.4878674997900656,0.1562471319348027,31.24942638696054,-0.06839547441514847,target,477.4444276005841,238.72221380029205,10027.683578191014,74.59932247084481,10102.28290066186
CHIP,142,1776908700000,1776908700000,1776911400000,145,0.1319736,0.11567484462857142,0.14285485714285714,0.11565171428571427,1.4842187894854586,0.12237421957612309,24.474843915224618,-0.03663533126625318,target,612.6289568912409,306.31447844562047,10102.28290066186,74.96999048929996,10177.25289115116
SPK,2225,1776943800000,1776943800000,1776949200000,2231,0.05983803,0.055360180536428584,0.06283064285714285,0.05534911071428573,1.4732044362927479,0.07367773533402687,14.735547066805374,-0.008123129167186856,target,1017.4833713701789,508.74168568508946,10177.25289115116,74.96587054258542,10252.218761693744
KAT,2326,1777034700000,1777034700000,1777038300000,2330,0.022247549600000003,0.02379735852,0.0237926,0.019929974000000007,-1.020960782167364,-0.07090380258651029,-14.180760517302057,-0.07090380258651029,stop,738.1207286533582,369.0603643266791,10252.218761693744,-52.33556642944884,10199.883195264296
KAT,2362,1777067100000,1777067100000,1777076100000,2372,0.0282463496,0.02382016565194286,0.031200314285714285,0.023815402571428577,1.4878119769543738,0.1555933457293885,31.118669145877696,-0.001600320064012647,target,487.66572600872854,243.83286300436427,10199.883195264296,75.87754190724934,10275.760737171546
APE,2379,1777082400000,1777082400000,1777104000000,2403,0.206678656,0.18472693799999998,0.22499192857142855,0.17920874714285714,1.1858543883348067,0.10507555576324248,21.015111152648497,-0.05263816533043461,timeout,579.8473239156606,289.9236619578303,10275.760737171546,60.92777981826692,10336.688516989812
RLS,2757,1777422600000,1777422600000,1777429800000,2765,0.0087302536,0.007866846340371427,0.009306907142857142,0.007865273285714285,1.4800030455648798,0.09775764127451571,19.551528254903143,-0.04745466363084801,target,782.4621322051345,391.23106610256724,10336.688516989812,76.49165243100222,10413.180169420815
UB,301,1777654800000,1777654800000,1777656600000,303,0.134763042,0.14624924399999997,0.14622,0.11757760500000002,-1.017269101588745,-0.08648372134253228,-17.296744268506455,-0.08648372134253228,stop,612.4277650861711,306.21388254308556,10413.180169420815,-52.965032178142245,10360.215137242672
LAB,3068,1777702500000,1777702500000,1777706100000,3072,1.88742244,1.3647722141485712,2.236037857142857,1.364499314285714,1.4936198557322125,0.27587830791019924,55.17566158203985,-0.010879642874225928,target,280.4537833340647,140.22689166703236,10360.215137242672,77.37111519321542,10437.586252435887
LAB,3091,1777723200000,1777723200000,1777729500000,3098,2.13467298,2.3086444937142856,2.308182857142857,1.8744081642857142,-1.018025642730886,-0.08274686842127651,-16.549373684255304,-0.08274686842127651,stop,642.062391962554,321.031195981277,10437.586252435887,-53.128652265975525,10384.457600169912
LAB,3130,1777758300000,1777758300000,1777772700000,3146,3.18116364,1.6074923198914282,4.230492142857143,1.6071708857142852,1.4969555503882916,0.49378098843498563,98.75619768699713,-0.18296831444357892,target,157.4085658058197,78.70428290290985,10384.457600169912,77.72535721173114,10462.182957381643
ALLO,5658,1780033500000,1780033500000,1780034400000,5659,0.211217748,0.22032412744285712,0.22028007142857142,0.1976242628571429,-1.033433053006714,-0.044339572108887476,-8.867914421777495,-0.044339572108887476,stop,1219.2230507107845,609.6115253553922,10462.182957381643,-54.0598283738086,10408.123129007834
H,5965,1780309800000,1780309800000,1780313400000,5969,0.773615246,0.7074369312372855,0.8178284285714287,0.7072954721428569,1.4767017359787042,0.08439554907165332,16.879109814330665,-0.012247195277741455,target,910.5748858767913,455.28744293839566,10408.123129007834,76.84846746442986,10484.971596472264
OPN,6189,1780511400000,1780511400000,1780524000000,6203,0.24135172000000002,0.2726338015714286,0.27257928571428575,0.19451037142857142,-1.011621372392779,-0.13088977731077042,-26.177955462154085,-0.13088977731077042,stop,405.181427222498,202.590713611249,10484.971596472264,-53.03410677961289,10431.937489692651
OPN,6264,1780578900000,1780578900000,1780600500000,6288,0.23685262,0.22784556,0.2603707142857143,0.2015754785714286,0.37112875669104933,0.03685093748171336,7.3701874963426715,-0.0032904852308578906,timeout,525.3044094671392,262.6522047335696,10431.937489692651,19.3579599521419,10451.295449644793
ALLO,6450,1780746300000,1780746300000,1780767900000,6474,0.426294724,0.450300042,0.4748381428571428,0.3534795957142858,-0.5053470776706614,-0.05754534006289976,-11.509068012579952,-0.09313604519018154,timeout,458.90176403317065,229.45088201658533,10451.295449644793,-26.40765806675339,10424.88779157804
BSB,6363,1780851600000,1780851600000,1780852500000,6364,0.39512096,0.36236735898000005,0.41700499999999996,0.3622949000000001,1.4759207179575644,0.08174486119038576,16.348972238077152,-0.006412821602782054,target,941.1177442786175,470.55887213930873,10424.88779157804,76.93153936986455,10501.819330947905
BEAT,6623,1780902000000,1780902000000,1780902900000,6624,4.131673500000001,4.263771155142858,4.262918571428572,3.9348058928571437,-1.0448767366519898,-0.033191132342849185,-6.638226468569837,-0.033191132342849185,stop,1653.0178298954168,826.5089149477084,10501.819330947905,-54.86553355714814,10446.953797390757
H,7202,1781423100000,1781423100000,1781424900000,7204,0.517386502,0.5479234199142857,0.5478138571428571,0.47174546928571437,-1.0246077492132253,-0.060256894501345665,-12.051378900269134,-0.060256894501345665,stop,888.1995915206065,444.09979576030327,10446.953797390757,-53.5201490823955,10393.433648308363
RE,236,1781905500000,1781905500000,1781909100000,240,0.858418282,0.9098157839142857,0.9096338571428572,0.7815949192857143,-1.024267368032291,-0.061110583795598014,-12.222116759119602,-0.061110583795598014,stop,871.015646273199,435.5078231365995,10393.433648308363,-53.22827463885528,10340.205373669507
BICO,7750,1781916300000,1781916300000,1781922600000,7757,0.040541890000000004,0.03326919893785715,0.045394785714285714,0.03326254642857144,1.4895033469401628,0.1782947072467548,35.65894144935096,-0.015177389756619385,target,431.9188928814857,215.95944644074285,10340.205373669507,77.00885256064694,10417.214226230153
AGLD,8423,1782522000000,1782522000000,1782538200000,8441,0.24735052000000002,0.21355078733142857,0.2699121428571429,0.21350808571428573,1.4858502021967523,0.13552909403292376,27.105818806584754,-0.02223533070397423,target,571.0367937902257,285.51839689511286,10417.214226230153,77.3920993218548,10494.606325552008
LAB,9152,1783178100000,1783178100000,1783179900000,9154,14.152168999999999,14.979981111428572,14.976985714285714,12.914943928571425,-1.024823317538425,-0.05972875263823022,-11.945750527646045,-0.05972875263823022,stop,900.3299747405059,450.16498737025296,10494.606325552008,-53.77558635405974,10440.830739197947
APR,12895,1786546800000,1786546800000,1786548600000,12897,0.41511696000000003,0.38642181176571433,0.4342985714285714,0.3863445428571429,1.4708996205188805,0.06796692905832195,13.59338581166439,-0.014378021644791206,target,1129.7710654993716,564.8855327496858,10440.830739197947,76.78706986094059,10517.617809058887
APR,12916,1786565700000,1786565700000,1786569300000,12920,0.44481102,0.4606563985714286,0.46056428571428576,0.42118112142857134,-1.0403340691263454,-0.03684409397629458,-7.368818795258917,-0.03684409397629458,stop,1484.8833221213022,742.4416610606511,10517.617809058887,-54.709180664069756,10462.908628394818
SOPH,15458,1788853500000,1788853500000,1788859800000,15465,0.0100059984,0.011107156701428571,0.011104935714285714,0.00835759242857143,-1.0135484344831738,-0.11131584775082795,-22.26316955016559,-0.11131584775082795,stop,476.33220582337,238.166102911685,10462.908628394818,-53.0233233022503,10409.885305092568
IOST,15592,1788974100000,1788974100000,1788976800000,15595,0.0017903418600000002,0.0019116822599999999,0.0019112999999999999,0.0016089046500000008,-1.0215237641054997,-0.06901565406731854,-13.803130813463707,-0.06901565406731854,stop,770.4009593528037,385.20047967640187,10409.885305092568,-53.16972610382343,10356.715578988746
ONE,16350,1789656300000,1789656300000,1789661700000,16356,0.00121505694,0.0013265781197142857,0.0013263128571428572,0.0010481730642857145,-1.016091221511916,-0.09303774747388725,-18.60754949477745,-0.09303774747388725,stop,565.5429150657233,282.77145753286163,10356.715578988746,-52.61683891753083,10304.098740071215
ONE,16382,1789685100000,1789685100000,1789686000000,16383,0.0018769245399999999,0.001988562633,0.001988165,0.0017100638499999996,-1.024423894901191,-0.06071495303897531,-12.142990607795062,-0.06071495303897531,stop,869.288736662124,434.644368331062,10304.098740071215,-52.77882482375104,10251.319915247464
AKE,254,1789771500000,1789771500000,1789773300000,256,0.044861026,0.04733575097142857,0.04732628571428572,0.04116313642857142,-1.026278498346566,-0.056397351179873406,-11.279470235974681,-0.056397351179873406,stop,932.7307921905517,466.36539609527586,10251.319915247464,-52.60354604345207,10198.716369204012
AKE,286,1789800300000,1789800300000,1789812000000,299,0.058318334,0.06492905464285713,0.06491607142857142,0.04842172785714287,-1.0131759786460988,-0.11462380039942231,-22.92476007988446,-0.11462380039942231,stop,450.73948003360476,225.36974001680238,10198.716369204012,-51.66547219151131,10147.050897012501
ONE,16551,1789837200000,1789837200000,1789842600000,16557,0.0031845629600000002,0.0034981637785714286,0.0034974642857142856,0.002715210971428572,-1.0150498847824818,-0.0997343932602203,-19.94687865204406,-0.0997343932602203,stop,516.3596281686432,258.1798140843216,10147.050897012501,-51.498814219472585,10095.552082793029
ONE,16615,1789894800000,1789894800000,1789896600000,16617,0.00440891804,0.004121915032448572,0.004600802857142857,0.004121090814285715,1.469029764340857,0.06393507548803497,12.787015097606993,-0.008954941672719362,target,1159.8223966945777,579.9111983472889,10095.552082793029,74.15333248538147,10169.70541527841
