symbol,signal_index,signal_ts,entry_ts,exit_ts,exit_index,entry,exit,stop,target,net_r,notional_return,margin_return_2x_pct,adverse_return,reason
RLS,457,1775352600000,1775352600000,1775357100000,462,0.0055198958,0.006121195422857143,0.0061199714285714284,0.004619782357142856,-1.0136793574486114,-0.1101985072962532,-22.03970145925064,-0.1101985072962532,stop
ENJ,849,1775705400000,1775705400000,1775712600000,857,0.037472504000000004,0.03116068731985715,0.041684535714285716,0.031154456428571436,1.488743957953396,0.16733967832389685,33.46793566477937,-0.009345519979129075,target
RAVE,927,1775775600000,1775775600000,1775776500000,928,0.9503198979999999,0.7704973315097141,1.0703043214285715,0.7703432628571427,1.4901107247393355,0.1881367279890208,37.627345597804165,-0.020872401217468767,target
RAVE,970,1775814300000,1775814300000,1775817000000,973,1.10902815,1.1800944359785712,1.1798584642857142,1.002782678571429,-1.022722548398586,-0.0653182333831276,-13.06364667662552,-0.0653182333831276,stop
RAVE,1008,1775848500000,1775848500000,1775854800000,1015,1.519266086,1.6300244039785716,1.6296984642857144,1.3536175185714283,-1.0200621776080228,-0.07414625608417534,-14.829251216835068,-0.07414625608417534,stop
RAVE,1039,1775876400000,1775876400000,1775887200000,1051,1.962547412,2.1259799323928568,2.125554821428571,1.718036297857143,-1.0176570340023874,-0.08452567096478,-16.905134192956,-0.08452567096478,stop
RAVE,1222,1776041100000,1776041100000,1776043800000,1225,6.168196114000001,5.424626993457002,6.664632,5.423542285000002,1.4838037447569312,0.11942120728078463,23.884241456156925,-0.01596608292030059,target
RAVE,1257,1776072600000,1776072600000,1776076200000,1261,8.35352896,9.138741704292855,9.13691432142857,7.178450917857146,-1.0157301193889925,-0.09525412678900082,-19.050825357800164,-0.09525412678900082,stop
RAVE,1423,1776222000000,1776222000000,1776224700000,1426,17.789121464,16.758833327874857,18.478214285714287,16.755482231428573,1.4650556956006213,0.05675150205101881,11.350300410203761,-0.00616293378815046,target
BIO,1525,1776313800000,1776313800000,1776327300000,1540,0.043511296000000005,0.03799837386942857,0.04719164285714286,0.03799077571428572,1.4846471109224806,0.12557696117922515,25.11539223584503,-0.0735932199215577,target
ORDI,1539,1776326400000,1776326400000,1776340800000,1555,5.1089780000000005,5.440712925,5.4396249999999995,4.613007500000002,-1.022434014386945,-0.06617071742234928,-13.234143484469858,-0.06617071742234928,stop
BASED,1568,1776352500000,1776352500000,1776355200000,1571,0.209018188,0.23870630314285715,0.23865857142857144,0.16455761285714282,-1.010673492457809,-0.14332125890184674,-28.664251780369348,-0.14332125890184674,stop
ORDI,1573,1776357000000,1776357000000,1776375000000,1593,8.678264,6.689733393428574,10.004842857142856,6.688395714285717,1.4920408217558552,0.2280766992264086,45.615339845281724,-0.07852050594911603,target
NEIRO,1578,1776361500000,1776361500000,1776375900000,1594,0.000136932608,0.0001162238672682857,0.00015075392857142857,0.00011620062714285713,1.4873287064224834,0.1501238247543881,30.024764950877618,-0.05992379081540608,target
BASED,1608,1776388500000,1776388500000,1776391200000,1611,0.204519088,0.17513688322971424,0.22413057142857143,0.17510186285714283,1.4865989762443796,0.14255105219102054,28.51021043820411,-0.05851092684121497,target
ORDI,1612,1776392100000,1776392100000,1776397500000,1618,9.1261744,8.278630680771425,9.692307142857144,8.276975285714283,1.4786299622160224,0.0917252727692901,18.34505455385802,-0.007631763710323,target
PIEVERSE,1914,1776663900000,1776663900000,1776665700000,1916,1.5966806,1.3631249633357143,1.7525660714285713,1.362852392857143,1.4868592384023973,0.1451635056668718,29.03270113337436,-0.007492244302335678,target
RAVE,1988,1776730500000,1776730500000,1776738600000,1997,1.0807838,1.2462859930714285,1.2460367857142858,0.8329043214285715,-1.0099571528216167,-0.15442351647690433,-30.884703295380866,-0.15442351647690433,stop
RAVE,2017,1776756600000,1776756600000,1776762000000,2023,1.94331126,1.572123047451428,2.190979642857143,1.5718086857142852,1.4902142441693433,0.18992271570746783,37.98454314149357,-0.06839547441514847,target
CHIP,142,1776908700000,1776908700000,1776911400000,145,0.1319736,0.11403587404285716,0.1439472857142857,0.11401307142857145,1.4857680999169613,0.1348005985493851,26.960119709877016,-0.03663533126625318,target
KAT,2362,1777067100000,1777067100000,1777076100000,2372,0.0282463496,0.02346285849051429,0.03143847142857143,0.02345816685714286,1.4888108411445797,0.16825061120929424,33.650122241858845,-0.001600320064012647,target
APE,2384,1777086900000,1777086900000,1777099500000,2398,0.21011796800000002,0.1904004031804286,0.22328839285714286,0.19036233071428577,1.4788629833987368,0.0926967549812929,18.53935099625858,-0.01750887102049257,target
UB,350,1777698900000,1777698900000,1777702500000,354,0.14191161200000002,0.15159924235714284,0.15156892857142856,0.1274256371428572,-1.0213744984749968,-0.06950619988558161,-13.901239977116322,-0.06950619988558161,stop
LAB,3068,1777702500000,1777702500000,1777724100000,3092,1.88742244,2.20304052,2.2640567857142857,1.3224709214285713,-0.8445123536802703,-0.16852208124430276,-33.704416248860554,-0.19826893893875722,timeout
LAB,3109,1777739400000,1777739400000,1777745700000,3116,3.0473904000000003,2.230124257092858,3.5925317857142853,2.2296783214285725,1.4933733806436145,0.2671464851083361,53.429297021667224,-0.11063316332557833,target
ALLO,5658,1780033500000,1780033500000,1780034400000,5659,0.211217748,0.2219644911642857,0.22192010714285715,0.19516420928571432,-1.028432363450466,-0.052110452895200214,-10.422090579040043,-0.052110452895200214,stop
LAB,5978,1780321500000,1780321500000,1780326000000,5983,14.12047534,15.424764693214286,15.421680357142858,12.168667814285715,-1.0159940054158825,-0.09362407889267371,-18.724815778534744,-0.09362407889267371,stop
OPN,6189,1780511400000,1780511400000,1780533000000,6213,0.24135172000000002,0.20814162,0.27561892857142856,0.18995090714285723,0.9612806344391067,0.13648298837895176,27.296597675790352,-0.13346365965819498,timeout
OPN,6264,1780578900000,1780578900000,1780600500000,6288,0.23685262,0.22784556,0.2625060714285714,0.19837244285714292,0.34023652202521876,0.03685093748171336,7.3701874963426715,-0.0032904852308578906,timeout
ALLO,6450,1780746300000,1780746300000,1780767900000,6474,0.426294724,0.450300042,0.4792522142857143,0.3468584885714286,-0.4632257821745286,-0.05754534006289976,-11.509068012579952,-0.09313604519018154,timeout
BSB,6363,1780851600000,1780851600000,1780852500000,6364,0.39512096,0.3571125582300001,0.4205075,0.3570411500000001,1.4794084447530849,0.09505206116896942,19.010412233793883,-0.006412821602782054,target
BEAT,6625,1780903800000,1780903800000,1780907400000,6629,4.2481501999999995,4.364414851285714,4.363542142857143,4.075062285714285,-1.0523454871266051,-0.02858472149042325,-5.71694429808465,-0.02858472149042325,stop
H,7202,1781423100000,1781423100000,1781424900000,7204,0.517386502,0.5528313298714286,0.5527207857142857,0.46438507642857146,-1.0213015456136554,-0.06974855051504882,-13.949710103009764,-0.06974855051504882,stop
RE,236,1781905500000,1781905500000,1781911800000,243,0.858418282,0.9156238738714286,0.9154407857142858,0.7728845264285714,-1.0218775635829047,-0.06788068053395845,-13.576136106791688,-0.06788068053395845,stop
BICO,7750,1781916300000,1781916300000,1781922600000,7757,0.040541890000000004,0.03278551293428573,0.04571717857142857,0.032778957142857154,1.4902319972130196,0.19023238985537436,38.04647797107487,-0.015177389756619385,target
AGLD,8429,1782527400000,1782527400000,1782538200000,8441,0.23455308,0.20272859475428565,0.2557964285714286,0.2026880571428571,1.4857411078454692,0.1345627874119657,26.91255748239314,-0.040428550722932284,target
LAB,9211,1783231200000,1783231200000,1783233000000,9213,16.7996394,15.865660283271431,17.42440714285714,15.862487785714288,1.4635517716344184,0.054428545467387,10.8857090934774,-0.016016916948824674,target
APR,12901,1786552200000,1786552200000,1786561200000,12911,0.42501498,0.45546893271428573,0.45537785714285717,0.3794706642857142,-1.0203987888283126,-0.07289682604108288,-14.579365208216577,-0.07289682604108288,stop
SOPH,15467,1788861600000,1788861600000,1788867900000,15474,0.011418715800000001,0.00932613292504286,0.012815014285714287,0.009324268071428573,1.4897502124397204,0.18216899362029104,36.43379872405821,-0.01842827396054456,target
IOST,15595,1788976800000,1788976800000,1788978600000,15597,0.0018456308,0.001977674384357143,0.001977278928571429,0.001648158607142857,-1.020428994513729,-0.07278680409308141,-14.557360818616283,-0.07278680409308141,stop
ONE,16350,1789656300000,1789656300000,1789661700000,16356,0.00121505694,0.0013351362595714284,0.0013348692857142856,0.001035338421428572,-1.014999203681156,-0.10008537994208826,-20.017075988417652,-0.10008537994208826,stop
ONE,16384,1789686900000,1789686900000,1789695000000,16393,0.00190751842,0.0014491143863528567,0.002213314285714286,0.001448824621428571,1.4924663971413863,0.23925853044361778,47.85170608872355,-0.005325411668632723,target
AKE,263,1789779600000,1789779600000,1789785900000,270,0.046060786,0.04102052460728571,0.04942642857142857,0.04101232214285714,1.482038719350022,0.10829195590257443,21.658391180514887,-0.01594067628806859,target
AKE,309,1789821000000,1789821000000,1789838100000,328,0.06193761,0.06578208235714285,0.06576892857142856,0.05619063214285715,-1.0234346477471579,-0.06330732123110881,-12.661464246221762,-0.06330732123110881,stop
ONE,16572,1789856100000,1789856100000,1789861500000,16578,0.004284742879999999,0.003606008971868569,0.004737712857142857,0.0036052879142857122,1.4879561362358074,0.15730219429650097,31.460438859300194,-0.07739474881629303,target
ONE,16615,1789894800000,1789894800000,1789897500000,16618,0.00440891804,0.004070302569162859,0.004635204285714285,0.004069488671428573,1.4739205090386498,0.07564847780015518,15.129695560031037,-0.008954941672719362,target
