symbol,signal_index,entry_index,exit_index,signal_kind,entry_price,exit_price,entry_equity,exit_equity,return_pct,rebalances,max_notional_deviation_pct,fees_paid,funding_paid,exit_reason,reserve_start,reserve_end,max_spot_qty,min_reserve_cash,max_spot_gain_pct,reserve_after_exit,max_position_equity_deviation_pct
ETH,48,49,275,ema_pullback,1823.04,1679.0,9993.60127974405,10103.799480026144,1.0379948002614325,13,42.93826952273487,12.919858422731057,0.0,reserve_floor_exit,2000.0,1000.0,2.8613851447875067,1000.0,30.436571456707174,5306.576018070494,21.35206238470513
ETH,292,293,483,ema_pullback,1639.59,1791.87,9993.60127974405,9982.241304049596,-0.17758695950403913,4,16.18445074053458,11.537621280399065,0.0,reserve_floor_exit,2000.0,1000.0,2.5117492324190094,1000.0,2.9765642941669945,5488.312609473223,10.811911266903262
ETH,495,496,860,ema_pullback,1794.9,2117.32,9993.60127974405,9903.60585982475,-0.9639414017525105,3,20.548311563653026,11.708137628896425,0.0,reserve_floor_exit,2000.0,1000.0000000000005,2.2280907905554663,1000.0000000000005,0.0,5192.997526138208,14.400313000752371
ETH,923,924,1180,ema_pullback,2528.99,2628.3,9993.60127974405,10042.368672932356,0.423686729323558,7,10.579280610716674,11.959204314498866,0.0,reserve_floor_exit,2000.0,1000.0,1.7464748833690258,1000.0,10.442521969862263,5458.979754219095,11.477287014500758
ETH,1196,1197,1630,ema_pullback,2640.04,2642.68,9993.60127974405,10067.55708559646,0.6755708559645912,10,19.028027837093312,12.325377602290782,0.0,reserve_floor_exit,2000.0,1000.0000000000007,1.7686678064354728,1000.0000000000007,16.75719066132615,5400.4720645617435,10.67478049605467
ETH,1667,1668,2177,ema_pullback,2771.62,2560.0,9993.60127974405,10039.09816416203,0.3909816416203027,12,42.4618831319224,12.370356950284675,0.0,reserve_floor_exit,2000.0,1000.0,1.7730401936313993,1000.0,22.87941250512382,5506.945270232231,11.397525700848812
ETH,2202,2203,2374,ema_pullback,2584.49,2971.68,9993.60127974405,9927.609618667622,-0.7239038133237785,3,20.60984116906858,11.550759417308171,0.0,reserve_floor_exit,2000.0,1000.0,1.5473846522787889,1000.0,0.0,5336.15506913071,11.073621365886895
ETH,2393,2394,2527,ema_pullback,2993.16,3441.01,9993.60127974405,9927.496152411379,-0.7250384758862083,3,20.61487625563421,11.54992382257305,0.0,reserve_floor_exit,2000.0,1000.0000000000007,1.3361130577610307,1000.0000000000007,0.0,5336.79463065797,10.382930607952112
ETH,2537,2538,2703,ema_pullback,3424.24,3735.0,9993.60127974405,9992.802941672875,-0.0719705832712525,4,17.470131079883704,11.604110678471681,0.0,reserve_floor_exit,2000.0,1000.0,1.2106850525576491,1000.0,3.6626329901719545,5477.710614806031,11.202361714804656
ETH,2738,2739,3047,ema_pullback,3741.06,3915.0,9993.60127974405,10040.13010411534,0.40130104115341236,9,17.564876563919192,12.165625593155847,0.0,reserve_floor_exit,2000.0,1000.0000000000003,1.2000595641951486,1000.0000000000003,12.259818304863689,5348.854293186383,9.924704984034204
ETH,3057,3058,3157,ema_pullback,3899.07,4404.41,9993.60127974405,9941.642872582193,-0.583571274178063,3,20.693084982495897,11.445444688132147,0.0,reserve_floor_exit,2000.0,1000.0,1.0256805238090125,1000.0,0.0,5430.938148783106,9.171494506030266
ETH,3183,3184,3495,ema_pullback,4665.14,4549.81,9993.60127974405,10063.881379117065,0.638813791170656,9,25.261913603064784,12.154455327630423,0.0,reserve_floor_exit,2000.0,1000.0,0.9998247251486414,1000.0,16.63137956858971,5521.706870661176,15.516815680877482
ETH,3512,3513,4232,ema_pullback,4593.41,3932.08,9993.60127974405,9950.798581542473,-0.49201418457527346,7,27.175232387013615,10.376377217268,0.0,max_hold,2000.0,1937.5575687771675,1.009878922894124,1463.8551983297803,15.992892519993497,5986.249489798061,10.632025845724188
ETH,4303,4304,4480,ema_pullback,4106.54,4671.14,9993.60127974405,9936.344457554453,-0.6365554244554761,3,20.65716558763747,11.486421181446705,0.0,reserve_floor_exit,2000.0,1000.0000000000009,0.9738612457124506,1000.0000000000009,0.0,5394.140286275544,10.097091729300377
ETH,4495,4496,5215,ema_pullback,4676.99,3379.13,9993.60127974405,9836.375394783256,-1.636246052167445,13,48.197801318019096,11.211056957193097,0.0,max_hold,2000.0,1917.8486918186177,1.1748205466542827,1608.6538299106996,37.39307183215781,5872.878821793836,22.55370295478673
ETH,5262,5263,5878,ema_pullback,3443.6,3162.74,9993.60127974405,10070.90982120697,0.7090982120697031,13,44.35450560648749,12.659751921611136,0.0,reserve_floor_exit,2000.0,999.9999999999999,1.468731233505381,999.9999999999999,26.468360506856747,5432.609774469497,21.303226147445393
ETH,5906,5907,6592,ema_pullback,3181.54,3085.09,9993.60127974405,10064.492459787387,0.6449245978738638,11,24.186681211078177,12.377085894913435,0.0,reserve_floor_exit,2000.0,1000.0000000000006,1.5002302803009153,1000.0000000000006,19.349931362944297,5443.048505408721,13.057368253478035
ETH,6614,6615,7212,ema_pullback,3104.6,3038.21,9993.60127974405,10076.055818901139,0.7605581890113955,11,20.62576772650923,12.483395681270606,0.0,reserve_floor_exit,2000.0,1000.0000000000002,1.5429634455520838,1000.0000000000002,19.781059248090283,5395.157924152611,14.518345294546101
ETH,7221,7222,7941,ema_pullback,3020.34,1920.62,9993.60127974405,9603.747129256883,-3.962528707431179,13,63.461227351509905,10.177970225977662,0.0,max_hold,2000.0,2479.269007672551,1.8513254974949793,2000.0,39.81876948986518,6054.097839924516,20.564546576778806
ETH,7978,7979,8193,ema_pullback,1983.74,2056.0,9993.60127974405,10040.935871055475,0.4093587105547414,7,14.190937121609739,11.943782024612487,0.0,reserve_floor_exit,2000.0,1000.0,2.2228555249414557,1000.0,10.261233313279305,5477.599876248327,11.139865542094759
ETH,8224,8225,8334,ema_pullback,2066.23,2279.41,9993.60127974405,9983.841553638531,-0.16158446361469458,4,14.9526146389703,11.620904401301354,0.0,reserve_floor_exit,2000.0,1000.0,1.9980320818234676,1000.0,3.2304876797947246,5436.349527063261,11.479639377366823
ETH,8359,8360,9023,ema_pullback,2327.1,2352.13,9993.60127974405,10051.605200732607,0.5160520073260733,11,27.962289197713226,12.406864611762089,0.0,reserve_floor_exit,2000.0,1000.0,2.0186199544600143,1000.0,17.461750053077594,5310.545882852549,11.80049873356636
ETH,9039,9040,9759,ema_pullback,2363.23,2297.35,9993.60127974405,10031.56013961384,0.31560139613839855,7,7.980628940593445,11.221058804126129,0.0,max_hold,2000.0,1434.681562075399,1.8939946363486073,1308.5420540387815,11.921003336175273,5687.0713346483635,8.680227583711272
ETH,9920,9921,10640,ema_pullback,2137.0,1722.12,9993.60127974405,9916.3509646452,-0.8364903535479917,12,57.638252277390045,11.412210282293207,0.0,max_hold,2000.0,1545.6898962345115,2.3813420753542327,1545.6898962345115,27.24864501587505,5821.873783301174,11.001802582045112
ETH,10651,10652,10984,ema_pullback,1728.29,1790.57,9993.60127974405,10039.757797663533,0.3975779766353327,7,21.17108963216291,11.987611499300716,0.0,reserve_floor_exit,2000.0,1000.0,2.573914966852097,1000.0,11.23402980901056,5437.8687024799165,12.297039752940965
ETH,11007,11008,11519,ema_pullback,1773.99,1948.89,9993.60127974405,9984.820503945295,-0.151794960547047,4,16.36101433529539,11.59931199722203,0.0,reserve_floor_exit,2000.0,1000.0,2.326317357239987,1000.0,3.192227532896963,5457.909674980916,10.280356565589557
ETH,11533,11534,12093,ema_pullback,1959.98,2218.37,9993.60127974405,9963.632449793673,-0.3636755020632654,4,16.10794627241711,11.733132012022656,0.0,reserve_floor_exit,2000.0,1000.0,2.0995004743024976,1000.0,2.895048385283361,5313.088358940693,13.611828457060904
ETH,12132,12133,12638,ema_pullback,2387.95,2628.84,9993.60127974405,10031.456337154239,0.3145633715423868,7,9.548042849543311,12.18080596353053,0.0,reserve_floor_exit,2000.0,1000.0000000000008,1.828105676600657,1000.0000000000008,9.157450885715646,5232.702431573162,17.826144663345346
ETH,12655,12656,13159,ema_pullback,2522.68,2680.27,9993.60127974405,9998.78773283443,-0.012122671655712125,4,14.044654215307872,11.277349782972049,0.0,data_end,2000.0,1100.7947877614206,1.6359337722452407,1100.7947877614206,3.1940699012334095,5620.750150426736,9.159956655574511
