name,mode,kind,lookback,wait_bars,full_trades,full_wins,full_win_rate,full_total_r,full_avg_net_r,full_profit_factor,full_max_drawdown_r,full_symbols,full_pump_episodes_24h,full_avg_margin_return_2x_pct,full_signals,full_orders_filled,full_trades_after_risk_checks,full_fill_rate,full_account_return_pct,train_trades,train_wins,train_win_rate,train_total_r,train_avg_net_r,train_profit_factor,train_max_drawdown_r,train_symbols,train_pump_episodes_24h,train_avg_margin_return_2x_pct,train_signals,train_orders_filled,train_trades_after_risk_checks,train_fill_rate,train_account_return_pct,validation_trades,validation_wins,validation_win_rate,validation_total_r,validation_avg_net_r,validation_profit_factor,validation_max_drawdown_r,validation_symbols,validation_pump_episodes_24h,validation_avg_margin_return_2x_pct,validation_signals,validation_orders_filled,validation_trades_after_risk_checks,validation_fill_rate,validation_account_return_pct,retrospective_quality_pass
market_signal_close,market_signal_close,,,,138,78,0.5652173913043478,22.27185240062713,0.16139023478715306,1.3654439189956984,14.050432860289593,34,54,1.046757582322738,490,490,465,1.0,11.466915275165857,108,62,0.5740740740740741,15.816121488628715,0.14644556933915473,1.339738175662485,14.050432860289593,27,45,1.2432468519144786,405,405,386,1.0,8.030460975502795,31,16,0.5161290322580645,5.438040112925166,0.17542064880403763,1.3529249566619064,4.235688811454802,8,10,-0.21580689193563152,85,85,79,1.0,2.6559731425479294,False
market_next_open,market_next_open,,,,139,78,0.5611510791366906,20.940973901570597,0.15065448850050786,1.3349096269342677,14.054846503460292,34,54,0.7800057605771665,490,490,465,1.0,10.719964376984304,109,62,0.5688073394495413,14.23718819493175,0.13061640545808945,1.295765611367288,14.054846503460292,27,45,0.9005962737058231,405,405,386,1.0,7.17797872842052,31,16,0.5161290322580645,5.685981689196791,0.18341876416763842,1.369020322436192,4.2349042797378535,8,10,-0.20985864977321103,85,85,79,1.0,2.7790499141072456,False
limit_body_high_3bars_wait2,limit,body_high,3,2,102,50,0.49019607843137253,-11.042874786915165,-0.10826347830308984,0.7965853821402081,17.543171171572837,31,56,-1.5839301397781909,490,179,165,0.3653061224489796,-5.528915649878141,80,38,0.475,-7.937652885179894,-0.0992206610647487,0.8189893947956138,13.092147521226208,24,47,-1.577780060648332,405,142,130,0.3506172839506173,-4.0296518668952,22,12,0.5454545454545454,-3.105221901735269,-0.14114645007887583,0.702441021435913,5.0493407244135895,8,10,-1.606294063886768,85,37,35,0.43529411764705883,-1.562215634461972,False
limit_body_high_3bars_wait4,limit,body_high,3,4,118,61,0.5169491525423728,-10.97626176448678,-0.0930191674956507,0.815454755817893,17.815813637695555,33,56,-0.7372626172627225,490,233,206,0.47551020408163264,-5.506780017042279,95,48,0.5052631578947369,-8.79189418099969,-0.09254625453683885,0.8205524962841237,13.95888872067015,26,48,-0.667808753028895,405,185,162,0.4567901234567901,-4.446886758090063,23,13,0.5652173913043478,-2.1843675834870906,-0.0949725036298735,0.7916297669305018,4.449218977326584,8,9,-1.0241372738807053,85,48,44,0.5647058823529412,-1.1092189704681732,False
limit_body_high_3bars_wait8,limit,body_high,3,8,132,73,0.553030303030303,-5.938911817769576,-0.04499175619522405,0.9038572876439116,15.89345225715743,34,58,-0.09766656559554564,490,293,252,0.5979591836734693,-3.1080149806847146,109,59,0.5412844036697247,-5.282347163710717,-0.04846190058450197,0.8990846135191187,12.972036209259077,27,50,0.0052958655663839895,405,242,205,0.5975308641975309,-2.767914086901724,23,14,0.6086956521739131,-0.6565646540588597,-0.028546289306906947,0.9303565644869142,3.991945144373933,8,9,-0.5856189567542556,85,51,47,0.6,-0.3497825749485317,False
limit_body_high_6bars_wait2,limit,body_high,6,2,71,37,0.5211267605633803,0.20365273262101452,0.002868348346774882,1.0057115315550107,11.129064675056075,30,49,-0.8030240161998414,490,130,104,0.2653061224489796,-0.03564345912618894,55,28,0.509090909090909,2.9195374998400174,0.053082499997091255,1.1030607495161515,9.479546356490552,24,41,-0.5932306377679987,405,103,81,0.254320987654321,1.3446406654651133,16,9,0.5625,-2.715884767219002,-0.16974279795118766,0.629387474023836,3.979322320930771,7,9,-1.524188754559301,85,27,23,0.3176470588235294,-1.3619705151923678,False
limit_body_high_6bars_wait4,limit,body_high,6,4,85,44,0.5176470588235295,-4.602478478078068,-0.054146805624447854,0.8930232165623272,13.424403178100533,33,50,-0.9259714212655287,490,178,134,0.363265306122449,-2.417927603003611,66,34,0.5151515151515151,-0.2127598991933337,-0.0032236348362626173,0.993658110964247,7.774229852467065,26,42,-0.763531315662681,405,139,103,0.3432098765432099,-0.23594289537449686,19,10,0.5263157894736842,-4.389718578884735,-0.2310378199413018,0.5366956173131882,6.126029485507492,8,9,-1.490237051254368,85,39,31,0.4588235294117647,-2.187145121154044,False
limit_body_high_6bars_wait8,limit,body_high,6,8,103,54,0.5242718446601942,-7.4084376385652275,-0.07192657901519636,0.8562269660388386,15.675600008201066,34,54,-0.5671470579340069,490,247,170,0.5040816326530613,-3.7929478272125006,84,43,0.5119047619047619,-4.546521989108723,-0.054125261775103836,0.8945354648947321,11.077373452121805,27,46,-0.47842338437235793,405,203,136,0.5012345679012346,-2.3912998653643935,19,11,0.5789473684210527,-2.8619156494565026,-0.15062713944507916,0.6600732926833333,4.970603406619309,8,9,-0.9593990884170868,85,44,34,0.5176470588235295,-1.4359867101137236,False
limit_close_high_3bars_wait2,limit,close_high,3,2,114,62,0.543859649122807,-1.5682953311648764,-0.013756976589165587,0.9710983969111128,13.36301266015622,33,54,0.19239578391288806,490,210,200,0.42857142857142855,-0.9781740922781279,90,48,0.5333333333333333,1.1849120317381985,0.01316568924153553,1.0270182428275367,9.263631627329108,26,46,0.6866852604220078,405,170,162,0.41975308641975306,0.41486829720311924,24,14,0.5833333333333334,-2.7532073629030753,-0.11471697345429478,0.7354533338746349,4.5573210143098475,8,9,-1.6611897529963109,85,40,38,0.47058823529411764,-1.3872869756281547,False
limit_close_high_3bars_wait4,limit,close_high,3,4,128,71,0.5546875,0.08089049148037314,0.0006319569646904207,1.0013585412934016,13.513929708036816,33,52,0.4778679836271957,490,263,251,0.536734693877551,-0.17874102023124339,103,56,0.5436893203883495,1.9371451197520901,0.018807234172350404,1.0394841732726952,12.011035815143037,26,45,0.7904624687712898,405,213,204,0.5259259259259259,0.7739698168105047,25,15,0.6,-1.8562546282717178,-0.0742501851308687,0.8228909984708039,4.585111206835292,8,8,-0.8100212951664723,85,50,47,0.5882352941176471,-0.9453937745765195,False
limit_close_high_3bars_wait8,limit,close_high,3,8,136,79,0.5808823529411765,6.0009825006309345,0.04412487132816864,1.1009444671007325,8.85009888067645,33,54,0.7513543042625251,490,314,298,0.6408163265306123,2.8118606392673495,111,63,0.5675675675675675,6.329080634411344,0.05701874445415627,1.126523194699423,8.318132403952484,26,47,1.011582451986809,405,261,248,0.6444444444444445,3.001923120333516,25,16,0.64,-0.3280981337804103,-0.01312392535121643,0.9651895203448689,3.9874602812984117,8,8,-0.40405867163329495,85,53,50,0.6235294117647059,-0.18452323540035787,False
limit_close_high_6bars_wait2,limit,close_high,6,2,77,42,0.5454545454545454,1.13435774735699,0.014731918796844011,1.030946487583274,9.622039710611043,30,51,-0.22014123748326045,490,139,116,0.2836734693877551,0.4326227922446302,60,31,0.5166666666666667,1.3894148230331629,0.023156913717219372,1.0457596533077935,9.4486726468876,24,43,-0.17022665949455335,405,109,89,0.2691358024691358,0.5742928309532047,17,11,0.6470588235294118,-0.2550570756761732,-0.015003357392716084,0.9594642030453043,3.979322320930771,7,9,-0.3963103362669327,85,30,27,0.35294117647058826,-0.140861083603816,False
limit_close_high_6bars_wait4,limit,close_high,6,4,93,50,0.5376344086021505,-4.323464553648735,-0.046488866168265953,0.9040480923419876,13.102505471558079,33,54,-0.4167314971510234,490,190,148,0.3877551020408163,-2.2813352149759103,73,38,0.5205479452054794,-2.4313470817149527,-0.033306124407054126,0.933605689161211,7.4063151287636,26,46,-0.46036835886400085,405,148,113,0.3654320987654321,-1.3360124623921332,20,12,0.6,-1.8921174719337832,-0.09460587359668912,0.7757849483949989,6.126029485507492,8,9,-0.2574569518986555,85,42,35,0.49411764705882355,-0.9581234006211914,False
limit_close_high_6bars_wait8,limit,close_high,6,8,109,60,0.5504587155963303,-7.775358121860653,-0.07133356075101513,0.8488626355478149,15.625611375581718,34,57,-0.24241679616887118,490,258,188,0.5265306122448979,-3.9377923505674928,89,47,0.5280898876404494,-7.411397144418175,-0.08327412521818173,0.8317976114513101,11.027738384565534,27,49,-0.3530714307052054,405,212,150,0.5234567901234568,-3.7478380912663867,20,13,0.65,-0.363960977442475,-0.018198048872123774,0.9507045722646343,4.97060340661931,8,9,0.24999632751781614,85,46,38,0.5411764705882353,-0.197350641828975,False
limit_open_high_3bars_wait2,limit,open_high,3,2,121,64,0.5289256198347108,-10.041624902917164,-0.0829886355612989,0.8309690110748441,18.46857721756531,34,64,-0.053220266369386524,490,223,206,0.45510204081632655,-5.026943257284877,96,51,0.53125,-6.22624161257957,-0.06485668346437055,0.867126991269761,13.776226818485522,27,53,0.4516670489007227,405,177,164,0.43703703703703706,-3.172312102976116,25,13,0.52,-3.815383290337597,-0.15261533161350382,0.6959470501545698,4.692350399079791,8,12,-1.991987557006606,85,46,42,0.5411764705882353,-1.9153934113156024,False
limit_open_high_3bars_wait4,limit,open_high,3,4,132,74,0.5606060606060606,1.019756779326048,0.007725430146409421,1.0168894734574787,15.27767787281466,34,60,0.9676438662284631,490,271,241,0.5530612244897959,0.3203263169988757,106,60,0.5660377358490566,3.903977074521638,0.036829972401147486,1.0816858657843251,12.383696269380913,27,50,1.5649739273516188,405,215,191,0.5308641975308642,1.8055839234153215,26,14,0.5384615384615384,-2.884220295195591,-0.11093154981521501,0.7708331860081394,5.59094581337067,8,11,-1.4676248445044022,85,56,50,0.6588235294117647,-1.4589156598067365,False
limit_open_high_3bars_wait8,limit,open_high,3,8,141,83,0.5886524822695035,4.205180755035401,0.02982397698606666,1.069475360357568,15.28014826767237,34,60,0.5307618424125871,490,322,279,0.6571428571428571,1.929381924079565,115,68,0.591304347826087,5.562040190692469,0.04836556687558666,1.1135176848136685,13.027198871939103,27,50,0.8945055677273329,405,263,226,0.6493827160493827,2.6503832531368454,26,15,0.5769230769230769,-1.3568594356570667,-0.052186901371425634,0.8823246421867948,4.481635831054588,8,11,-1.0781046349410972,85,59,53,0.6941176470588235,-0.702385423422458,False
limit_open_high_6bars_wait2,limit,open_high,6,2,88,50,0.5681818181818182,-0.5084949829624534,-0.005778352079118764,0.9872105891835256,13.235314586614287,34,58,0.8738951062221265,490,159,130,0.32448979591836735,-0.3511696535129505,68,41,0.6029411764705882,4.876243052132783,0.07170945664901154,1.17263715405795,6.2794752897809545,27,48,1.8961655725547535,405,125,102,0.30864197530864196,2.389839969826202,20,9,0.45,-5.384738035095237,-0.26923690175476184,0.5323086912515805,7.145678048929974,8,11,-2.6018244793088052,85,34,28,0.4,-2.6770328229314355,False
limit_open_high_6bars_wait4,limit,open_high,6,4,97,56,0.5773195876288659,5.650875846129091,0.05825645202194938,1.1316924545471092,10.542235898503908,34,57,1.0883408180414973,490,202,155,0.4122448979591837,2.7107543885172447,76,47,0.618421052631579,12.120519067371129,0.15948051404435692,1.3998681330055045,6.786553575906836,27,48,2.1149077112122567,405,157,120,0.38765432098765434,6.111591912791092,21,9,0.42857142857142855,-6.469643221242038,-0.3080782486305732,0.48646900085529937,8.230583235076775,8,10,-2.6268536524812514,85,45,35,0.5294117647058824,-3.204963249508941,False
limit_open_high_6bars_wait8,limit,open_high,6,8,110,63,0.5727272727272728,2.167776865826376,0.01970706241660339,1.0440193466054128,14.500049293505658,33,56,0.6155561294473726,490,267,188,0.5448979591836735,0.9274973955123,89,53,0.5955056179775281,7.11005922752989,0.07988830592730209,1.18858172085279,7.796826917967406,26,47,1.2668266909288914,405,217,150,0.5358024691358024,3.4748813002763113,21,10,0.47619047619047616,-4.942282361703512,-0.23534677912873872,0.5718447312103757,6.70322237553825,8,10,-2.1445905358790642,85,50,38,0.5882352941176471,-2.4618379579211647,False
