symbol,signal_index,signal_utc,entry_mode,order_mode,limit_kind,lookback_bars,wait_bars,order_price,fill_index,entry_utc
AKE,263,2026-09-19T00:45:00+00:00,wick,limit,open_high,6,2,0.0463,264,2026-09-19T01:00:00+00:00
ALLO,5658,2026-05-29T05:30:00+00:00,wick,limit,open_high,6,2,0.21126,5659,2026-05-29T05:45:00+00:00
ALLO,5689,2026-05-29T13:15:00+00:00,wick,limit,open_high,6,2,0.27063,5690,2026-05-29T13:30:00+00:00
ALLO,6450,2026-06-06T11:30:00+00:00,wick,limit,open_high,6,2,0.42638,6451,2026-06-06T11:45:00+00:00
ALLO,6476,2026-06-06T18:00:00+00:00,wick,limit,open_high,6,2,0.45464,6477,2026-06-06T18:15:00+00:00
APR,12901,2026-08-12T16:15:00+00:00,wick,limit,open_high,6,2,0.4271,12902,2026-08-12T16:30:00+00:00
APR,12903,2026-08-12T16:45:00+00:00,wick,limit,open_high,6,2,0.4319,12904,2026-08-12T17:00:00+00:00
APR,12911,2026-08-12T18:45:00+00:00,wick,limit,open_high,6,2,0.4426,12912,2026-08-12T19:00:00+00:00
BASED,1568,2026-04-16T15:00:00+00:00,wick,limit,open_high,6,2,0.20906,1569,2026-04-16T15:15:00+00:00
BEAT,6625,2026-06-08T07:15:00+00:00,wick,limit,open_high,6,2,4.249,6626,2026-06-08T07:30:00+00:00
BICO,7750,2026-06-20T00:30:00+00:00,wick,limit,open_high,6,2,0.04055,7751,2026-06-20T00:45:00+00:00
BSB,6363,2026-06-07T16:45:00+00:00,wick,limit,open_high,6,2,0.3952,6364,2026-06-07T17:00:00+00:00
CHIP,142,2026-04-23T01:30:00+00:00,wick,limit,open_high,6,2,0.132,143,2026-04-23T01:45:00+00:00
ENJ,849,2026-04-09T03:15:00+00:00,wick,limit,open_high,6,2,0.03748,850,2026-04-09T03:30:00+00:00
H,7202,2026-06-14T07:30:00+00:00,wick,limit,open_high,6,2,0.53219,7203,2026-06-14T07:45:00+00:00
H,7205,2026-06-14T08:15:00+00:00,wick,limit,open_high,6,2,0.5657,7206,2026-06-14T08:30:00+00:00
IOST,15595,2026-09-09T17:45:00+00:00,wick,limit,open_high,6,2,0.001846,15596,2026-09-09T18:00:00+00:00
IOST,15609,2026-09-09T21:15:00+00:00,wick,limit,open_high,6,2,0.0020707,15610,2026-09-09T21:30:00+00:00
KAT,2362,2026-04-24T21:30:00+00:00,wick,limit,open_high,6,2,0.028252,2363,2026-04-24T21:45:00+00:00
LAB,3076,2026-05-02T08:00:00+00:00,wick,limit,open_high,6,2,1.8164,3077,2026-05-02T08:15:00+00:00
LAB,3091,2026-05-02T11:45:00+00:00,wick,limit,open_high,6,2,2.1576,3092,2026-05-02T12:00:00+00:00
LAB,3106,2026-05-02T15:30:00+00:00,wick,limit,open_high,6,2,2.7506,3107,2026-05-02T15:45:00+00:00
LAB,3109,2026-05-02T16:15:00+00:00,wick,limit,open_high,6,2,3.048,3110,2026-05-02T16:30:00+00:00
LAB,3130,2026-05-02T21:30:00+00:00,wick,limit,open_high,6,2,3.1818,3131,2026-05-02T21:45:00+00:00
LAB,3132,2026-05-02T22:00:00+00:00,wick,limit,open_high,6,2,3.2561,3133,2026-05-02T22:15:00+00:00
NEIRO,1578,2026-04-16T17:30:00+00:00,wick,limit,open_high,6,2,0.00013696,1579,2026-04-16T17:45:00+00:00
ONE,16350,2026-09-17T14:30:00+00:00,wick,limit,open_high,6,2,0.0012153,16351,2026-09-17T14:45:00+00:00
ONE,16572,2026-09-19T22:00:00+00:00,wick,limit,open_high,6,2,0.0043904,16573,2026-09-19T22:15:00+00:00
ONE,16615,2026-09-20T08:45:00+00:00,wick,limit,open_high,6,2,0.0044098,16616,2026-09-20T09:00:00+00:00
OPN,6189,2026-06-03T18:15:00+00:00,wick,limit,open_high,6,2,0.2451,6190,2026-06-03T18:30:00+00:00
OPN,6191,2026-06-03T18:45:00+00:00,wick,limit,open_high,6,2,0.2491,6192,2026-06-03T19:00:00+00:00
OPN,6264,2026-06-04T13:00:00+00:00,wick,limit,open_high,6,2,0.2369,6265,2026-06-04T13:15:00+00:00
ORDI,1539,2026-04-16T07:45:00+00:00,wick,limit,open_high,6,2,5.11,1540,2026-04-16T08:00:00+00:00
ORDI,1573,2026-04-16T16:15:00+00:00,wick,limit,open_high,6,2,8.68,1574,2026-04-16T16:30:00+00:00
PIEVERSE,1914,2026-04-20T05:30:00+00:00,wick,limit,open_high,6,2,1.597,1915,2026-04-20T05:45:00+00:00
RAVE,927,2026-04-09T22:45:00+00:00,wick,limit,open_high,6,2,0.95051,928,2026-04-09T23:00:00+00:00
RAVE,937,2026-04-10T01:15:00+00:00,wick,limit,open_high,6,2,1.06216,938,2026-04-10T01:30:00+00:00
RAVE,970,2026-04-10T09:30:00+00:00,wick,limit,open_high,6,2,1.13392,972,2026-04-10T10:00:00+00:00
RAVE,976,2026-04-10T11:00:00+00:00,wick,limit,open_high,6,2,1.26239,978,2026-04-10T11:30:00+00:00
RAVE,980,2026-04-10T12:00:00+00:00,wick,limit,open_high,6,2,1.27856,981,2026-04-10T12:15:00+00:00
RAVE,984,2026-04-10T13:00:00+00:00,wick,limit,open_high,6,2,1.46367,985,2026-04-10T13:15:00+00:00
RAVE,1008,2026-04-10T19:00:00+00:00,wick,limit,open_high,6,2,1.51957,1009,2026-04-10T19:15:00+00:00
RAVE,1010,2026-04-10T19:30:00+00:00,wick,limit,open_high,6,2,1.57162,1011,2026-04-10T19:45:00+00:00
RAVE,1039,2026-04-11T02:45:00+00:00,wick,limit,open_high,6,2,1.96294,1040,2026-04-11T03:00:00+00:00
RAVE,1051,2026-04-11T05:45:00+00:00,wick,limit,open_high,6,2,2.07999,1052,2026-04-11T06:00:00+00:00
RAVE,1237,2026-04-13T04:15:00+00:00,wick,limit,open_high,6,2,6.2612,1238,2026-04-13T04:30:00+00:00
RAVE,2017,2026-04-21T07:15:00+00:00,wick,limit,open_high,6,2,1.9437,2018,2026-04-21T07:30:00+00:00
RAVE,2030,2026-04-21T10:30:00+00:00,wick,limit,open_high,6,2,1.6896,2031,2026-04-21T10:45:00+00:00
RE,236,2026-06-19T21:30:00+00:00,wick,limit,open_high,6,2,0.85859,237,2026-06-19T21:45:00+00:00
RE,244,2026-06-19T23:30:00+00:00,wick,limit,open_high,6,2,0.89375,245,2026-06-19T23:45:00+00:00
RE,245,2026-06-19T23:45:00+00:00,wick,limit,open_high,6,2,0.90036,246,2026-06-20T00:00:00+00:00
RLS,457,2026-04-05T01:15:00+00:00,wick,limit,open_high,6,2,0.005521,458,2026-04-05T01:30:00+00:00
SOPH,15467,2026-09-08T09:45:00+00:00,wick,limit,open_high,6,2,0.011421,15468,2026-09-08T10:00:00+00:00
UB,361,2026-05-02T07:45:00+00:00,wick,limit,open_high,6,2,0.14961,362,2026-05-02T08:00:00+00:00
AGLD,8448,2026-06-27T07:00:00+00:00,ema_retest,limit,open_high,6,2,0.2116,8449,2026-06-27T07:15:00+00:00
AGLD,8470,2026-06-27T12:30:00+00:00,ema_retest,limit,open_high,6,2,0.2026,8471,2026-06-27T12:45:00+00:00
AKE,276,2026-09-19T04:00:00+00:00,ema_retest,limit,open_high,6,2,0.0438,277,2026-09-19T04:15:00+00:00
AKE,414,2026-09-20T14:30:00+00:00,ema_retest,limit,open_high,6,2,0.05374,415,2026-09-20T14:45:00+00:00
ALLO,5724,2026-05-29T22:00:00+00:00,ema_retest,limit,open_high,6,2,0.25081,5725,2026-05-29T22:15:00+00:00
ALLO,5830,2026-05-31T00:30:00+00:00,ema_retest,limit,open_high,6,2,0.24007,5832,2026-05-31T01:00:00+00:00
ALLO,6682,2026-06-08T21:30:00+00:00,ema_retest,limit,open_high,6,2,0.40392,6683,2026-06-08T21:45:00+00:00
APE,2444,2026-04-25T18:00:00+00:00,ema_retest,limit,open_high,6,2,0.15728,2445,2026-04-25T18:15:00+00:00
APR,13055,2026-08-14T06:45:00+00:00,ema_retest,limit,open_high,6,2,0.4702,13056,2026-08-14T07:00:00+00:00
APR,13117,2026-08-14T22:15:00+00:00,ema_retest,limit,open_high,6,2,0.519,13118,2026-08-14T22:30:00+00:00
APR,13123,2026-08-14T23:45:00+00:00,ema_retest,limit,open_high,6,2,0.5244,13125,2026-08-15T00:15:00+00:00
BASED,1592,2026-04-16T21:00:00+00:00,ema_retest,limit,open_high,6,2,0.1734,1593,2026-04-16T21:15:00+00:00
BASED,1596,2026-04-16T22:00:00+00:00,ema_retest,limit,open_high,6,2,0.17768,1597,2026-04-16T22:15:00+00:00
BASED,1597,2026-04-16T22:15:00+00:00,ema_retest,limit,open_high,6,2,0.17875,1598,2026-04-16T22:30:00+00:00
BASED,1738,2026-04-18T09:30:00+00:00,ema_retest,limit,open_high,6,2,0.11388,1739,2026-04-18T09:45:00+00:00
BEAT,6688,2026-06-08T23:00:00+00:00,ema_retest,limit,open_high,6,2,4.3108,6690,2026-06-08T23:30:00+00:00
BIO,1599,2026-04-16T22:45:00+00:00,ema_retest,limit,open_high,6,2,0.0361,1600,2026-04-16T23:00:00+00:00
BIO,1655,2026-04-17T12:45:00+00:00,ema_retest,limit,open_high,6,2,0.03241,1656,2026-04-17T13:00:00+00:00
BSB,2287,2026-04-26T05:45:00+00:00,ema_retest,limit,open_high,6,2,0.6593,2289,2026-04-26T06:15:00+00:00
BSB,4770,2026-05-22T02:30:00+00:00,ema_retest,limit,open_high,6,2,0.9352,4771,2026-05-22T02:45:00+00:00
BSB,4791,2026-05-22T07:45:00+00:00,ema_retest,limit,open_high,6,2,0.9021,4792,2026-05-22T08:00:00+00:00
BSB,6391,2026-06-07T23:45:00+00:00,ema_retest,limit,open_high,6,2,0.331,6392,2026-06-08T00:00:00+00:00
BSB,6416,2026-06-08T06:00:00+00:00,ema_retest,limit,open_high,6,2,0.2865,6417,2026-06-08T06:15:00+00:00
CHIP,262,2026-04-24T07:30:00+00:00,ema_retest,limit,open_high,6,2,0.09456,264,2026-04-24T08:00:00+00:00
CHIP,270,2026-04-24T09:30:00+00:00,ema_retest,limit,open_high,6,2,0.09588,272,2026-04-24T10:00:00+00:00
COAI,7188,2026-06-14T04:00:00+00:00,ema_retest,limit,open_high,6,2,0.4847,7190,2026-06-14T04:30:00+00:00
EDGE,6170,2026-06-04T20:00:00+00:00,ema_retest,limit,open_high,6,2,0.5575,6171,2026-06-04T20:15:00+00:00
ENJ,991,2026-04-10T14:45:00+00:00,ema_retest,limit,open_high,6,2,0.02919,992,2026-04-10T15:00:00+00:00
H,6079,2026-06-02T14:45:00+00:00,ema_retest,limit,open_high,6,2,0.65968,6080,2026-06-02T15:00:00+00:00
H,6128,2026-06-03T03:00:00+00:00,ema_retest,limit,open_high,6,2,0.68298,6129,2026-06-03T03:15:00+00:00
H,6902,2026-06-11T04:30:00+00:00,ema_retest,limit,open_high,6,2,0.19426,6904,2026-06-11T05:00:00+00:00
H,6931,2026-06-11T11:45:00+00:00,ema_retest,limit,open_high,6,2,0.18529,6932,2026-06-11T12:00:00+00:00
H,7233,2026-06-14T15:15:00+00:00,ema_retest,limit,open_high,6,2,0.3794,7234,2026-06-14T15:30:00+00:00
HMSTR,9278,2026-07-05T22:30:00+00:00,ema_retest,limit,open_high,6,2,0.0003043,9279,2026-07-05T22:45:00+00:00
IOST,15667,2026-09-10T11:45:00+00:00,ema_retest,limit,open_high,6,2,0.0011109,15669,2026-09-10T12:15:00+00:00
IOST,15668,2026-09-10T12:00:00+00:00,ema_retest,limit,open_high,6,2,0.0011109,15669,2026-09-10T12:15:00+00:00
IOST,15719,2026-09-11T00:45:00+00:00,ema_retest,limit,open_high,6,2,0.000997,15720,2026-09-11T01:00:00+00:00
IOST,15747,2026-09-11T07:45:00+00:00,ema_retest,limit,open_high,6,2,0.0009401,15748,2026-09-11T08:00:00+00:00
IOST,15807,2026-09-11T22:45:00+00:00,ema_retest,limit,open_high,6,2,0.0008798,15808,2026-09-11T23:00:00+00:00
IOST,15808,2026-09-11T23:00:00+00:00,ema_retest,limit,open_high,6,2,0.0008808,15809,2026-09-11T23:15:00+00:00
KAT,2508,2026-04-26T10:00:00+00:00,ema_retest,limit,open_high,6,2,0.013,2510,2026-04-26T10:30:00+00:00
KAT,2510,2026-04-26T10:30:00+00:00,ema_retest,limit,open_high,6,2,0.013,2511,2026-04-26T10:45:00+00:00
LAB,3124,2026-05-02T20:00:00+00:00,ema_retest,limit,open_high,6,2,2.1073,3125,2026-05-02T20:15:00+00:00
LAB,3174,2026-05-03T08:30:00+00:00,ema_retest,limit,open_high,6,2,1.138,3175,2026-05-03T08:45:00+00:00
LAB,3429,2026-05-06T00:15:00+00:00,ema_retest,limit,open_high,6,2,2.6577,3430,2026-05-06T00:30:00+00:00
LAB,3432,2026-05-06T01:00:00+00:00,ema_retest,limit,open_high,6,2,2.6561,3434,2026-05-06T01:30:00+00:00
LAB,6335,2026-06-05T06:45:00+00:00,ema_retest,limit,open_high,6,2,11.4,6336,2026-06-05T07:00:00+00:00
LAB,6356,2026-06-05T12:00:00+00:00,ema_retest,limit,open_high,6,2,10.812,6357,2026-06-05T12:15:00+00:00
LAB,9256,2026-07-05T17:00:00+00:00,ema_retest,limit,open_high,6,2,16.079,9258,2026-07-05T17:30:00+00:00
MMT,11771,2026-07-31T21:45:00+00:00,ema_retest,limit,open_high,6,2,0.1975,11772,2026-07-31T22:00:00+00:00
MMT,11832,2026-08-01T13:00:00+00:00,ema_retest,limit,open_high,6,2,0.1919,11833,2026-08-01T13:15:00+00:00
MUBARAK,16880,2026-09-23T03:00:00+00:00,ema_retest,limit,open_high,6,2,0.07826,16881,2026-09-23T03:15:00+00:00
MUBARAK,16964,2026-09-24T00:00:00+00:00,ema_retest,limit,open_high,6,2,0.052985,16965,2026-09-24T00:15:00+00:00
MUBARAK,16968,2026-09-24T01:00:00+00:00,ema_retest,limit,open_high,6,2,0.052985,16970,2026-09-24T01:30:00+00:00
NEIRO,1672,2026-04-17T17:00:00+00:00,ema_retest,limit,open_high,6,2,0.0001025,1673,2026-04-17T17:15:00+00:00
NEIRO,1700,2026-04-18T00:00:00+00:00,ema_retest,limit,open_high,6,2,0.00010346,1701,2026-04-18T00:15:00+00:00
ONE,16434,2026-09-18T11:30:00+00:00,ema_retest,limit,open_high,6,2,0.0016056,16436,2026-09-18T12:00:00+00:00
OPN,6222,2026-06-04T02:30:00+00:00,ema_retest,limit,open_high,6,2,0.213,6224,2026-06-04T03:00:00+00:00
ORDI,1633,2026-04-17T07:15:00+00:00,ema_retest,limit,open_high,6,2,7.869,1634,2026-04-17T07:30:00+00:00
ORDI,1657,2026-04-17T13:15:00+00:00,ema_retest,limit,open_high,6,2,7.238,1658,2026-04-17T13:30:00+00:00
ORDI,1772,2026-04-18T18:00:00+00:00,ema_retest,limit,open_high,6,2,5.413,1773,2026-04-18T18:15:00+00:00
PIEVERSE,1961,2026-04-20T17:15:00+00:00,ema_retest,limit,open_high,6,2,0.9411,1962,2026-04-20T17:30:00+00:00
PIEVERSE,1973,2026-04-20T20:15:00+00:00,ema_retest,limit,open_high,6,2,0.8621,1974,2026-04-20T20:30:00+00:00
PIEVERSE,2057,2026-04-21T17:15:00+00:00,ema_retest,limit,open_high,6,2,0.9267,2058,2026-04-21T17:30:00+00:00
RAVE,1171,2026-04-12T11:45:00+00:00,ema_retest,limit,open_high,6,2,2.61866,1173,2026-04-12T12:15:00+00:00
RE,342,2026-06-21T00:00:00+00:00,ema_retest,limit,open_high,6,2,1.01723,343,2026-06-21T00:15:00+00:00
RLS,612,2026-04-06T16:00:00+00:00,ema_retest,limit,open_high,6,2,0.003706,613,2026-04-06T16:15:00+00:00
RLS,648,2026-04-07T01:00:00+00:00,ema_retest,limit,open_high,6,2,0.003579,649,2026-04-07T01:15:00+00:00
RLS,3003,2026-05-01T13:45:00+00:00,ema_retest,limit,open_high,6,2,0.005707,3004,2026-05-01T14:00:00+00:00
SOON,1688,2026-04-17T21:00:00+00:00,ema_retest,limit,open_high,6,2,0.2252,1689,2026-04-17T21:15:00+00:00
SOPH,15545,2026-09-09T05:15:00+00:00,ema_retest,limit,open_high,6,2,0.005315,15546,2026-09-09T05:30:00+00:00
SPK,2316,2026-04-24T10:00:00+00:00,ema_retest,limit,open_high,6,2,0.04555,2317,2026-04-24T10:15:00+00:00
SPK,2345,2026-04-24T17:15:00+00:00,ema_retest,limit,open_high,6,2,0.04405,2346,2026-04-24T17:30:00+00:00
SPK,2352,2026-04-24T19:00:00+00:00,ema_retest,limit,open_high,6,2,0.04408,2353,2026-04-24T19:15:00+00:00
TRUMP,13891,2026-08-22T23:45:00+00:00,ema_retest,limit,open_high,6,2,2.384,13892,2026-08-23T00:00:00+00:00
UB,316,2026-05-01T20:30:00+00:00,ema_retest,limit,open_high,6,2,0.10294,317,2026-05-01T20:45:00+00:00
