symbol,signal_index,signal_utc,entry_mode,order_mode,limit_kind,lookback_bars,wait_bars,order_price,fill_index,entry_utc
ALLO,5658,2026-05-29T05:30:00+00:00,wick,limit,body_high,6,4,0.21244,5659,2026-05-29T05:45:00+00:00
ALLO,6450,2026-06-06T11:30:00+00:00,wick,limit,body_high,6,4,0.43426,6452,2026-06-06T12:00:00+00:00
ALLO,6476,2026-06-06T18:00:00+00:00,wick,limit,body_high,6,4,0.45464,6477,2026-06-06T18:15:00+00:00
APR,12901,2026-08-12T16:15:00+00:00,wick,limit,body_high,6,4,0.4319,12902,2026-08-12T16:30:00+00:00
APR,12903,2026-08-12T16:45:00+00:00,wick,limit,body_high,6,4,0.4319,12904,2026-08-12T17:00:00+00:00
APR,12906,2026-08-12T17:30:00+00:00,wick,limit,body_high,6,4,0.4426,12910,2026-08-12T18:30:00+00:00
APR,12911,2026-08-12T18:45:00+00:00,wick,limit,body_high,6,4,0.4466,12913,2026-08-12T19:15:00+00:00
APR,12916,2026-08-12T20:00:00+00:00,wick,limit,body_high,6,4,0.4471,12920,2026-08-12T21:00:00+00:00
BASED,1568,2026-04-16T15:00:00+00:00,wick,limit,body_high,6,4,0.21382,1569,2026-04-16T15:15:00+00:00
BEAT,6625,2026-06-08T07:15:00+00:00,wick,limit,body_high,6,4,4.2496,6626,2026-06-08T07:30:00+00:00
CHIP,142,2026-04-23T01:30:00+00:00,wick,limit,body_high,6,4,0.13433,143,2026-04-23T01:45:00+00:00
H,7202,2026-06-14T07:30:00+00:00,wick,limit,body_high,6,4,0.53219,7203,2026-06-14T07:45:00+00:00
H,7205,2026-06-14T08:15:00+00:00,wick,limit,body_high,6,4,0.57519,7206,2026-06-14T08:30:00+00:00
H,7213,2026-06-14T10:15:00+00:00,wick,limit,body_high,6,4,0.59178,7216,2026-06-14T11:00:00+00:00
IOST,15595,2026-09-09T17:45:00+00:00,wick,limit,body_high,6,4,0.0018722,15596,2026-09-09T18:00:00+00:00
IOST,15609,2026-09-09T21:15:00+00:00,wick,limit,body_high,6,4,0.002076,15610,2026-09-09T21:30:00+00:00
LAB,3076,2026-05-02T08:00:00+00:00,wick,limit,body_high,6,4,1.8187,3077,2026-05-02T08:15:00+00:00
LAB,3091,2026-05-02T11:45:00+00:00,wick,limit,body_high,6,4,2.1576,3092,2026-05-02T12:00:00+00:00
LAB,3106,2026-05-02T15:30:00+00:00,wick,limit,body_high,6,4,2.828,3107,2026-05-02T15:45:00+00:00
LAB,3109,2026-05-02T16:15:00+00:00,wick,limit,body_high,6,4,3.1695,3110,2026-05-02T16:30:00+00:00
LAB,3130,2026-05-02T21:30:00+00:00,wick,limit,body_high,6,4,3.2471,3131,2026-05-02T21:45:00+00:00
NEIRO,1578,2026-04-16T17:30:00+00:00,wick,limit,body_high,6,4,0.00013898,1579,2026-04-16T17:45:00+00:00
ONE,16350,2026-09-17T14:30:00+00:00,wick,limit,body_high,6,4,0.0012243,16352,2026-09-17T15:00:00+00:00
ONE,16572,2026-09-19T22:00:00+00:00,wick,limit,body_high,6,4,0.0043904,16573,2026-09-19T22:15:00+00:00
OPN,6189,2026-06-03T18:15:00+00:00,wick,limit,body_high,6,4,0.2489,6190,2026-06-03T18:30:00+00:00
OPN,6191,2026-06-03T18:45:00+00:00,wick,limit,body_high,6,4,0.2506,6192,2026-06-03T19:00:00+00:00
ORDI,1539,2026-04-16T07:45:00+00:00,wick,limit,body_high,6,4,5.181,1542,2026-04-16T08:30:00+00:00
RAVE,927,2026-04-09T22:45:00+00:00,wick,limit,body_high,6,4,0.9636,928,2026-04-09T23:00:00+00:00
RAVE,937,2026-04-10T01:15:00+00:00,wick,limit,body_high,6,4,1.07281,939,2026-04-10T01:45:00+00:00
RAVE,970,2026-04-10T09:30:00+00:00,wick,limit,body_high,6,4,1.13435,972,2026-04-10T10:00:00+00:00
RAVE,976,2026-04-10T11:00:00+00:00,wick,limit,body_high,6,4,1.26239,978,2026-04-10T11:30:00+00:00
RAVE,980,2026-04-10T12:00:00+00:00,wick,limit,body_high,6,4,1.27856,981,2026-04-10T12:15:00+00:00
RAVE,984,2026-04-10T13:00:00+00:00,wick,limit,body_high,6,4,1.50896,985,2026-04-10T13:15:00+00:00
RAVE,1008,2026-04-10T19:00:00+00:00,wick,limit,body_high,6,4,1.5217,1009,2026-04-10T19:15:00+00:00
RAVE,1010,2026-04-10T19:30:00+00:00,wick,limit,body_high,6,4,1.57667,1012,2026-04-10T20:00:00+00:00
RAVE,1051,2026-04-11T05:45:00+00:00,wick,limit,body_high,6,4,2.08189,1052,2026-04-11T06:00:00+00:00
RAVE,1237,2026-04-13T04:15:00+00:00,wick,limit,body_high,6,4,6.29936,1238,2026-04-13T04:30:00+00:00
RAVE,2017,2026-04-21T07:15:00+00:00,wick,limit,body_high,6,4,1.953,2019,2026-04-21T07:45:00+00:00
RAVE,2030,2026-04-21T10:30:00+00:00,wick,limit,body_high,6,4,1.725,2033,2026-04-21T11:15:00+00:00
RE,236,2026-06-19T21:30:00+00:00,wick,limit,body_high,6,4,0.87345,240,2026-06-19T22:30:00+00:00
RE,244,2026-06-19T23:30:00+00:00,wick,limit,body_high,6,4,0.90038,245,2026-06-19T23:45:00+00:00
RE,245,2026-06-19T23:45:00+00:00,wick,limit,body_high,6,4,0.90038,246,2026-06-20T00:00:00+00:00
RLS,457,2026-04-05T01:15:00+00:00,wick,limit,body_high,6,4,0.005686,461,2026-04-05T02:15:00+00:00
UB,361,2026-05-02T07:45:00+00:00,wick,limit,body_high,6,4,0.14962,362,2026-05-02T08:00:00+00:00
AGLD,8448,2026-06-27T07:00:00+00:00,ema_retest,limit,body_high,6,4,0.2144,8449,2026-06-27T07:15:00+00:00
AKE,276,2026-09-19T04:00:00+00:00,ema_retest,limit,body_high,6,4,0.0438,277,2026-09-19T04:15:00+00:00
ALLO,5724,2026-05-29T22:00:00+00:00,ema_retest,limit,body_high,6,4,0.25083,5725,2026-05-29T22:15:00+00:00
ALLO,5757,2026-05-30T06:15:00+00:00,ema_retest,limit,body_high,6,4,0.2584,5760,2026-05-30T07:00:00+00:00
ALLO,5830,2026-05-31T00:30:00+00:00,ema_retest,limit,body_high,6,4,0.24018,5832,2026-05-31T01:00:00+00:00
ALLO,6682,2026-06-08T21:30:00+00:00,ema_retest,limit,body_high,6,4,0.40589,6683,2026-06-08T21:45:00+00:00
APE,2444,2026-04-25T18:00:00+00:00,ema_retest,limit,body_high,6,4,0.15763,2445,2026-04-25T18:15:00+00:00
APE,2513,2026-04-26T11:15:00+00:00,ema_retest,limit,body_high,6,4,0.15519,2517,2026-04-26T12:15:00+00:00
APR,12984,2026-08-13T13:00:00+00:00,ema_retest,limit,body_high,6,4,0.4935,12988,2026-08-13T14:00:00+00:00
APR,13055,2026-08-14T06:45:00+00:00,ema_retest,limit,body_high,6,4,0.4711,13056,2026-08-14T07:00:00+00:00
APR,13117,2026-08-14T22:15:00+00:00,ema_retest,limit,body_high,6,4,0.5191,13118,2026-08-14T22:30:00+00:00
APR,13123,2026-08-14T23:45:00+00:00,ema_retest,limit,body_high,6,4,0.5245,13125,2026-08-15T00:15:00+00:00
BASED,1592,2026-04-16T21:00:00+00:00,ema_retest,limit,body_high,6,4,0.17701,1594,2026-04-16T21:30:00+00:00
BASED,1596,2026-04-16T22:00:00+00:00,ema_retest,limit,body_high,6,4,0.17876,1597,2026-04-16T22:15:00+00:00
BASED,1597,2026-04-16T22:15:00+00:00,ema_retest,limit,body_high,6,4,0.17876,1598,2026-04-16T22:30:00+00:00
BASED,1660,2026-04-17T14:00:00+00:00,ema_retest,limit,body_high,6,4,0.12879,1663,2026-04-17T14:45:00+00:00
BASED,1738,2026-04-18T09:30:00+00:00,ema_retest,limit,body_high,6,4,0.11388,1739,2026-04-18T09:45:00+00:00
BEAT,6688,2026-06-08T23:00:00+00:00,ema_retest,limit,body_high,6,4,4.3108,6690,2026-06-08T23:30:00+00:00
BIO,1599,2026-04-16T22:45:00+00:00,ema_retest,limit,body_high,6,4,0.0361,1600,2026-04-16T23:00:00+00:00
BIO,1655,2026-04-17T12:45:00+00:00,ema_retest,limit,body_high,6,4,0.03242,1656,2026-04-17T13:00:00+00:00
BSB,2287,2026-04-26T05:45:00+00:00,ema_retest,limit,body_high,6,4,0.6595,2289,2026-04-26T06:15:00+00:00
BSB,4770,2026-05-22T02:30:00+00:00,ema_retest,limit,body_high,6,4,0.9535,4772,2026-05-22T03:00:00+00:00
BSB,4791,2026-05-22T07:45:00+00:00,ema_retest,limit,body_high,6,4,0.9039,4792,2026-05-22T08:00:00+00:00
BSB,6391,2026-06-07T23:45:00+00:00,ema_retest,limit,body_high,6,4,0.3351,6392,2026-06-08T00:00:00+00:00
BSB,6416,2026-06-08T06:00:00+00:00,ema_retest,limit,body_high,6,4,0.2903,6417,2026-06-08T06:15:00+00:00
CHIP,262,2026-04-24T07:30:00+00:00,ema_retest,limit,body_high,6,4,0.0951,266,2026-04-24T08:30:00+00:00
CHIP,270,2026-04-24T09:30:00+00:00,ema_retest,limit,body_high,6,4,0.09588,272,2026-04-24T10:00:00+00:00
COAI,7188,2026-06-14T04:00:00+00:00,ema_retest,limit,body_high,6,4,0.4847,7190,2026-06-14T04:30:00+00:00
COAI,7334,2026-06-15T16:30:00+00:00,ema_retest,limit,body_high,6,4,0.3358,7338,2026-06-15T17:30:00+00:00
EDGE,6096,2026-06-04T01:30:00+00:00,ema_retest,limit,body_high,6,4,0.6362,6100,2026-06-04T02:30:00+00:00
EDGE,6170,2026-06-04T20:00:00+00:00,ema_retest,limit,body_high,6,4,0.5575,6171,2026-06-04T20:15:00+00:00
ENJ,991,2026-04-10T14:45:00+00:00,ema_retest,limit,body_high,6,4,0.02919,992,2026-04-10T15:00:00+00:00
ENJ,1033,2026-04-11T01:15:00+00:00,ema_retest,limit,body_high,6,4,0.02846,1036,2026-04-11T02:00:00+00:00
H,6128,2026-06-03T03:00:00+00:00,ema_retest,limit,body_high,6,4,0.68298,6129,2026-06-03T03:15:00+00:00
H,6902,2026-06-11T04:30:00+00:00,ema_retest,limit,body_high,6,4,0.19431,6904,2026-06-11T05:00:00+00:00
H,6931,2026-06-11T11:45:00+00:00,ema_retest,limit,body_high,6,4,0.18529,6932,2026-06-11T12:00:00+00:00
H,7233,2026-06-14T15:15:00+00:00,ema_retest,limit,body_high,6,4,0.40795,7234,2026-06-14T15:30:00+00:00
HMSTR,9278,2026-07-05T22:30:00+00:00,ema_retest,limit,body_high,6,4,0.0003098,9280,2026-07-05T23:00:00+00:00
IOST,15667,2026-09-10T11:45:00+00:00,ema_retest,limit,body_high,6,4,0.0011109,15669,2026-09-10T12:15:00+00:00
IOST,15668,2026-09-10T12:00:00+00:00,ema_retest,limit,body_high,6,4,0.0011109,15669,2026-09-10T12:15:00+00:00
IOST,15716,2026-09-11T00:00:00+00:00,ema_retest,limit,body_high,6,4,0.000997,15719,2026-09-11T00:45:00+00:00
IOST,15719,2026-09-11T00:45:00+00:00,ema_retest,limit,body_high,6,4,0.000997,15720,2026-09-11T01:00:00+00:00
IOST,15747,2026-09-11T07:45:00+00:00,ema_retest,limit,body_high,6,4,0.0009401,15748,2026-09-11T08:00:00+00:00
IOST,15807,2026-09-11T22:45:00+00:00,ema_retest,limit,body_high,6,4,0.0008809,15808,2026-09-11T23:00:00+00:00
IOST,15808,2026-09-11T23:00:00+00:00,ema_retest,limit,body_high,6,4,0.0008809,15809,2026-09-11T23:15:00+00:00
KAT,2508,2026-04-26T10:00:00+00:00,ema_retest,limit,body_high,6,4,0.013,2510,2026-04-26T10:30:00+00:00
KAT,2510,2026-04-26T10:30:00+00:00,ema_retest,limit,body_high,6,4,0.013,2511,2026-04-26T10:45:00+00:00
LAB,3124,2026-05-02T20:00:00+00:00,ema_retest,limit,body_high,6,4,2.1462,3125,2026-05-02T20:15:00+00:00
LAB,3174,2026-05-03T08:30:00+00:00,ema_retest,limit,body_high,6,4,1.1406,3175,2026-05-03T08:45:00+00:00
LAB,3429,2026-05-06T00:15:00+00:00,ema_retest,limit,body_high,6,4,2.6577,3430,2026-05-06T00:30:00+00:00
LAB,3432,2026-05-06T01:00:00+00:00,ema_retest,limit,body_high,6,4,2.6561,3434,2026-05-06T01:30:00+00:00
LAB,6335,2026-06-05T06:45:00+00:00,ema_retest,limit,body_high,6,4,11.4,6336,2026-06-05T07:00:00+00:00
LAB,6356,2026-06-05T12:00:00+00:00,ema_retest,limit,body_high,6,4,10.822,6357,2026-06-05T12:15:00+00:00
LAB,6378,2026-06-05T17:30:00+00:00,ema_retest,limit,body_high,6,4,12.355,6382,2026-06-05T18:30:00+00:00
LAB,9247,2026-07-05T14:45:00+00:00,ema_retest,limit,body_high,6,4,16.169,9251,2026-07-05T15:45:00+00:00
LAB,9256,2026-07-05T17:00:00+00:00,ema_retest,limit,body_high,6,4,16.079,9258,2026-07-05T17:30:00+00:00
MMT,11771,2026-07-31T21:45:00+00:00,ema_retest,limit,body_high,6,4,0.1987,11772,2026-07-31T22:00:00+00:00
MMT,11832,2026-08-01T13:00:00+00:00,ema_retest,limit,body_high,6,4,0.193,11834,2026-08-01T13:30:00+00:00
MUBARAK,16880,2026-09-23T03:00:00+00:00,ema_retest,limit,body_high,6,4,0.07826,16881,2026-09-23T03:15:00+00:00
MUBARAK,16963,2026-09-23T23:45:00+00:00,ema_retest,limit,body_high,6,4,0.053335,16967,2026-09-24T00:45:00+00:00
MUBARAK,16964,2026-09-24T00:00:00+00:00,ema_retest,limit,body_high,6,4,0.052986,16965,2026-09-24T00:15:00+00:00
MUBARAK,16968,2026-09-24T01:00:00+00:00,ema_retest,limit,body_high,6,4,0.053033,16970,2026-09-24T01:30:00+00:00
NEIRO,1672,2026-04-17T17:00:00+00:00,ema_retest,limit,body_high,6,4,0.0001025,1673,2026-04-17T17:15:00+00:00
NEIRO,1700,2026-04-18T00:00:00+00:00,ema_retest,limit,body_high,6,4,0.00010346,1701,2026-04-18T00:15:00+00:00
ONE,16434,2026-09-18T11:30:00+00:00,ema_retest,limit,body_high,6,4,0.0016056,16436,2026-09-18T12:00:00+00:00
ONE,16436,2026-09-18T12:00:00+00:00,ema_retest,limit,body_high,6,4,0.0015939,16440,2026-09-18T13:00:00+00:00
ONE,16644,2026-09-20T16:00:00+00:00,ema_retest,limit,body_high,6,4,0.0040964,16648,2026-09-20T17:00:00+00:00
OPN,6222,2026-06-04T02:30:00+00:00,ema_retest,limit,body_high,6,4,0.2154,6225,2026-06-04T03:15:00+00:00
ORDI,1772,2026-04-18T18:00:00+00:00,ema_retest,limit,body_high,6,4,5.424,1773,2026-04-18T18:15:00+00:00
PIEVERSE,1961,2026-04-20T17:15:00+00:00,ema_retest,limit,body_high,6,4,0.9411,1962,2026-04-20T17:30:00+00:00
PIEVERSE,1973,2026-04-20T20:15:00+00:00,ema_retest,limit,body_high,6,4,0.8633,1974,2026-04-20T20:30:00+00:00
PIEVERSE,2057,2026-04-21T17:15:00+00:00,ema_retest,limit,body_high,6,4,0.9282,2058,2026-04-21T17:30:00+00:00
PIEVERSE,2058,2026-04-21T17:30:00+00:00,ema_retest,limit,body_high,6,4,0.9282,2062,2026-04-21T18:30:00+00:00
RAVE,1171,2026-04-12T11:45:00+00:00,ema_retest,limit,body_high,6,4,2.61866,1173,2026-04-12T12:15:00+00:00
RAVE,2039,2026-04-21T12:45:00+00:00,ema_retest,limit,body_high,6,4,1.7456,2043,2026-04-21T13:45:00+00:00
RAVE,2040,2026-04-21T13:00:00+00:00,ema_retest,limit,body_high,6,4,1.7456,2043,2026-04-21T13:45:00+00:00
RAVE,2122,2026-04-22T09:30:00+00:00,ema_retest,limit,body_high,6,4,1.4292,2125,2026-04-22T10:15:00+00:00
RE,342,2026-06-21T00:00:00+00:00,ema_retest,limit,body_high,6,4,1.01723,343,2026-06-21T00:15:00+00:00
RE,345,2026-06-21T00:45:00+00:00,ema_retest,limit,body_high,6,4,1.01795,348,2026-06-21T01:30:00+00:00
RLS,612,2026-04-06T16:00:00+00:00,ema_retest,limit,body_high,6,4,0.003741,613,2026-04-06T16:15:00+00:00
RLS,615,2026-04-06T16:45:00+00:00,ema_retest,limit,body_high,6,4,0.003741,618,2026-04-06T17:30:00+00:00
RLS,648,2026-04-07T01:00:00+00:00,ema_retest,limit,body_high,6,4,0.003604,649,2026-04-07T01:15:00+00:00
RLS,3003,2026-05-01T13:45:00+00:00,ema_retest,limit,body_high,6,4,0.005727,3004,2026-05-01T14:00:00+00:00
SOON,1688,2026-04-17T21:00:00+00:00,ema_retest,limit,body_high,6,4,0.2252,1689,2026-04-17T21:15:00+00:00
SOON,1768,2026-04-18T17:00:00+00:00,ema_retest,limit,body_high,6,4,0.1915,1771,2026-04-18T17:45:00+00:00
SOPH,15545,2026-09-09T05:15:00+00:00,ema_retest,limit,body_high,6,4,0.005335,15549,2026-09-09T06:15:00+00:00
SPK,2345,2026-04-24T17:15:00+00:00,ema_retest,limit,body_high,6,4,0.0441,2346,2026-04-24T17:30:00+00:00
SPK,2352,2026-04-24T19:00:00+00:00,ema_retest,limit,body_high,6,4,0.04408,2353,2026-04-24T19:15:00+00:00
TRUMP,13891,2026-08-22T23:45:00+00:00,ema_retest,limit,body_high,6,4,2.385,13892,2026-08-23T00:00:00+00:00
UB,316,2026-05-01T20:30:00+00:00,ema_retest,limit,body_high,6,4,0.10333,317,2026-05-01T20:45:00+00:00
