symbol,signal_index,signal_ts,entry_ts,exit_ts,exit_index,entry,exit,stop,target,net_r,notional_return,margin_return_2x_pct,adverse_return,reason,entry_mode,initial_stop,tp1_ts,tp1_fraction,bars_held,notional_usdt,margin_usdt,equity_before,pnl_usdt,equity_after
RLS,457,1775352600000,1775352600000,1775357100000,462,0.0055198958,0.006121195422857143,0.0061199714285714284,0.004919820171428571,-1.0136793574486114,-0.1101985072962532,-22.03970145925064,-0.1101985072962532,stop,wick,0.0061199714285714284,,0.0,5,459.93334316384016,229.96667158192008,10000.0,-50.68396787243057,9949.31603212757
RLS,612,1775492100000,1775492100000,1775523600000,647,0.0037052588,0.003531054155331429,0.004014821428571428,0.003395696171428572,0.5487188737195328,0.04584372268284529,9.168744536569058,-0.047517765938508726,trailing_stop,ema_retest,0.004014821428571428,1775517300000,0.5,35,595.4334822673147,297.71674113365737,9949.31603212757,27.296887437143656,9976.612919564714
ENJ,849,1775705400000,1775705400000,1775708100000,852,0.037472504000000004,0.03326712438017143,0.041684535714285716,0.03326047228571429,0.988343897953397,0.111093078882598,22.218615776519602,-0.009345519979129075,target,wick,0.041684535714285716,,0.0,3,443.78662471471773,221.89331235735887,9976.612919564714,49.301622506474054,10025.914542071188
RAVE,927,1775775600000,1775775600000,1775776500000,928,0.9503198979999999,0.8305015416663427,1.0703043214285715,0.8303354745714284,0.9897106647393356,0.12495777865934724,24.991555731869447,-0.020872401217468767,target,wick,1.0703043214285715,,0.0,1,397.0442917805019,198.52214589025095,10025.914542071188,49.61377273026524,10075.528314801453
RAVE,970,1775814300000,1775815200000,1775817000000,973,1.1336932160000002,1.1800944359785712,1.1798584642857142,1.0875279677142862,-1.0351832675953965,-0.042153813655490896,-8.430762731098179,-0.042153813655490896,stop,wick,1.1798584642857142,,0.0,2,1237.1381636910933,618.5690818455466,10075.528314801453,-52.15009161833054,10023.378223183123
ENJ,991,1775833200000,1775833200000,1775835900000,994,0.029184162,0.02961070667142857,0.029604785714285712,0.028763538285714287,-1.0979447352740808,-0.0158243910731933,-3.1648782146386596,-0.0158243910731933,stop,ema_retest,0.029604785714285712,,0.0,3,3477.2634532672705,1738.6317266336353,10023.378223183123,-55.0255767490239,9968.3526464341
RAVE,1008,1775848500000,1775848500000,1775854800000,1015,1.519266086,1.6300244039785716,1.6296984642857144,1.4088337077142856,-1.0200621776080228,-0.07414625608417534,-14.829251216835068,-0.07414625608417534,stop,wick,1.6296984642857144,,0.0,7,685.6947366393354,342.8473683196677,9968.3526464341,-50.841697538431326,9917.510948895668
RAVE,1039,1775876400000,1775876400000,1775887200000,1051,1.962547412,2.1259799323928568,2.125554821428571,1.7995400025714288,-1.0176570340023874,-0.08452567096478,-16.905134192956,-0.08452567096478,stop,wick,2.125554821428571,,0.0,12,597.0153600522582,298.5076800261291,9917.510948895668,-50.46312388469684,9867.047825010972
RAVE,1171,1775995200000,1775996100000,1775997000000,1173,2.618136268,2.6911908091071433,2.690652678571429,2.5456198574285716,-1.0513501254769195,-0.02912000352512107,-5.824000705024214,-0.02912000352512107,stop,ema_retest,2.690652678571429,,0.0,1,1781.202045522232,890.601022761116,9867.047825010972,-51.86860984456026,9815.179215166412
RAVE,1237,1776054600000,1776054600000,1776062700000,1246,6.25994776,6.612270368207143,6.610948178571428,5.908947341428572,-1.0257706829793931,-0.05751580570443398,-11.503161140886796,-0.05751580570443398,stop,wick,6.610948178571428,,0.0,9,875.248374233435,437.6241871167175,9815.179215166412,-50.340615435531966,9764.83859973088
ORDI,1539,1776326400000,1776326400000,1776327300000,1540,5.1089780000000005,4.779286666200002,5.4396249999999995,4.778331000000001,0.9791662256130546,0.06337047742234918,12.674095484469836,-0.007281143798231252,target,wick,5.4396249999999995,,0.0,1,754.4049330490828,377.2024665245414,9764.83859973088,47.807000777095745,9812.645600507976
BASED,1568,1776352500000,1776352500000,1776355200000,1571,0.209018188,0.23870630314285715,0.23865857142857144,0.17937780457142855,-1.010673492457809,-0.14332125890184674,-28.664251780369348,-0.14332125890184674,stop,wick,0.23865857142857144,,0.0,3,345.9842899547808,172.9921449773904,9812.645600507976,-49.58690399658076,9763.058696511396
ORDI,1573,1776357000000,1776357000000,1776375000000,1593,8.678264,7.353155479885716,10.004842857142856,7.351685142857145,0.9916407617558548,0.15158442615093903,30.316885230187808,-0.07852050594911603,target,wick,10.004842857142856,,0.0,20,319.3417427076399,159.67087135381996,9763.058696511396,48.40723481437842,9811.465931325774
BASED,1596,1776377700000,1776377700000,1776384900000,1604,0.177644464,0.17089783301777142,0.19120607142857143,0.16408285657142857,0.4820597881520135,0.03680106577381391,7.360213154762782,-0.031233715401342274,trailing_stop,ema_retest,0.19120607142857143,1776384000000,0.5,8,642.6054638451621,321.3027319225811,9811.465931325774,23.64856594157801,9835.114497267352
ORDI,1633,1776411000000,1776411000000,1776415500000,1638,7.8674262,7.568951001788571,8.467403571428571,7.267448828571428,0.4820404662957972,0.03676086238856048,7.352172477712096,-0.009105596323229525,trailing_stop,ema_retest,8.467403571428571,1776412800000,0.5,5,644.8329650463567,322.41648252317833,9835.114497267352,23.704615891676546,9858.819113159028
BIO,1655,1776430800000,1776430800000,1776432600000,1657,0.032403518,0.03284017386428571,0.032833607142857144,0.031973428857142855,-1.1062871204873086,-0.014683655009443264,-2.9367310018886528,-0.014683655009443264,stop,ema_retest,0.032833607142857144,,0.0,2,3713.886154737258,1856.943077368629,9858.819113159028,-54.53342304050972,9804.285690118519
ORDI,1657,1776432600000,1776432600000,1776456900000,1684,7.236552400000001,6.626039842980001,7.645175,6.8279298000000015,1.473719274641718,0.08321573152350997,16.643146304701993,-0.0027067033964957364,trailing_stop,ema_retest,7.645175,1776433500000,0.5,27,868.1510413412395,434.07552067061977,9804.285690118519,72.2438239781082,9876.529514096626
SOON,1688,1776460500000,1776460500000,1776461400000,1690,0.22515496000000002,0.22420514920628573,0.2281892857142857,0.22212063428571432,0.22416668223458572,0.0030210070797041856,0.6042014159408371,-0.010045704647145999,stop_gap,ema_retest,0.2281892857142857,1776461400000,0.5,2,3664.322516886981,1832.1612584434904,9876.529514096626,11.069944265835028,9887.599458362462
NEIRO,1700,1776471300000,1776471300000,1776472200000,1702,0.000103439308,0.00010280886566159999,0.000104842,0.000102036616,0.36122928925455644,0.004898461174963113,0.9796922349926227,-0.003438615645031184,stop_gap,ema_retest,0.000104842,1776472200000,0.5,2,3645.7270938815855,1822.8635469407927,9887.599458362462,17.85845262389005,9905.457910986352
BASED,1738,1776505500000,1776505500000,1776507300000,1740,0.11385722399999999,0.11283548787077143,0.11594582142857142,0.11176862657142857,0.42407430459776363,0.007779220948739316,1.5558441897478632,-0.002479315778856479,trailing_stop,ema_retest,0.11594582142857142,1776506400000,0.5,2,2699.916998761105,1349.9584993805524,9905.457910986352,21.00325087661977,9926.461161862971
ORDI,1772,1776536100000,1776536100000,1776561300000,1800,5.4119174,5.297446320265714,5.517310714285714,5.306524085714286,1.0251642832791312,0.019964358935361134,3.9928717870722266,-0.005113899609776091,trailing_stop,ema_retest,5.517310714285714,1776537900000,0.5,28,2548.605110599137,1274.3025552995684,9926.461161862971,50.88126721249693,9977.342429075468
PIEVERSE,1914,1776663900000,1776663900000,1776664800000,1915,1.5966806,1.4410832875971429,1.7525660714285713,1.4407951285714287,0.986459178402397,0.09630896377791452,19.261792755582903,-0.007492244302335678,target,wick,1.7525660714285713,,0.0,1,510.97222050488807,255.48611025244404,9977.342429075468,49.211205076125815,10026.553634151594
PIEVERSE,1961,1776706200000,1776706200000,1776717000000,1973,0.9409117800000001,0.8901367360345716,1.0003560714285713,0.8814674885714289,0.8356801580434248,0.0527960388122761,10.55920776245522,-0.020426911993810814,trailing_stop,ema_retest,1.0003560714285713,1776710700000,0.5,12,793.524676672372,396.762338336186,10026.553634151594,41.894959628093396,10068.448593779687
RAVE,2017,1776756600000,1776756600000,1776757500000,2018,1.94331126,1.6959820057182855,2.190979642857143,1.6956428771428569,0.9898141841693426,0.1261484371383118,25.229687427662363,-0.0041753067390758744,target,wick,2.190979642857143,,0.0,1,395.0066071677206,197.5033035838603,10068.448593779687,49.82946615351503,10118.278059933202
PIEVERSE,2057,1776792600000,1776792600000,1776797100000,2062,0.9265146599999999,0.9162357362194284,0.9474389285714285,0.9055903914285713,0.43840354617535543,0.009900840147353778,1.9801680294707555,-0.020395405387325545,trailing_stop,ema_retest,0.9474389285714285,1776795300000,0.5,5,2240.1578636983663,1120.0789318491832,10118.278059933202,22.179444913315056,10140.457504846518
CHIP,142,1776908700000,1776908700000,1776911400000,145,0.1319736,0.12002391426857144,0.1439472857142857,0.1199999142857143,0.985368039916961,0.08940035903292337,17.880071806584674,-0.03663533126625318,target,wick,0.1439472857142857,,0.0,3,558.8390719847152,279.4195359923576,10140.457504846518,49.96041367705925,10190.417918523577
CHIP,262,1777016700000,1777017600000,1777019400000,265,0.09454108800000001,0.0936647362014,0.09633125000000001,0.09275092600000001,0.4264576636523197,0.008075095392166028,1.6150190784332057,-0.0026589075429297388,trailing_stop,ema_retest,0.09633125000000001,1777018500000,0.5,2,2690.8547863040203,1345.4273931520102,10190.417918523577,21.728909085871496,10212.14682760945
SPK,2316,1777025700000,1777025700000,1777036500000,2328,0.04554089,0.045078616777714284,0.04648346428571429,0.04459831571428571,0.43275264814802217,0.008956819206192242,1.7913638412384483,-0.001600320064012788,trailing_stop,ema_retest,0.04648346428571429,1777031100000,0.5,12,2467.021763635205,1233.5108818176025,10212.14682760945,22.09666791462206,10234.243495524071
SPK,2345,1777051800000,1777051800000,1777058100000,2352,0.04404119,0.04382188691057142,0.044497321428571435,0.04358505857142857,0.36521325400437354,0.003782487332477547,0.7564974664955094,-0.005008947714628019,trailing_stop,ema_retest,0.044497321428571435,1777055400000,0.5,7,4940.771826491805,2470.3859132459024,10234.243495524071,18.688406846367204,10252.93190237044
KAT,2362,1777067100000,1777067100000,1777068900000,2364,0.0282463496,0.025059238616982858,0.03143847142857143,0.025054227771428572,0.9884107811445807,0.11170036747286288,22.340073494572575,-0.001600320064012647,target,wick,0.03143847142857143,,0.0,2,453.6291446447656,226.8145723223828,10252.93190237044,50.67054215322079,10303.60244452366
APE,2444,1777140900000,1777140900000,1777142700000,2446,0.15724854400000002,0.16128600075,0.16125375,0.15324333800000003,-1.0557702841876275,-0.026891043753320687,-5.378208750664138,-0.026891043753320687,stop,ema_retest,0.16125375,,0.0,2,2022.6506231591998,1011.3253115795999,10303.60244452366,-54.39118640505539,10249.211258118605
BSB,2287,1777183200000,1777184100000,1777185900000,2290,0.65916814,0.701088761142857,0.7009485714285714,0.6173877085714287,-1.0228897553776184,-0.06483440671683967,-12.966881343367934,-0.06483440671683967,stop,ema_retest,0.7009485714285714,,0.0,2,808.5069122648017,404.25345613240086,10249.211258118605,-52.41906598315236,10196.792192135452
KAT,2508,1777198500000,1777199400000,1777252500000,2568,0.0129974,0.012577598945357142,0.013256882142857142,0.012737917857142856,1.5587047756820587,0.031118227897552038,6.223645579510408,-0.01830932540661983,trailing_stop,ema_retest,0.013256882142857142,1777203000000,0.5,59,2553.7747102509916,1276.8873551254958,10196.792192135452,79.46894343259528,10276.261135568047
RLS,3003,1777644000000,1777644000000,1777671000000,3033,0.0057058586000000005,0.005325593148505715,0.005940160714285714,0.005471556485714287,1.5947213348213722,0.06548472484845355,13.09694496969071,-0.01773699948330297,trailing_stop,ema_retest,0.005940160714285714,1777647600000,0.5,30,1251.2668345947147,625.6334172973574,10276.261135568047,81.93886437543034,10358.199999943477
UB,361,1777708800000,1777708800000,1777710600000,363,0.149580078,0.1434802034454857,0.15570864285714286,0.14345151314285715,0.9666273464892072,0.03960446113450355,7.920892226900709,-0.015717763251868182,target,wick,0.15570864285714286,,0.0,2,1264.0645893837104,632.0322946918552,10358.199999943477,50.062596901749345,10408.262596845227
LAB,3091,1777723200000,1777723200000,1777729500000,3098,2.15716848,2.333390870571429,2.332924285714286,1.9814126742857145,-1.0179847286104697,-0.08294054351367654,-16.58810870273531,-0.08294054351367654,stop,wick,2.332924285714286,,0.0,7,638.7378190503928,319.3689095251964,10408.262596845227,-52.977261874779956,10355.285334970447
LAB,3124,1777752900000,1777752900000,1777754700000,3126,2.10687854,2.5094785810714284,2.5089767857142857,1.704780294285714,-1.0081363439523936,-0.19240304917817969,-38.48060983563594,-0.19240304917817969,stop,ema_retest,2.5089767857142857,,0.0,2,271.2935045149193,135.64675225745964,10355.285334970447,-52.19769749090472,10303.087637479543
LAB,3174,1777797900000,1777797900000,1777799700000,3176,1.1377724,1.2815169664285713,1.2812607142857142,0.9942840857142858,-1.0119021940651807,-0.12761439814186773,-25.522879628373545,-0.12761439814186773,stop,ema_retest,1.2812607142857142,,0.0,2,408.4851371716386,204.2425685858193,10303.087637479543,-52.12858493005694,10250.959052549486
LAB,3429,1778027400000,1778027400000,1778032800000,3435,2.6571684600000003,2.802375005785714,2.801814642857143,2.5125222771428577,-1.0265204994163684,-0.0558798864657551,-11.17597729315102,-0.0558798864657551,stop,ema_retest,2.801814642857143,,0.0,6,941.5569958761946,470.7784979380973,10250.959052549486,-52.614098030599195,10198.344954518887
BSB,4770,1779417900000,1779417900000,1779449400000,4805,0.93501296,0.9128058932451428,0.9797921428571429,0.8902337771428571,0.47116481580781266,0.022564794655798234,4.5129589311596465,-0.03649404379592761,trailing_stop,ema_retest,0.9797921428571429,1779430500000,0.5,35,1064.734112438668,532.367056219334,10198.344954518887,24.025506610202132,10222.370461129089
ALLO,5658,1780033500000,1780033500000,1780034400000,5659,0.211217748,0.2219644911642857,0.22192010714285715,0.20051538885714287,-1.028432363450466,-0.052110452895200214,-10.422090579040043,-0.052110452895200214,stop,wick,0.22192010714285715,,0.0,1,1008.7243565650866,504.3621782825433,10222.370461129089,-52.565083067026094,10169.805378062063
ALLO,5689,1780061400000,1780061400000,1780066800000,5695,0.270575874,0.24849565147817143,0.2927057857142857,0.2484459622857143,0.983681267579983,0.0804535130376837,16.090702607536738,-0.01998324727355417,target,wick,0.2927057857142857,,0.0,6,621.7159865131126,310.8579932565563,10169.805378062063,50.01923522666909,10219.824613288733
ALLO,5724,1780092900000,1780092900000,1780093800000,5725,0.25075983799999996,0.2588891603357143,0.25883739285714286,0.24268228314285706,-1.0442654842828687,-0.03363820858233195,-6.7276417164663895,-0.03363820858233195,stop,ema_retest,0.25883739285714286,,0.0,1,1586.3225999328906,793.1612999664453,10219.824613288733,-53.36105049540969,10166.463562793322
ALLO,5830,1780188300000,1780189200000,1780191000000,5833,0.24002198600000002,0.2375643930922286,0.24503217857142856,0.23501179342857148,0.43332487711087375,0.009045175887829228,1.8090351775658455,-0.003184775104727186,trailing_stop,ema_retest,0.24503217857142856,1780190100000,0.5,2,2435.2105634160584,1217.6052817080292,10166.463562793322,22.02690786999796,10188.49047066332
H,6079,1780412400000,1780412400000,1780505100000,6182,0.6595480640000001,0.6066401177628,0.7348335,0.5842626280000002,0.6926735913190759,0.07906661572452495,15.81332314490499,-0.07445083147298856,trailing_stop,ema_retest,0.7348335,1780479000000,0.5,103,446.28812171642664,223.14406085821332,10188.49047066332,35.28649142217272,10223.776962085492
OPN,6189,1780511400000,1780511400000,1780532100000,6212,0.24505098000000003,0.2145259280348572,0.27561892857142856,0.2144830314285715,0.9895759196806406,0.12344086859118827,24.688173718237653,-0.11636208666457878,target,wick,0.27561892857142856,,0.0,23,409.7995909025751,204.89979545128756,10223.776962085492,50.58601744932749,10274.36297953482
OPN,6264,1780578900000,1780578900000,1780584300000,6270,0.23685262,0.2112414084051429,0.2625060714285714,0.21119916857142862,0.9878731229743654,0.10699630503481032,21.399261006962064,-0.0020228613557239845,target,wick,0.2625060714285714,,0.0,6,474.30455845475836,237.15227922737918,10274.36297953482,50.74883521582635,10325.111814750648
EDGE,6170,1780604100000,1780604100000,1780605000000,6171,0.5573885,0.5619666565714286,0.5618542857142858,0.5529227142857142,-1.1755534190943873,-0.009418510904641087,-1.8837021809282175,-0.009418510904641087,stop,ema_retest,0.5618542857142858,,0.0,1,6443.54538591709,3221.772692958545,10325.111814750648,-60.68860248180988,10264.423212268837
LAB,6335,1780642800000,1780642800000,1780648200000,6341,11.397720000000001,11.212500623142859,11.772642857142857,11.022797142857145,0.45783616872911137,0.015060314210496232,3.012062842099246,-0.010732252808456303,trailing_stop,ema_retest,11.772642857142857,1780643700000,0.5,6,1560.2012454840005,780.1006227420003,10264.423212268837,23.497120988596613,10287.920333257434
ALLO,6450,1780746300000,1780746300000,1780749900000,6454,0.426294724,0.37341190116102857,0.4792522142857143,0.37333723371428573,0.9895294996260607,0.12292668877570913,24.585337755141826,-0.04815465269422375,target,wick,0.4792522142857143,,0.0,4,414.07609531139747,207.03804765569873,10287.920333257434,50.901003297805026,10338.82133655524
ALLO,6476,1780769700000,1780769700000,1780772400000,6479,0.454549072,0.4352167770930857,0.4739683928571429,0.4351297511428571,0.9680274369916466,0.04135622874499773,8.271245748999547,-0.0029874179912526343,target,wick,0.4739683928571429,,0.0,3,1210.0066935081304,605.0033467540652,10338.82133655524,50.0413135997006,10388.86265015494
BSB,6363,1780851600000,1780851600000,1780852500000,6364,0.39512096,0.36980836688400004,0.4205075,0.36973442000000006,0.9790083847530866,0.06290133411264637,12.580266822529273,-0.006412821602782054,target,wick,0.4205075,,0.0,1,808.4712181410645,404.23560907053223,10388.86265015494,50.8539182127493,10439.71656836769
BSB,6391,1780876800000,1780876800000,1780901100000,6418,0.3309338,0.3117266685814286,0.3454639285714286,0.3164036714285714,1.2953453952522045,0.05687401872345022,11.374803744690045,-0.03789036187902233,trailing_stop,ema_retest,0.3454639285714286,1780880400000,0.5,27,1188.8590861082787,594.4295430541393,10439.71656836769,67.61519392286615,10507.331762290556
BEAT,6625,1780903800000,1780903800000,1780904700000,6626,4.2481501999999995,4.133584808794285,4.363542142857143,4.132758257142856,0.9492547528733926,0.025784481490423332,5.156896298084666,-0.005110535354423159,target,wick,4.363542142857143,,0.0,1,1934.1351927275293,967.0675963637647,10507.331762290556,49.87067307685934,10557.202435367415
ALLO,6682,1780955100000,1780955100000,1780956000000,6683,0.403839216,0.4171865277642857,0.41710310714285714,0.39057532485714286,-1.0434288898697237,-0.03427088470413505,-6.85417694082701,-0.03427088470413505,stop,ema_retest,0.41710310714285714,,0.0,1,1607.1499338819574,803.5749669409787,10557.202435367415,-55.07845008632683,10502.123985281089
BEAT,6688,1780960500000,1780961400000,1780962300000,6690,4.309937840000001,4.368115591285713,4.367242142857142,4.252633537142859,-1.1061051297055393,-0.014706611950692047,-2.9413223901384096,-0.014706611950692047,stop,ema_retest,4.367242142857142,,0.0,1,3949.3981522971917,1974.6990761485959,10502.123985281089,-58.08226606461497,10444.041719216473
H,6902,1781153100000,1781154000000,1781155800000,6905,0.19422114799999998,0.19918990144285714,0.19915007142857144,0.18929222457142852,-1.0559709737733485,-0.02679831792840023,-5.359663585680046,-0.02679831792840023,stop,ema_retest,0.19915007142857144,,0.0,2,2057.70469136099,1028.852345680495,10444.041719216473,-55.14302452185249,10388.89869469462
H,6931,1781179200000,1781179200000,1781181000000,6933,0.185252942,0.1817968543861714,0.19223782142857143,0.17826806257142858,0.4632660834145138,0.017467240741563462,3.4934481483126922,-0.010838328306818407,trailing_stop,ema_retest,0.19223782142857143,1781180100000,0.5,2,1377.671631280942,688.835815640471,10388.89869469462,24.064122046406663,10412.962816741026
COAI,7188,1781410500000,1781411400000,1781419500000,7198,0.48460306000000003,0.47176856770371434,0.5104607142857143,0.4587454057142858,0.4741601532834014,0.0253004372685213,5.06008745370426,-0.006143750441856371,trailing_stop,ema_retest,0.5104607142857143,1781413200000,0.5,9,975.7562671581554,487.8781335790777,10412.962816741026,24.68706022660142,10437.649876967627
H,7202,1781423100000,1781423100000,1781424900000,7204,0.5320835620000001,0.5528313298714286,0.5527207857142857,0.5114463382857144,-1.0368990084523129,-0.0402168349762915,-8.0433669952583,-0.0402168349762915,stop,wick,0.5527207857142857,,0.0,2,1345.5545189446602,672.7772594723301,10437.649876967627,-54.113944040000696,10383.535932927627
H,7233,1781451000000,1781451000000,1781454600000,7237,0.37932412000000004,0.4720254219214286,0.47193103571428574,0.28671720428571434,-1.0065351051552445,-0.24573209751750405,-49.14641950350081,-0.24573209751750405,stop,ema_retest,0.47193103571428574,,0.0,4,212.65828798348358,106.32914399174179,10383.535932927627,-52.256967160662846,10331.278965766964
RE,236,1781905500000,1781905500000,1781906400000,237,0.858418282,0.8015560574413714,0.9154407857142858,0.8013957782857143,0.9797226764170962,0.06508044053395852,13.016088106791704,-0.012979165757329407,target,wick,0.9154407857142858,,0.0,1,777.6367366375908,388.8183683187954,10331.278965766964,50.60894139576429,10381.887907162727
BICO,7750,1781916300000,1781916300000,1781921700000,7756,0.040541890000000004,0.03537367474885715,0.04571717857142857,0.03536660142857144,0.98983193721302,0.12635488657024965,25.27097731404993,-0.015177389756619385,target,wick,0.04571717857142857,,0.0,6,406.64530268728345,203.32265134364172,10381.887907162727,51.38162109537654,10433.269528258104
RE,342,1782000900000,1782000900000,1782002700000,344,1.017026554,1.0362066641785714,1.0359994642857142,0.998053643714286,-1.075852349591722,-0.020070321693368975,-4.014064338673795,-0.020070321693368975,stop,ema_retest,1.0359994642857142,,0.0,2,2796.332243047382,1398.166121523691,10433.269528258104,-56.12328767950099,10377.146240578604
AGLD,8448,1782544500000,1782544500000,1782570600000,8477,0.21155768000000003,0.20469816573257144,0.22535857142857144,0.19775678857142862,0.47893723345327793,0.031243303291986595,6.248660658397319,-0.06451763696784707,trailing_stop,ema_retest,0.22535857142857144,1782558000000,0.5,29,795.3707175510992,397.6853587755496,10377.146240578604,24.850008558014,10401.996249136619
LAB,9256,1783271700000,1783272600000,1783274400000,9259,16.0757842,16.372395252857142,16.36912142857143,15.782446971428573,-1.0775310112125436,-0.01966186884549343,-3.932373769098686,-0.01966186884549343,stop,ema_retest,16.36912142857143,,0.0,2,2850.307268612029,1425.1536343060145,10401.996249136619,-56.04236768480633,10345.953881451813
HMSTR,9278,1783291500000,1783291500000,1783296900000,9284,0.00030423914,0.0003165447248571429,0.0003164814285714286,0.00029199685142857146,-1.0355951913799506,-0.04167134832177458,-8.334269664354917,-0.04167134832177458,stop,ema_retest,0.0003164814285714286,,0.0,6,1285.5619653986232,642.7809826993116,10345.953881451813,-53.57110044935115,10292.382781002461
MMT,11771,1785535200000,1785535200000,1785537900000,11774,0.1974605,0.2050067074285714,0.20496571428571428,0.18995528571428574,-1.0376369623252393,-0.03943921823872897,-7.887843647745794,-0.03943921823872897,stop,ema_retest,0.20496571428571428,,0.0,3,1353.9513815059045,676.9756907529522,10292.382781002461,-53.39878401983996,10238.98399698262
MMT,11832,1785590100000,1785590100000,1785591900000,11834,0.19186161999999998,0.19664289214285713,0.1966035714285714,0.18711966857142856,-1.0574496440284098,-0.026135372202855684,-5.227074440571137,-0.026135372202855684,stop,ema_retest,0.1966035714285714,,0.0,2,2071.370918076847,1035.6854590384235,10238.98399698262,-54.136049914109286,10184.84794706851
APR,12901,1786552200000,1786552200000,1786561200000,12911,0.42701458,0.45546893271428573,0.45537785714285717,0.3986513028571428,-1.0218791952682877,-0.0678755344183197,-13.57510688366394,-0.0678755344183197,stop,wick,0.45537785714285717,,0.0,10,766.6742010410745,383.33710052053726,10184.84794706851,-52.03842112040121,10132.809525948109
APR,13055,1786690800000,1786690800000,1786693500000,13058,0.47010596000000004,0.49539620228571424,0.4952971428571428,0.44491477714285727,-1.0269284983476072,-0.055029175939580975,-11.005835187916196,-0.055029175939580975,stop,ema_retest,0.4952971428571428,,0.0,3,945.4685349049273,472.73426745246365,10132.809525948109,-52.0283543526211,10080.781171595489
APR,13117,1786746600000,1786746600000,1786752900000,13124,0.5188962,0.5136091441457143,0.5296757142857142,0.5081166857142858,0.4330021301594291,0.008995156734233655,1.7990313468467312,-0.020887416789716187,trailing_stop,ema_retest,0.5296757142857142,1786752000000,0.5,7,2426.3055386014844,1213.1527693007422,10080.781171595489,21.82499860485956,10102.606170200348
TRUMP,13891,1787443200000,1787443200000,1787463000000,13913,2.3835232,2.3485472726742853,2.454414285714286,2.312632114285714,0.4533247688098802,0.013482849691628792,2.6965699383257586,-0.03057222530076481,trailing_stop,ema_retest,2.454414285714286,1787449500000,0.5,22,1698.3655945251753,849.1827972625877,10102.606170200348,22.89880803241671,10125.504978232764
SOPH,15467,1788861600000,1788861600000,1788866100000,15472,0.011418715800000001,0.010024421797748572,0.012815014285714287,0.010022417314285716,0.989350152439721,0.12097928908019409,24.195857816038817,-0.01842827396054456,target,wick,0.012815014285714287,,0.0,5,414.0241676863914,207.0120838431957,10125.504978232764,50.088349468718704,10175.593327701483
SOPH,15545,1788931800000,1788931800000,1788939000000,15553,0.005313937,0.005492351822142858,0.005491253571428572,0.005136620428571429,-1.0427598162229628,-0.03479502964302041,-6.959005928604083,-0.03479502964302041,stop,ema_retest,0.005491253571428572,,0.0,8,1524.74361097175,762.371805485875,10175.593327701483,-53.05349914176803,10122.539828559715
IOST,15595,1788976800000,1788976800000,1788978600000,15597,0.0018456308,0.001977674384357143,0.001977278928571429,0.0017139826714285713,-1.020428994513729,-0.07278680409308141,-14.557360818616283,-0.07278680409308141,stop,wick,0.001977278928571429,,0.0,2,709.560837839025,354.7804189195125,10122.539828559715,-51.64666569591182,10070.893162863804
IOST,15667,1789041600000,1789042500000,1789044300000,15670,0.00111067782,0.0010962971955959999,0.0011398775,0.00108147814,0.44714323563280467,0.011755379606520377,2.3510759213040755,-0.00763749905800774,trailing_stop,ema_retest,0.0011398775,1789043400000,0.5,2,1915.349357181733,957.6746785908665,10070.893162863804,22.515658772776057,10093.40882163658
IOST,15719,1789088400000,1789088400000,1789089300000,15720,0.0009968006000000001,0.001026680295,0.001026475,0.0009671262000000003,-1.047831920342113,-0.03119358429057912,-6.238716858115824,-0.03119358429057912,stop,ema_retest,0.001026475,,0.0,1,1695.251794383827,847.6258971919135,10093.40882163658,-52.880979741867414,10040.527841894713
IOST,15747,1789113600000,1789113600000,1789114500000,15748,0.0009399119800000001,0.0009534402927857142,0.0009532496428571428,0.0009265743171428573,-1.0994672984654412,-0.015601805766307602,-3.1203611532615203,-0.015601805766307602,stop,ema_retest,0.0009532496428571428,,0.0,1,3537.8058754373355,1768.9029377186678,10040.527841894713,-55.19616010747514,9985.331681787238
IOST,15807,1789167600000,1789167600000,1789170300000,15810,0.00087962404,0.0008888605937142857,0.0008886828571428571,0.0008705652228571429,-1.1367537651021016,-0.011706870238010194,-2.341374047602039,-0.011706870238010194,stop,ema_retest,0.0008886828571428571,,0.0,3,4847.949603221296,2423.974801610648,9985.331681787238,-56.754316925324716,9928.577364861914
ONE,16350,1789656300000,1789656300000,1789661700000,16356,0.00121505694,0.0013351362595714284,0.0013348692857142856,0.0010952445942857146,-1.014999203681156,-0.10008537994208826,-20.017075988417652,-0.10008537994208826,stop,wick,0.0013348692857142856,,0.0,6,503.4450648462677,251.72253242313386,9928.577364861914,-50.38749059510796,9878.189874266805
ONE,16434,1789731900000,1789732800000,1789737300000,16440,0.00160527888,0.0015848643366282859,0.0016467417857142857,0.0015638159742857145,0.4461929795567395,0.011524762252984513,2.3049524505969026,-0.0017250086938163532,trailing_stop,ema_retest,0.0016467417857142857,1789733700000,0.5,5,1912.2212137108988,956.1106068554494,9878.189874266805,22.037894863131598,9900.227769129937
AKE,263,1789779600000,1789779600000,1789783200000,267,0.046290740000000004,0.04316368243885715,0.04942642857142857,0.043155051428571435,0.9801307871206606,0.066393082238036,13.2786164476072,-0.010896867312987375,target,wick,0.04942642857142857,,0.0,4,730.76273227093,365.381366135465,9900.227769129937,48.517590180155736,9948.745359310093
ONE,16572,1789856100000,1789856100000,1789858800000,16575,0.00438952192,0.004042139249053714,0.004737712857142857,0.004041330982857143,0.9831492946193587,0.07798655080980972,15.597310161961945,-0.05169137562115172,target,wick,0.004737712857142857,,0.0,3,627.1018451762966,313.5509225881483,9948.745359310093,48.905509911766686,9997.65086922186
ONE,16615,1789894800000,1789894800000,1789895700000,16616,0.00440891804,0.004183468320644573,0.004635204285714285,0.004182631794285715,0.9735204490386499,0.04996561186677012,9.993122373354025,-0.008954941672719362,target,wick,0.004635204285714285,,0.0,1,973.9616107863015,486.9808053931508,9997.65086922186,48.66458781768257,10046.315457039542
AKE,414,1789915500000,1789915500000,1789928100000,428,0.053729252000000005,0.06292401085714285,0.06291142857142856,0.04454707542857145,-1.0089928834178064,-0.17243401815564313,-34.48680363112862,-0.17243401815564313,stop,ema_retest,0.06291142857142856,,0.0,14,293.92868382773537,146.96434191386768,10046.315457039542,-50.68330400361601,9995.632153035926
MUBARAK,16880,1790133300000,1790133300000,1790135100000,16882,0.07824434799999999,0.08137700428928571,0.08136073214285713,0.07512796385714285,-1.0359535130028683,-0.04126086015387705,-8.25217203077541,-0.04126086015387705,stop,ema_retest,0.08136073214285713,,0.0,2,1254.822391608454,627.411195804227,9995.632153035926,-51.775051218109965,9943.857101817815
MUBARAK,16964,1790208900000,1790208900000,1790211600000,16967,0.052974402999999996,0.05250642689982857,0.053931353571428566,0.05201745242857143,0.42289289992000284,0.007639304632305747,1.5278609264611493,-0.004547494734768521,trailing_stop,ema_retest,0.053931353571428566,1790210700000,0.5,3,2752.335957643708,1376.167978821854,9943.857101817815,21.025932830889253,9964.883034648705
