symbol,signal_index,signal_ts,entry_ts,exit_ts,exit_index,entry,exit,stop,target,net_r,notional_return,margin_return_2x_pct,adverse_return,reason,entry_mode,initial_stop,tp1_ts,tp1_fraction,bars_held,notional_usdt,margin_usdt,equity_before,pnl_usdt,equity_after
RLS,457,1775352600000,1775355300000,1775357100000,462,0.0056848628,0.006121195422857143,0.0061199714285714284,0.0052497541714285716,-1.0190932302278277,-0.0779994651393974,-15.59989302787948,-0.0779994651393974,stop,wick,0.0061199714285714284,,0.0,2,653.2693707620601,326.63468538103007,10000.0,-50.954661511391386,9949.045338488608
RLS,540,1775427300000,1775430000000,1775430900000,545,0.0052529492,0.005219053516268571,0.005340878571428571,0.005165019828571428,0.3140302455601949,0.005256567511002753,1.0513135022005506,-0.01627048082627566,stop_gap,ema_retest,0.005340878571428571,1775430900000,0.5,2,2971.8073098038567,1485.9036549019283,9949.045338488608,15.621505753675446,9964.666844242283
RLS,612,1775492100000,1775492100000,1775523600000,647,0.0037402518000000003,0.0035660541539314287,0.004014821428571428,0.003465682171428572,0.6184728565200224,0.04540171934312355,9.08034386862471,-0.03772302608075735,trailing_stop,ema_retest,0.004014821428571428,1775517300000,0.5,35,678.7051301794255,339.35256508971275,9964.666844242283,30.81437983714441,9995.481224079427
ENJ,922,1775771100000,1775772000000,1775772900000,925,0.03084383,0.03068812711242857,0.031213678571428573,0.030473981428571426,0.32116850646511946,0.0038511337049897186,0.7702267409979437,-0.004520580317035865,stop_gap,ema_retest,0.031213678571428573,1775772900000,0.5,2,4167.907455379173,2083.9537276895867,9995.481224079427,16.051168880688667,10011.532392960116
RAVE,927,1775775600000,1775775600000,1775776500000,928,0.9634072800000001,0.856681540619143,1.0703043214285715,0.8565102385714287,0.988181568701974,0.1096459288624906,21.92918577249812,-0.007012536406409392,target,wick,1.0703043214285715,,0.0,1,451.14359866444534,225.57179933222267,10011.532392960116,49.46605892592978,10060.998451886046
RAVE,970,1775814300000,1775814300000,1775817000000,973,1.120955764,1.1800944359785712,1.1798584642857142,1.062053063714286,-1.0274452920664534,-0.05398901905156561,-10.797803810313123,-0.05398901905156561,stop,wick,1.1798584642857142,,0.0,3,957.3359244594787,478.6679622297394,10060.998451886046,-51.685627464390976,10009.312824421655
ENJ,991,1775833200000,1775833200000,1775835900000,994,0.029064186,0.02961070667142857,0.029604785714285712,0.028523586285714286,-1.0760745735873238,-0.02001520383304139,-4.003040766608279,-0.02001520383304139,stop,ema_retest,0.029604785714285712,,0.0,3,2690.6463504661206,1345.3231752330603,10009.312824421655,-53.85383514720833,9955.458989274446
RAVE,1008,1775848500000,1775848500000,1775854800000,1015,1.52139566,1.6300244039785716,1.6296984642857144,1.4130928557142857,-1.020468461051075,-0.07264355941238765,-14.52871188247753,-0.07264355941238765,stop,wick,1.6296984642857144,,0.0,7,699.2520738259398,349.6260369129699,9955.458989274446,-50.79615956920993,9904.662829705236
ENJ,1028,1775866500000,1775868300000,1775870100000,1032,0.028474304,0.02832706670905714,0.028780107142857142,0.028168500857142856,0.37003043023101034,0.003973985405136638,0.7947970810273276,-0.0016003200640127657,trailing_stop,ema_retest,0.028780107142857142,1775869200000,0.5,2,4611.273412619528,2305.636706309764,9904.662829705236,18.32513324084462,9922.987962946081
RAVE,1051,1775887200000,1775887200000,1775896200000,1061,2.081473622,2.1896663814214286,2.1892285357142858,1.973718708285714,-1.0278458736197553,-0.0532101114579878,-10.64202229159756,-0.0532101114579878,stop,wick,2.1892285357142858,,0.0,10,958.398878730551,479.1994393652755,9922.987962946081,-50.99651115846315,9871.991451787619
RAVE,1127,1775955600000,1775955600000,1775957400000,1129,2.121115692,2.099363165961171,2.1654603214285717,2.0767710625714284,0.43342878205829993,0.009061381609944005,1.8122763219888012,-0.007422667957330729,trailing_stop,ema_retest,2.1654603214285717,1775956500000,0.5,2,2361.011496714074,1180.505748357037,9871.991451787619,21.39402615719128,9893.38547794481
RAVE,1166,1775990700000,1775990700000,1775997000000,1173,2.6178563240000003,2.7833269826571425,2.7827704285714283,2.4529422194285724,-1.0230257083199563,-0.06444638198606366,-12.88927639721273,-0.06444638198606366,stop,ema_retest,2.7827704285714283,,0.0,7,785.2409533591456,392.6204766795728,9893.38547794481,-50.605938431284294,9842.779539513525
RAVE,1237,1776054600000,1776054600000,1776062700000,1246,6.298100128000001,6.612270368207143,6.610948178571428,5.985252077428573,-1.0289866339805371,-0.051113265264503306,-10.222653052900661,-0.051113265264503306,stop,wick,6.610948178571428,,0.0,9,990.7495182478774,495.3747591239387,9842.779539513525,-50.640442936882614,9792.139096576642
RAVE,1268,1776082500000,1776082500000,1776085200000,1271,9.109957644,9.6706797492,9.668746,8.551169287999999,-1.023626354225461,-0.06278739265189058,-12.557478530378116,-0.06278739265189058,stop,wick,9.668746,,0.0,3,798.2089413292059,399.10447066460296,9792.139096576642,-50.11745821748674,9742.021638359156
RAVE,1305,1776115800000,1776115800000,1776139200000,1331,10.760077554,9.381191399250087,12.130754035714286,9.389401072285715,0.9971728643571125,0.1270252362511888,25.40504725023776,-0.04378522924780032,trailing_stop,ema_retest,12.130754035714286,1776121200000,0.5,26,382.38384388994416,191.19192194497208,9742.021638359156,48.57239810875786,9790.594036467914
RAVE,1375,1776178800000,1776179700000,1776186000000,1384,13.859537538000001,13.463841732186172,14.680336071428572,13.03873900457143,0.46211312862284315,0.02736756383189198,5.473512766378396,-0.029505955826648073,stop_gap,ema_retest,14.680336071428572,1776186000000,0.5,8,826.5920322794693,413.29601613973466,9790.594036467914,22.621810206341692,9813.215846674255
RAVE,1445,1776241800000,1776241800000,1776243600000,1447,14.4081178,15.591185042057141,15.588067428571428,13.228168171428571,-1.017896692095674,-0.08336042503500188,-16.672085007000376,-0.08336042503500188,stop,ema_retest,15.588067428571428,,0.0,2,599.1356177080671,299.56780885403356,9813.215846674255,-49.944199745752876,9763.271646928502
RAVE,1497,1776288600000,1776288600000,1776303900000,1514,12.0395916,11.77115365998,12.581175,11.4980082,0.4692748944373331,0.02110964402347436,4.221928804694873,-0.00583973347733828,trailing_stop,ema_retest,12.581175,1776292200000,0.5,17,1085.2050054421763,542.6025027210882,9763.271646928502,22.9082913573769,9786.179938285879
BIO,1527,1776315600000,1776315600000,1776318300000,1530,0.044971004,0.04194525251588572,0.04800514285714286,0.041936865142857147,0.9800480038032573,0.06612264494261129,13.224528988522257,-0.037652354712827865,target,wick,0.04800514285714286,,0.0,3,725.2376339225882,362.6188169612941,9786.179938285879,47.954630566882805,9834.134568852762
ORDI,1539,1776326400000,1776328200000,1776332700000,1546,5.1799638,4.921286660520001,5.4396249999999995,4.920302600000001,0.972869220367496,0.04876798351441908,9.753596702883815,-0.042946405471018745,target,wick,5.4396249999999995,,0.0,5,980.9024427019916,490.4512213509958,9834.134568852762,47.83663415494413,9881.971203007706
BIO,1566,1776350700000,1776351600000,1776384900000,1604,0.038102378,0.03694537273988572,0.03957628571428571,0.03662847028571429,0.7544411355559245,0.029183916281297417,5.8367832562594835,-0.03154365160095776,trailing_stop,ema_retest,0.03957628571428571,1776356100000,0.5,37,1277.3072510329719,638.6536255164859,9881.971203007706,37.27682787964039,9919.248030887347
BASED,1616,1776395700000,1776396600000,1776402000000,1623,0.18391321,0.1967112272357143,0.19667189285714287,0.17115452714285712,-1.020982498264935,-0.0708290171111457,-14.16580342222914,-0.0708290171111457,stop,ema_retest,0.19667189285714287,,0.0,6,714.917349452478,357.458674726239,9919.248030887347,-50.63689317742449,9868.611137709922
BIO,1655,1776430800000,1776430800000,1776432600000,1657,0.032413515999999996,0.03284017386428571,0.032833607142857144,0.03199342485714285,-1.1088309909040082,-0.014370859310797625,-2.874171862159525,-0.014370859310797625,stop,ema_retest,0.032833607142857144,,0.0,2,3807.2260085558783,1903.6130042779391,9868.611137709922,-54.71310933336612,9813.898028376556
BASED,1660,1776435300000,1776437100000,1776442500000,1668,0.128764242,0.12550817390117142,0.13532657142857143,0.12220191257142857,0.4729272864260169,0.024102224352688554,4.8204448705377105,-0.04761260280940416,trailing_stop,ema_retest,0.13532657142857143,1776441600000,0.5,6,962.8281804836903,481.41409024184514,9813.898028376556,23.20630081910881,9837.104329195665
NEIRO,1672,1776446100000,1776446100000,1776449700000,1676,0.00010246950200000001,0.00010469250574285715,0.00010467157142857143,0.0001002674325714286,-1.0659522888093729,-0.02290731292421865,-4.58146258484373,-0.02290731292421865,stop,ema_retest,0.00010467157142857143,,0.0,4,2288.7633983199657,1144.3816991599829,9837.104329195665,-52.42941937481355,9784.674909820851
SOON,1688,1776460500000,1776460500000,1776461400000,1690,0.22515496000000002,0.22420514920628573,0.2281892857142857,0.22212063428571432,0.22416668223458572,0.0030210070797041856,0.6042014159408371,-0.010045704647145999,stop_gap,ema_retest,0.2281892857142857,1776461400000,0.5,2,3630.2432490381816,1815.1216245190908,9784.674909820851,10.966990556392672,9795.641900377244
NEIRO,1700,1776471300000,1776471300000,1776472200000,1702,0.000103439308,0.00010280886566159999,0.000104842,0.000102036616,0.36122928925455644,0.004898461174963113,0.9796922349926227,-0.003438615645031184,stop_gap,ema_retest,0.000104842,1776472200000,0.5,2,3611.820768888783,1805.9103844443914,9795.641900377244,17.692363807327123,9813.334264184572
BASED,1738,1776505500000,1776505500000,1776507300000,1740,0.11385722399999999,0.11283548787077143,0.11594582142857142,0.11176862657142857,0.42407430459776363,0.007779220948739316,1.5558441897478632,-0.002479315778856479,trailing_stop,ema_retest,0.11594582142857142,1776506400000,0.5,2,2674.8069834318667,1337.4034917159333,9813.334264184572,20.807914519347396,9834.14217870392
ORDI,1752,1776518100000,1776519900000,1776561300000,1800,5.5478902,5.287917214825714,5.808310714285715,5.287469685714286,0.9733161821779549,0.04568790866217774,9.137581732435548,-0.019639612189873527,trailing_stop,ema_retest,5.808310714285715,1776531600000,0.5,46,1047.5123507125147,523.7561753562574,9834.14217870392,47.85864860185647,9882.000827305776
PIEVERSE,1961,1776706200000,1776706200000,1776717000000,1973,0.93101376,0.8802367364305714,1.0003560714285713,0.8616714485714287,0.7165938407281914,0.0533722222017108,10.67444444034216,-0.031269143983435804,trailing_stop,ema_retest,1.0003560714285713,1776710700000,0.5,12,663.3957360961468,331.6978680480734,9882.000827305776,35.406904634591044,9917.407731940366
RAVE,2017,1776756600000,1776757500000,1776760200000,2021,1.9526094,1.7145820049742855,2.190979642857143,1.714239157142857,0.9893310396300717,0.12077534819955799,24.1550696399116,-0.06331073406079057,target,wick,2.190979642857143,,0.0,3,406.19213474193833,203.09606737096917,9917.407731940366,49.05799650937938,9966.465728449746
RAVE,2039,1776776400000,1776779100000,1776808800000,2075,1.7452508800000002,1.5480314958188572,1.9241828571428572,1.5663189028571431,1.0911599920441932,0.11187125988193262,22.374251976386525,-0.008768344812408757,trailing_stop,ema_retest,1.9241828571428572,1776782700000,0.5,33,486.05015606516287,243.02507803258143,9966.465728449746,54.37504332481974,10020.840771774567
RAVE,2092,1776824100000,1776825000000,1776825900000,2095,1.48360322,1.4647654002154287,1.5395614285714285,1.4276450114285715,0.3050276098573527,0.011504961961758261,2.300992392351652,-0.0297975121784921,stop_gap,ema_retest,1.5395614285714285,1776825900000,0.5,2,1328.3977467876707,664.1988733938354,10020.840771774567,15.283165546877534,10036.123937321445
PIEVERSE,2105,1776835800000,1776835800000,1776836700000,2106,0.8823234999999999,0.8994416380714285,0.8992617857142857,0.8653852142857141,-1.0737330483764551,-0.020612844556754353,-4.122568911350871,-0.020612844556754353,stop,ema_retest,0.8992617857142857,,0.0,1,2613.932763969973,1306.9663819849866,10036.123937321445,-53.88058974552032,9982.243347575924
RAVE,2122,1776851100000,1776852900000,1776925800000,2205,1.4289141600000002,1.188276946439143,1.4689746428571429,1.3888536771428575,5.967648960935293,0.1673066903452015,33.461338069040295,-0.0022306729104004806,trailing_stop,ema_retest,1.4689746428571429,1776853800000,0.5,81,1780.2791991776808,890.1395995888404,9982.243347575924,297.8526207048235,10280.095968280748
RAVE,2229,1776947400000,1776947400000,1776977100000,2262,1.0975804400000002,1.0669716488022858,1.1574942857142858,1.0376665942857146,0.48920344863532084,0.02670424770364261,5.340849540728522,-0.023119365020754023,trailing_stop,ema_retest,1.1574942857142858,1776951900000,0.5,33,941.6214333757487,470.81071668787433,10280.095968280748,25.145291999925,10305.241260280673
CHIP,235,1776992400000,1776993300000,1776994200000,237,0.10117976,0.10405734302142856,0.10403653571428571,0.09832298428571427,-1.0503888240983943,-0.02965736707856816,-5.931473415713632,-0.02965736707856816,stop,ema_retest,0.10403653571428571,,0.0,1,1824.927718762125,912.4638593810625,10305.241260280673,-54.122551247182344,10251.11870903349
CHIP,262,1777016700000,1777019400000,1777020300000,266,0.09508098000000001,0.09635051625,0.09633125000000001,0.09383071000000001,-1.1072769463795797,-0.014560169107954025,-2.9120338215908053,-0.014560169107954025,stop,ema_retest,0.09633125000000001,,0.0,1,3897.9037046047692,1948.9518523023846,10251.11870903349,-56.75413710556592,10194.364571927923
CHIP,284,1777036500000,1777036500000,1777155300000,416,0.0924815,0.0816760640892857,0.09439603571428572,0.09056696428571427,5.589314052703919,0.11570899447198334,23.14179889439667,-0.0016003200640129025,trailing_stop,ema_retest,0.09439603571428572,1777038300000,0.5,132,2462.189971500452,1231.094985750226,10194.364571927923,284.8975258013186,10479.26209772924
BSB,2287,1777183200000,1777184100000,1777185900000,2290,0.6593681,0.701088761142857,0.7009485714285714,0.6177876285714287,-1.0230027173360554,-0.06451166694224775,-12.902333388449549,-0.06451166694224775,stop,ema_retest,0.7009485714285714,,0.0,2,830.8817699014664,415.4408849507332,10479.26209772924,-53.601568008268735,10425.660529720972
APE,2508,1777198500000,1777199400000,1777200300000,2511,0.154079178,0.1536509198963143,0.1554379642857143,0.15272039171428572,0.17929239315206874,0.0015811354143382371,0.31622708286764745,-0.0051727694575315316,stop_gap,ema_retest,0.1554379642857143,1777200300000,0.5,2,5911.0738068791015,2955.5369034395508,10425.660529720972,9.346208132823689,10435.006737853795
KAT,2510,1777200300000,1777200300000,1777202100000,2512,0.012918415800000001,0.013170680037857143,0.01316804642857143,0.012668785171428573,-1.0732565025897682,-0.02073920668816501,-4.147841337633002,-0.02073920668816501,stop,ema_retest,0.01316804642857143,,0.0,2,2700.0644249234183,1350.0322124617092,10435.006737853795,-55.99719417984817,10379.009543673947
RLS,2869,1777523400000,1777523400000,1777533300000,2880,0.0083453306,0.008163897995965714,0.008711460714285715,0.007979200485714287,0.4684866395416305,0.020553657500004513,4.110731500000902,-0.017670050852149552,trailing_stop,ema_retest,0.008711460714285715,1777525200000,0.5,11,1182.861810090309,591.4309050451545,10379.009543673947,24.312136514431593,10403.32168018838
RLS,3003,1777644000000,1777644000000,1777671000000,3033,0.0057258546,0.005345593147705714,0.005940160714285714,0.005511548485714286,1.7433874198640589,0.0652511476008599,13.05022952017198,-0.01418492335449808,trailing_stop,ema_retest,0.005940160714285714,1777646700000,0.5,30,1389.7855293659563,694.8927646829782,10403.32168018838,90.68510071019723,10494.006780898577
UB,350,1777698900000,1777698900000,1777699800000,351,0.14299139600000002,0.13444074620125718,0.15156892857142856,0.13441386342857148,0.9774594784226797,0.05863423078562075,11.72684615712415,-0.006219675477537004,target,wick,0.15156892857142856,,0.0,1,874.6994935539166,437.3497467769583,10494.006780898577,51.287331973105935,10545.294112871683
LAB,3076,1777709700000,1777709700000,1777714200000,3081,1.81833626,2.0659102422857147,2.065497142857143,1.5711753771428567,-1.011100653542854,-0.13743581739226068,-27.487163478452135,-0.13743581739226068,stop,wick,2.065497142857143,,0.0,5,387.90302162988365,193.95151081494183,10545.294112871683,-53.311768846630834,10491.982344025053
LAB,3106,1777736700000,1777736700000,1777738500000,3108,2.8274344,3.0329318222142856,3.0323253571428572,2.622543442857143,-1.0201213604653252,-0.07392342752412369,-14.784685504824738,-0.07392342752412369,stop,wick,3.0323253571428572,,0.0,2,723.9312124205977,361.96560621029886,10491.982344025053,-53.51547651382504,10438.466867511228
LAB,3130,1777758300000,1777758300000,1777761900000,3134,3.2464505800000003,2.197552368303429,4.2957882142857144,2.197112945714286,0.996468415658562,0.3220846226242536,64.41692452485071,-0.15919058941719655,target,wick,4.2957882142857144,,0.0,4,161.4731317599707,80.73656587998535,10438.466867511228,52.00801270686654,10490.474880218095
UB,434,1777774500000,1777775400000,1777777200000,437,0.152489496,0.16012687611428572,0.16009485714285715,0.14488413485714285,-1.0288728951291652,-0.05131468161947555,-10.26293632389511,-0.05131468161947555,stop,ema_retest,0.16009485714285715,,0.0,2,1051.6839353431114,525.8419676715557,10490.474880218095,-53.96682630644887,10436.508053911646
LAB,3174,1777797900000,1777797900000,1777799700000,3176,1.14037188,1.2815169664285713,1.2812607142857142,0.9994830457142858,-1.012132866734121,-0.1250453665486985,-25.009073309739698,-0.1250453665486985,stop,ema_retest,1.2812607142857142,,0.0,2,422.3720201254142,211.1860100627071,10436.508053911646,-52.81566407649668,10383.692389835149
UB,512,1777844700000,1777844700000,1777845600000,513,0.118216352,0.1208125148142857,0.12078835714285714,0.11564434685714285,-1.065153443406797,-0.023174290933747295,-4.634858186749459,-0.023174290933747295,stop,ema_retest,0.12078835714285714,,0.0,1,2386.313724965698,1193.156862482849,10383.692389835149,-55.30112852154931,10328.3912613136
LAB,3237,1777854600000,1777855500000,1777856400000,3239,2.35642862,2.4791882385,2.4786925,2.2341647399999998,-1.027785054875567,-0.05332688100482329,-10.665376200964657,-0.05332688100482329,stop,ema_retest,2.4786925,,0.0,1,995.3109931860996,497.6554965930498,10328.3912613136,-53.076830896427616,10275.314430417173
LAB,3261,1777876200000,1777876200000,1777932900000,3324,2.1418715400000004,1.8447102297008577,2.255460357142857,2.028282722857144,2.5950561741179277,0.13762233436152854,27.52446687230571,-0.021225028761528486,trailing_stop,ema_retest,2.255460357142857,1777878000000,0.5,63,968.7751002540457,484.38755012702285,10275.314430417173,133.3250907682856,10408.639521185458
LAB,3349,1777955400000,1777958100000,1777959900000,3354,1.68986196,1.7561215112142856,1.7557703571428571,1.6239535628571429,-1.0366985734596823,-0.04043356375512127,-8.086712751024255,-0.04043356375512127,stop,ema_retest,1.7557703571428571,,0.0,2,1334.3644167282075,667.1822083641038,10408.639521185458,-53.953108716345184,10354.686412469113
LAB,3389,1777991400000,1777993200000,1777996800000,3395,2.4621074800000002,2.5910813269285717,2.5905632142857145,2.333651745714286,-1.0276361810296328,-0.05361494625438879,-10.722989250877758,-0.05361494625438879,stop,ema_retest,2.5905632142857145,,0.0,4,992.3399298193043,496.16996490965215,10354.686412469113,-53.20425200334594,10301.482160465766
LAB,3425,1778023800000,1778023800000,1778032800000,3435,2.6571684600000003,2.8204918427142855,2.819927857142857,2.4944090628571436,-1.0236581224841808,-0.06270207606480238,-12.540415212960475,-0.06270207606480238,stop,ema_retest,2.819927857142857,,0.0,10,840.8968688922074,420.4484344461037,10301.482160465766,-52.72597943593335,10248.756181029834
BSB,4680,1779336900000,1779336900000,1779368400000,4715,0.98210354,0.9285538564937142,1.0701207142857143,0.8940863657142857,0.5953757263131643,0.05335821217831016,10.671642435662033,-0.07955667197778349,trailing_stop,ema_retest,1.0701207142857143,1779350400000,0.5,35,571.7827121621162,285.8913560810581,10248.756181029834,30.509303275435844,10279.26548430527
BSB,4770,1779417900000,1779418800000,1779449400000,4805,0.9533093,0.9323371587171428,0.9797921428571429,0.9268264571428572,0.7491927326176584,0.020812503777763308,4.162500755552662,-0.01661270032296957,trailing_stop,ema_retest,0.9797921428571429,1779426900000,0.5,34,1850.126029939074,925.063014969537,10279.26548430527,38.50575498744521,10317.771239292715
ALLO,5658,1780033500000,1780033500000,1780034400000,5659,0.21239751199999998,0.2219644911642857,0.22192010714285715,0.20287491685714282,-1.032029212494234,-0.046269828086236246,-9.25396561724725,-0.046269828086236246,stop,wick,0.22192010714285715,,0.0,1,1150.6679154866388,575.3339577433194,10317.771239292715,-53.241206633914594,10264.5300326588
ALLO,5687,1780059600000,1780059600000,1780066800000,5695,0.26773644199999996,0.2487012928839428,0.2868213214285714,0.2486515625714285,0.9811582276539658,0.06993925195706754,13.98785039141351,-0.06309049992529604,target,wick,0.2868213214285714,,0.0,8,719.9911217756952,359.9955608878476,10264.5300326588,50.355640472722044,10314.885673131523
ALLO,5724,1780092900000,1780092900000,1780093800000,5725,0.250779834,0.2588891603357143,0.25883739285714286,0.2427222751428571,-1.0443768244839926,-0.033555838992682906,-6.711167798536581,-0.033555838992682906,stop,ema_retest,0.25883739285714286,,0.0,1,1605.1792873618176,802.5896436809088,10314.885673131523,-53.86313772110264,10261.02253541042
ALLO,5757,1780122600000,1780124400000,1780125300000,5760,0.25834832,0.26737864360714286,0.26732517857142857,0.24937146142857147,-1.0410946892995192,-0.03617503603393716,-7.235007206787432,-0.03617503603393716,stop,ema_retest,0.26732517857142857,,0.0,1,1476.5287390974036,738.2643695487018,10261.02253541042,-53.413480341992376,10207.609055068428
ALLO,5830,1780188300000,1780189200000,1780191000000,5833,0.23871224800000002,0.2355993931708286,0.24503217857142856,0.23239231742857147,0.44751565108248187,0.01184802149100002,2.369604298200004,-0.008685638127793015,trailing_stop,ema_retest,0.24503217857142856,1780190100000,0.5,2,1927.7753740337034,963.8876870168517,10207.609055068428,22.84032406137192,10230.4493791298
H,6123,1780452000000,1780452000000,1780453800000,6125,0.686732626,0.6798737972842285,0.7007221785714286,0.6727430734285713,0.4316696213811964,0.008793618699864924,1.758723739972985,-0.002401854817365405,trailing_stop,ema_retest,0.7007221785714286,1780452900000,0.5,2,2511.0107458470375,1255.5053729235187,10230.4493791298,22.08087105024228,10252.530250180042
LAB,6127,1780455600000,1780455600000,1780472700000,6146,14.1131768,16.150433012142855,16.14720357142857,12.07915002857143,-1.010514909096575,-0.14563796706848747,-29.127593413697493,-0.14563796706848747,stop,ema_retest,16.14720357142857,,0.0,19,355.6879734835401,177.84398674177004,10252.530250180042,-51.80167336885285,10200.728576811189
LAB,6176,1780499700000,1780500600000,1780503300000,6180,15.5198954,16.236828859285712,16.23358214285714,14.806208657142857,-1.031247254075176,-0.047422194214097865,-9.484438842819573,-0.047422194214097865,stop,ema_retest,16.23358214285714,,0.0,3,1109.1297554590424,554.5648777295212,10200.728576811189,-52.59736667201358,10148.131210139176
EDGE,6059,1780504200000,1780504200000,1780535700000,6094,0.63707256,0.6281328343037142,0.6552032142857143,0.6189419057142858,0.4512028264831734,0.012840927350102055,2.568185470020411,-0.016838397754880507,trailing_stop,ema_retest,0.6552032142857143,1780533000000,0.5,35,1782.9185387847056,891.4592693923528,10148.131210139176,22.894327427684516,10171.02553756686
OPN,6222,1780541100000,1780542900000,1780569900000,6254,0.21535692,0.1995648607054286,0.24386392857142855,0.18684991142857146,0.5452380661830091,0.07217370227131853,14.434740454263705,-0.05968993938063366,trailing_stop,ema_retest,0.24386392857142855,1780566300000,0.5,30,384.1863532477231,192.09317662386155,10171.02553756686,27.728151476004776,10198.753689042866
EDGE,6170,1780604100000,1780604100000,1780605000000,6171,0.5572885200000001,0.5619666565714286,0.5618542857142858,0.5527227542857144,-1.1716960554136508,-0.009599497361566728,-1.9198994723133456,-0.009599497361566728,stop,ema_retest,0.5618542857142858,,0.0,1,6224.200610456034,3112.100305228017,10198.753689042866,-59.74919733793472,10139.00449170493
OPN,6316,1780625700000,1780625700000,1780630200000,6321,0.26154768,0.25611183926828573,0.27252178571428576,0.25057357428571425,0.4670307680270851,0.01959583438152959,3.9191668763059178,-0.013844972297211605,trailing_stop,ema_retest,0.27252178571428576,1780629300000,0.5,5,1208.2228708909415,604.1114354454708,10139.00449170493,23.676135273955097,10162.680626978887
LAB,6335,1780642800000,1780642800000,1780650000000,6343,11.212757,11.774997385714286,11.772642857142857,10.652871142857142,-1.0288401305317083,-0.05137300650907845,-10.274601301815691,-0.05137300650907845,stop,ema_retest,11.772642857142857,,0.0,8,1017.6330307790449,508.81651538952246,10162.680626978887,-52.27886831406511,10110.401758664822
LAB,6378,1780681500000,1780684200000,1780685100000,6382,12.352529,12.806264312142856,12.80370357142857,11.90135442857143,-1.039133448158805,-0.037954218778206573,-7.590843755641314,-0.037954218778206573,stop,ema_retest,12.80370357142857,,0.0,1,1384.043326401548,692.021663200774,10110.401758664822,-52.530283208761126,10057.87147545606
OPN,6433,1780731000000,1780731900000,1780732800000,6435,0.24715056000000002,0.2521879275,0.2521375,0.24216362000000002,-1.070189453352157,-0.021594005663996878,-4.318801132799376,-0.021594005663996878,stop,ema_retest,0.2521375,,0.0,1,2492.3185034981316,1246.1592517490658,10057.87147545606,-53.81913988102288,10004.052335575037
ALLO,6450,1780746300000,1780747200000,1780748100000,6452,0.434173148,0.38917190053062856,0.4792522142857143,0.3890940817142857,0.9873150468149242,0.10251034787681773,20.502069575363546,-0.029145923676514366,target,wick,0.4792522142857143,,0.0,1,481.7636270196921,240.88181350984604,10004.052335575037,49.3857570001861,10053.438092575223
ALLO,6476,1780769700000,1780769700000,1780772400000,6479,0.454449092,0.43501677710108566,0.4739683928571429,0.4349297911428571,0.9682024738369632,0.041585813923143866,8.317162784628774,-0.0032079458695452477,target,wick,0.4739683928571429,,0.0,3,1170.3226068614872,585.1613034307436,10053.438092575223,48.66881815899046,10102.106910734214
BSB,6391,1780876800000,1780876800000,1780901100000,6418,0.33503298000000004,0.31582666841742857,0.3454639285714286,0.32460203142857147,1.8038432137475393,0.05616102568028081,11.232205136056162,-0.02519895488497868,trailing_stop,ema_retest,0.3454639285714286,1780879500000,0.5,27,1622.35436183267,811.177180916335,10102.106910734214,91.11308497740016,10193.219995711614
BEAT,6625,1780903800000,1780903800000,1780904700000,6626,4.24875008,4.134784808746285,4.363542142857143,4.133958017142857,0.9489780705137711,0.0256393405753033,5.12786811506066,-0.0049687087539871475,target,wick,4.363542142857143,,0.0,1,1886.3867062888314,943.1933531444157,10193.219995711614,48.365711219263986,10241.585706930877
ALLO,6682,1780955100000,1780955100000,1780956000000,6683,0.40580882199999996,0.4171865277642857,0.41710310714285714,0.3945145368571428,-1.051107070875769,-0.029253930251285504,-5.850786050257101,-0.029253930251285504,stop,ema_retest,0.41710310714285714,,0.0,1,1839.9242530945412,919.9621265472706,10241.585706930877,-53.825015767676284,10187.760691163201
BEAT,6688,1780960500000,1780960500000,1780962300000,6690,4.24375108,4.368115591285713,4.367242142857142,4.120260017142858,-1.0489150250357013,-0.03052290976700845,-6.1045819534016905,-0.03052290976700845,stop,ema_retest,4.367242142857142,,0.0,2,1750.5040217331361,875.2520108665681,10187.760691163201,-53.43047630214591,10134.330214861055
BSB,6514,1780987500000,1780987500000,1780999200000,6527,0.31293740000000003,0.3254786541428571,0.3254135714285714,0.30046122857142865,-1.0359190597321497,-0.041299965345601944,-8.259993069120389,-0.041299965345601944,stop,ema_retest,0.3254135714285714,,0.0,13,1270.9872440984932,635.4936220492466,10134.330214861055,-52.49172913596989,10081.838485725084
H,6794,1781055900000,1781056800000,1781059500000,6798,0.17042590800000001,0.1812217371,0.1811855,0.15966631600000003,-1.0229772362241991,-0.0645841809864964,-12.916836197299281,-0.0645841809864964,stop,ema_retest,0.1811855,,0.0,3,798.453360610256,399.226680305128,10081.838485725084,-51.567456350929056,10030.271029374155
H,6835,1781092800000,1781092800000,1781099100000,6842,0.16779643400000002,0.17359889140714288,0.17356417857142858,0.16202868942857146,-1.0415327045072749,-0.0358010862280133,-7.160217245602659,-0.0358010862280133,stop,ema_retest,0.17356417857142858,,0.0,7,1459.0137357327822,729.5068678663911,10030.271029374155,-52.234276560825144,9978.03675281333
H,6902,1781153100000,1781154000000,1781155800000,6905,0.194271138,0.19918990144285714,0.19915007142857144,0.18939220457142858,-1.0565506051662203,-0.026534255780819315,-5.306851156163863,-0.026534255780819315,stop,ema_retest,0.19915007142857144,,0.0,2,1986.5454031645336,993.2727015822668,9978.03675281333,-52.71150384777856,9925.325248965552
H,6931,1781179200000,1781179200000,1781181000000,6933,0.18519295400000002,0.18170685438977147,0.19223782142857143,0.1781480865714286,0.4635942064642908,0.017635442681014156,3.527088536202831,-0.011165566333587246,trailing_stop,ema_retest,0.19223782142857143,1781180100000,0.5,2,1304.5669921424299,652.2834960712149,9925.325248965552,23.006616413470866,9948.331865379023
COAI,7188,1781410500000,1781410500000,1781478000000,7263,0.46930612,0.4083324130097143,0.5104607142857143,0.4281515257142857,1.4687819165662992,0.12880105605799447,25.760211211598893,-0.08668747977972244,trailing_stop,ema_retest,0.5104607142857143,1781431200000,0.5,75,567.228654448678,283.614327224339,9948.331865379023,73.05964971934495,10021.391515098368
COAI,7334,1781541900000,1781544600000,1781546400000,7339,0.33573284,0.33438326613771424,0.3385657142857143,0.33289996571428565,0.33446743591171685,0.0028221969545877824,0.5644393909175565,-0.0016003200640128652,trailing_stop,ema_retest,0.3385657142857143,1781545500000,0.5,2,5938.3331111488,2969.1665555744,10021.391515098368,16.759145621611932,10038.15066071998
RE,236,1781905500000,1781908200000,1781911800000,243,0.8732753099999999,0.9156238738714286,0.9154407857142858,0.831109834285714,-1.0297975451760415,-0.049723040242316684,-9.944608048463337,-0.049723040242316684,stop,wick,0.9154407857142858,,0.0,4,1039.4841966762112,519.7420983381056,10038.15066071998,-51.68631454258348,9986.464346177398
RE,265,1781931600000,1781932500000,1781937900000,272,0.8680863480000001,0.850318480261543,0.9039621428571428,0.8322105531428573,0.46652136651316284,0.019280138295067556,3.8560276590135114,-0.001830896232456237,trailing_stop,ema_retest,0.9039621428571428,1781933400000,0.5,6,1208.2120268311423,604.1060134155712,9986.464346177398,23.294494967068296,10009.758841144467
BICO,7801,1781962200000,1781964900000,1781967600000,7807,0.041901618,0.04092966486754286,0.043861892857142856,0.03994134314285715,0.470471964365661,0.02200999404692712,4.401998809385424,-0.00852683146507608,trailing_stop,ema_retest,0.043861892857142856,1781965800000,0.5,3,1069.811944242043,534.9059721210215,10009.758841144467,23.546554524098894,10033.305395668565
RE,338,1781997300000,1782000000000,1782001800000,343,1.017006558,1.0081991865174,1.0350245000000002,0.9989886159999999,0.4213715437584109,0.007465289162756395,1.493057832551279,-0.007101241003796841,trailing_stop,ema_retest,1.0350245000000002,1782000900000,0.5,2,2831.6045711024094,1415.8022855512047,10033.305395668565,21.13874691786229,10054.444142586428
BICO,7890,1782042300000,1782042300000,1782046800000,7895,0.050509896000000006,0.049606191825942864,0.05233714285714286,0.04868264914285715,0.4616970706851903,0.016702361085074818,3.3404722170149634,-0.008535199557726166,trailing_stop,ema_retest,0.05233714285714286,1782044100000,0.5,5,1389.6560445421687,694.8280222710844,10054.444142586428,23.210537040000116,10077.654679626428
RE,420,1782071100000,1782071100000,1782076500000,426,0.890031958,0.9145164738642857,0.9143336071428572,0.8657303088571429,-1.052078596522701,-0.028726209990095945,-5.745241998019189,-0.028726209990095945,stop,ema_retest,0.9143336071428572,,0.0,6,1845.4374585504434,922.7187292752217,10077.654679626428,-53.012423957909014,10024.64225566852
AGLD,8429,1782527400000,1782528300000,1782529200000,8431,0.23985202,0.22395239295085712,0.2557964285714286,0.2239076114285714,0.9797380900891405,0.06512909251868035,13.025818503736069,-0.01745609837265491,target,wick,0.2557964285714286,,0.0,1,754.0043533217167,377.00217666085837,10024.64225566852,49.10761928697784,10073.749874955498
AGLD,8448,1782544500000,1782544500000,1782570600000,8477,0.21435712,0.20889816556457141,0.22535857142857144,0.2033556685714286,0.4731195059019355,0.024281914517650986,4.856382903530197,-0.050623190216401374,trailing_stop,ema_retest,0.22535857142857144,1782548100000,0.5,29,981.4068738183864,490.7034369091932,10073.749874955498,23.83043781709315,10097.58031277259
AGLD,8597,1782678600000,1782678600000,1782698400000,8619,0.17626474,0.17512427070771427,0.1786157142857143,0.1739137657142857,0.39542579921440985,0.005274088770454601,1.0548177540909203,-0.00443923191898728,trailing_stop,ema_retest,0.1786157142857143,1782681300000,0.5,22,3785.3399317789904,1892.6699658894952,10097.58031277259,19.964218826548958,10117.54453159914
HMSTR,9146,1783172700000,1783173600000,1783174500000,9148,0.00036722653999999997,0.0003852445335,0.0003851675,0.0003492855799999999,-1.0294586323195634,-0.0502945025272412,-10.05890050544824,-0.0502945025272412,stop,ema_retest,0.0003851675,,0.0,1,1035.4604412570627,517.7302206285314,10117.54453159914,-52.07796777966163,10065.466563819478
HMSTR,9185,1783207800000,1783209600000,1783211400000,9189,0.00034523094,0.00034108622074628566,0.0003536567857142857,0.0003368050942857143,0.4430331487007329,0.010812845909079225,2.162569181815845,-0.005368928277401734,trailing_stop,ema_retest,0.0003536567857142857,1783210500000,0.5,2,2062.054422308247,1031.0272111541235,10065.466563819478,22.29667672455445,10087.763240544033
LAB,9226,1783244700000,1783244700000,1783253700000,9236,16.0547884,15.853363352948572,16.46397857142857,15.64559822857143,0.44546562632059367,0.011353631792472514,2.2707263584945028,-0.01755847686662744,trailing_stop,ema_retest,16.46397857142857,1783251000000,0.5,10,1978.993088846768,989.496544423384,10087.763240544033,22.468758850614048,10110.231999394648
LAB,9256,1783271700000,1783272600000,1783274400000,9259,16.056787999999997,16.372395252857142,16.36912142857143,15.744454571428566,-1.0727790628796852,-0.020867483758822705,-4.173496751764541,-0.020867483758822705,stop,ema_retest,16.36912142857143,,0.0,2,2598.7908593006864,1299.3954296503432,10110.231999394648,-54.23022604903397,10056.001773345613
HMSTR,9278,1783291500000,1783292400000,1783296900000,9284,0.00030973804,0.0003165447248571429,0.0003164814285714286,0.0003029946514285714,-1.0651105805305188,-0.023188803403215077,-4.637760680643015,-0.023188803403215077,stop,ema_retest,0.0003164814285714286,,0.0,5,2309.4667069235343,1154.7333534617671,10056.001773345613,-53.553769433120365,10002.448003912494
LAB,9303,1783314000000,1783314000000,1783315800000,9305,16.3847224,16.28407726422,16.592525000000002,16.1769198,0.39000405183318265,0.0049463063213979405,0.9892612642795882,-0.002577620840252847,trailing_stop,ema_retest,16.592525000000002,1783314900000,0.5,2,3943.3417547359777,1971.6708773679889,10002.448003912494,19.504976248883015,10021.952980161377
LAB,9394,1783395900000,1783397700000,1783420200000,9421,14.396120199999999,13.481716004039997,14.8112,13.981040399999998,2.162662442830452,0.06235551535875461,12.471103071750921,-0.02655754729527751,trailing_stop,ema_retest,14.8112,1783406700000,0.5,25,1737.9458087475116,868.9729043737558,10021.952980161377,108.37050657003866,10130.323486731415
MMT,11771,1785535200000,1785535200000,1785537900000,11774,0.19866026,0.2050067074285714,0.20496571428571428,0.19235480571428573,-1.044912437785154,-0.03316540313109702,-6.633080626219404,-0.03316540313109702,stop,ema_retest,0.20496571428571428,,0.0,3,1595.8348174196594,797.9174087098297,10130.323486731415,-52.92650505036361,10077.396981681051
MMT,11832,1785590100000,1785591000000,1785591900000,11834,0.1929614,0.19664289214285713,0.1966035714285714,0.1893192285714286,-1.0749781538093475,-0.020290351946777117,-4.058070389355423,-0.020290351946777117,stop,ema_retest,0.1966035714285714,,0.0,1,2669.490807992633,1334.7454039963166,10077.396981681051,-54.16490801285694,10023.232073668194
APR,12901,1786552200000,1786552200000,1786555800000,12905,0.43181362,0.4083310327337143,0.45537785714285717,0.40824938285714285,0.975142981940783,0.053213931683408884,10.642786336681777,-0.04911249084732441,target,wick,0.45537785714285717,,0.0,4,918.3764574239004,459.1882287119502,10023.232073668194,48.87042206500651,10072.102495733201
APR,12984,1786626900000,1786629600000,1786630500000,12988,0.4934013,0.5061108447857143,0.5060096428571429,0.4807929571428571,-1.0555909070196157,-0.026974497376852823,-5.394899475370565,-0.026974497376852823,stop,ema_retest,0.5060096428571429,,0.0,1,1970.7540163823444,985.3770081911722,10072.102495733201,-53.16009904532771,10018.942396687873
APR,13025,1786663800000,1786663800000,1786666500000,13028,0.50129972,0.49640562698742857,0.5112864285714286,0.4913130114285714,0.4301186695953134,0.008568665875933412,1.7137331751866824,-0.005393500375384092,trailing_stop,ema_retest,0.5112864285714286,1786665600000,0.5,3,2514.58875676258,1257.29437838129,10018.942396687873,21.546670872077343,10040.48906755995
APR,13055,1786690800000,1786690800000,1786693500000,13058,0.47100578000000004,0.49539620228571424,0.4952971428571428,0.44671441714285726,-1.0279482308973542,-0.05301477080617912,-10.602954161235823,-0.05301477080617912,stop,ema_retest,0.4952971428571428,,0.0,3,973.4176737343835,486.70883686719174,10040.48906755995,-51.60551487171239,9988.883552688238
APR,13083,1786716000000,1786716000000,1786716900000,13084,0.49980002,0.5198125131428573,0.5197085714285715,0.4798914685714285,-1.035949839783135,-0.041265025685158954,-8.25300513703179,-0.041265025685158954,stop,ema_retest,0.5197085714285715,,0.0,1,1253.844162726578,626.922081363289,9988.883552688238,-51.73991158009886,9937.14364110814
APR,13117,1786746600000,1786746600000,1786752900000,13124,0.51899618,0.5137591441397144,0.5296757142857142,0.5083166457142858,0.4323580544123933,0.008896756553780123,1.7793513107560246,-0.02069086748962185,trailing_stop,ema_retest,0.5296757142857142,1786752000000,0.5,7,2414.5901178224954,1207.2950589112477,9937.14364110814,21.482020455430003,9958.62566156357
TRUMP,13891,1787443200000,1787443200000,1787446800000,13896,2.3845229999999997,2.3737905203142855,2.454414285714286,2.3146317142857136,0.11271064043275215,0.003303592195808409,0.6607184391616818,-0.030140371118248868,stop_gap,ema_retest,2.454414285714286,1787446800000,0.5,5,1698.822084591772,849.411042295886,9958.62566156357,5.612215380724351,9964.237876944295
TRUMP,13974,1787517900000,1787518800000,1787520600000,13977,2.7034592,2.6909554549028574,2.729542857142857,2.6773755428571433,0.3552836265806739,0.003427866159105005,0.685573231821001,-0.0016003200640128082,trailing_stop,ema_retest,2.729542857142857,1787519700000,0.5,2,5163.752615647034,2581.876307823517,9964.237876944295,17.700652845166424,9981.93852978946
SOPH,15521,1788910200000,1788910200000,1788939000000,15553,0.0059338130000000005,0.005685030135814286,0.006121089285714285,0.005746536714285716,1.2912022330106556,0.0407514625594413,8.15029251188826,-0.026056098734489937,trailing_stop,ema_retest,0.006121089285714285,1788912900000,0.5,32,1581.3789873970052,790.6894936985026,9981.93852978946,64.44350659719625,10046.382036386656
IOST,15595,1788976800000,1788976800000,1788978600000,15597,0.00187182556,0.001977674384357143,0.001977278928571429,0.0017663721914285713,-1.0256526253165261,-0.05778237386808476,-11.556474773616952,-0.05778237386808476,stop,wick,0.001977278928571429,,0.0,2,891.629870908097,445.8149354540485,10046.382036386656,-51.52049055276382,9994.861545833892
IOST,15667,1789041600000,1789042500000,1789044300000,15670,0.00111067782,0.0010962971955959999,0.0011398775,0.00108147814,0.44714323563280467,0.011755379606520377,2.3510759213040755,-0.00763749905800774,trailing_stop,ema_retest,0.0011398775,1789043400000,0.5,2,1900.8891592182863,950.4445796091431,9994.861545833892,22.34567365653031,10017.207219490421
IOST,15716,1789085700000,1789087500000,1789088400000,15719,0.0009968006000000001,0.0010125313943571428,0.0010123289285714286,0.0009812722714285717,-1.0906771759659475,-0.01699075377137302,-3.398150754274604,-0.01699075377137302,stop,ema_retest,0.0010123289285714286,,0.0,1,3215.1426088074677,1607.5713044037338,10017.207219490421,-54.62769640609757,9962.579523084323
IOST,15747,1789113600000,1789113600000,1789114500000,15748,0.0009399119800000001,0.0009534402927857142,0.0009532496428571428,0.0009265743171428573,-1.0994672984654412,-0.015601805766307602,-3.1203611532615203,-0.015601805766307602,stop,ema_retest,0.0009532496428571428,,0.0,1,3510.340584308198,1755.170292154099,9962.579523084323,-54.76765196996324,9907.81187111436
IOST,15807,1789167600000,1789167600000,1789169400000,15809,0.00088072382,0.000876919650288857,0.0008886828571428571,0.0008727647828571429,0.34546686736313104,0.003121958968896354,0.6243917937792708,-0.0035320950034028976,trailing_stop,ema_retest,0.0008886828571428571,1789168500000,0.5,2,5481.847717471962,2740.923858735981,9907.81187111436,17.1141036476856,9924.925974762045
ONE,16350,1789656300000,1789657200000,1789661700000,16356,0.00122405514,0.0013351362595714284,0.0013348692857142856,0.0011132409942857145,-1.0162658718818536,-0.09200290961661352,-18.400581923322704,-0.09200290961661352,stop,wick,0.0013348692857142856,,0.0,5,548.1545959326406,274.0772979663203,9924.925974762045,-50.43181774552204,9874.494157016523
ONE,16421,1789720200000,1789722000000,1789731000000,16433,0.00159888016,0.0015586738767265716,0.0016799160714285712,0.0015178442485714288,0.4727749731693,0.023961615016470355,4.792323003294071,-0.04491524136743308,trailing_stop,ema_retest,0.0016799160714285712,1789730100000,0.5,10,974.1442108420061,487.0721054210031,9874.494157016523,23.34206855071948,9897.836225567242
AKE,276,1789791300000,1789791300000,1789793100000,278,0.042001598,0.04495356034285714,0.04494457142857143,0.03905862457142857,-1.020782385833879,-0.07152431290501983,-14.304862581003967,-0.07152431290501983,stop,ema_retest,0.04494457142857143,,0.0,2,706.3008693522467,353.1504346761233,9897.836225567242,-50.51768438463762,9847.318541182603
ONE,16509,1789799400000,1789800300000,1789804800000,16515,0.0021922614600000004,0.0021509806929737147,0.0022756832142857143,0.0021088397057142864,0.4636059510573557,0.017641518787864584,3.528303757572917,-0.01858267602076967,trailing_stop,ema_retest,0.0022756832142857143,1789803000000,0.5,5,1293.9009199111867,646.9504599555934,9847.318541182603,22.82637738824847,9870.144918570852
AKE,309,1789821000000,1789823700000,1789824600000,313,0.062957406,0.06015791260525714,0.06576892857142856,0.060145883428571426,0.9694477402665064,0.04329314653751304,8.658629307502608,-0.004461683532514092,target,wick,0.06576892857142856,,0.0,1,1105.0928902938913,552.5464451469456,9870.144918570852,47.84294843705725,9917.987867007909
ONE,16572,1789856100000,1789856100000,1789858800000,16575,0.00438902202,0.004041139249093714,0.004737712857142857,0.004040331182857143,0.9831766069734021,0.07810958172062885,15.621916344125768,-0.0518110926278741,target,wick,0.004737712857142857,,0.0,3,624.1957416930398,312.0978708465199,9917.987867007909,48.75566829544103,9966.74353530335
ONE,16609,1789889400000,1789890300000,1789893000000,16613,0.00393801224,0.004107204490928571,0.004106383214285714,0.0037696412657142863,-1.0335473896577272,-0.04418964959010079,-8.837929918020158,-0.04418964959010079,stop,ema_retest,0.004106383214285714,,0.0,3,1165.5559457760921,582.7779728880461,9966.74353530335,-51.50550882150403,9915.238026481846
ONE,16633,1789911000000,1789911000000,1789915500000,16638,0.00418726238,0.004094711991499714,0.004374000714285714,0.004000524045714286,0.4690049539768563,0.02091610124450482,4.183220248900963,-0.028345606904146312,trailing_stop,ema_retest,0.004374000714285714,1789913700000,0.5,5,1111.6545334904235,555.8272667452118,9915.238026481846,23.25147877139847,9938.489505253245
MUBARAK,16874,1790127900000,1790128800000,1790130600000,16877,0.0777584452,0.07659438718570286,0.08011719285714286,0.07539969754285714,0.4542437219263877,0.01377916330644071,2.755832661288142,-0.0044704703889834885,trailing_stop,ema_retest,0.08011719285714286,1790129700000,0.5,2,1638.1605917546508,819.0802958773254,9938.489505253245,22.572482315962883,9961.061987569208
MUBARAK,16963,1790208000000,1790208000000,1790211600000,16967,0.0529754028,0.05250721961548285,0.053932767857142856,0.05201803774285715,0.422924994020794,0.007643049220342292,1.5286098440684583,-0.007418991006898017,trailing_stop,ema_retest,0.053932767857142856,1790210700000,0.5,4,2755.9563991299256,1377.9781995649628,9961.061987569208,21.06391040766733,9982.125897976875
