symbol,entry_ts,exit_ts,entry,sweep_high,stop,tp1,tp2,tp3,net_r,regime,zone,confirmation,partials,invalidated,exit_reason
LAB-USDT-SWAP,1783693800000,1783743300000,1.224755,1.256,1.2805928323405305,1.113079335319,1.034,0.806,4.593955955165277,bearish,normal_extension,failed_retest,"TP1,TP2,TP3",False,targets
BSB-USDT-SWAP,1784048400000,1784123100000,0.1704659,0.1743,0.17776508456538032,0.155867530869,0.1371,0.1137,3.317766287779601,range,normal_extension,failed_retest,"TP1,TP2",False,stop
PIEVERSE-USDT-SWAP,1785053700000,1785307500000,0.95310934,0.9773,0.9983381303996525,0.862651759201,0.6385,0.6377,5.21370253504529,range,extreme_sweep,failed_retest,TP1,False,window_end
BEAT-USDT-SWAP,1786239900000,1786240800000,3.03749238,3.0999,3.1344447253608747,2.6666,2.30285,1.608,-1.0438616447716809,range,normal_extension,failed_retest,,False,stop
BEAT-USDT-SWAP,1786257000000,1786257900000,3.04819024,3.1447,3.2047426127775336,2.7135,2.4751,1.608,-1.0272590332569678,range,normal_extension,failed_retest,,False,stop
BEAT-USDT-SWAP,1786538700000,1786572000000,1.2137572,1.3526,1.3949604233622535,1.0872,0.851350753275,0.725,0.20015041259776534,bearish,normal_extension,break_of_local_low,TP1,False,stop
BEAT-USDT-SWAP,1787371200000,1787373000000,0.17526494,0.1786,0.18210538408142837,0.161584051837,0.1468,0.111,-1.035870612065403,bearish,normal_extension,failed_retest,,False,stop
BEAT-USDT-SWAP,1787392800000,1787462100000,0.17236552,0.1868,0.1916531756459288,0.133790208708,0.1309,0.111,1.9845411159484003,bearish,normal_extension,break_of_local_low,"TP1,TP2",False,stop
LAB-USDT-SWAP,1789147800000,1789148700000,0.065606876,0.06755,0.0682428932942972,0.060334841411,0.0472,0.03651,-1.0348440909696264,range,normal_extension,failed_retest,,False,stop
LAB-USDT-SWAP,1789167600000,1789181100000,0.078014394,0.08465,0.08566976785931764,0.062703646281,0.05664,0.03651,-1.0142671218423989,range,normal_extension,break_of_local_low,,False,stop
