equity_after,fee,level,price,quantity,quote,reason,side,symbol,timestamp
9987.503173160256,1.1992804317409553,0,1553.500638,1.2866429988349055,1998.800719568259,initial_position,buy,ETH,1744070400000
10045.18897534729,0.30699401062311044,0,1590.671802,0.3216607497087264,511.6566843718508,oscillation_take_profit,sell,ETH,1744077600000
10046.658057850498,0.119928808822115,1,1566.6832739999998,0.1275824867438129,199.88134803685836,martingale_buy,buy,ETH,1744110000000
9984.246433479348,0.2038776733959624,2,1531.3962179999999,0.22188648393710744,339.79612232660406,martingale_buy,buy,ETH,1744124400000
9895.51119167709,0.3465896966044599,3,1476.2952,0.3912831893924511,577.6494943407665,martingale_buy,buy,ETH,1744138800000
9892.077671580333,0.5892024776990483,4,1473.8847179999998,0.6662692933209543,982.0041294984139,martingale_buy,buy,ETH,1744156800000
10275.057805253748,0.5808349565919577,0,1632.47344,0.5930009256301262,968.0582609865962,oscillation_take_profit,sell,ETH,1744221600000
10351.049175786693,0.4460019545804185,0,1671.3556620000002,0.4447506942225946,743.3365909673643,oscillation_take_profit,sell,ETH,1744236000000
10245.750173348446,0.11992879483371018,1,1595.839104,0.12525155212818392,199.8813247228503,martingale_buy,buy,ETH,1744272000000
10246.10994600848,0.20387639502176724,2,1595.128962,0.21301976191122873,339.79399170294545,martingale_buy,buy,ETH,1744286400000
10112.774896638673,0.3465943615803659,3,1496.2992,0.38605732683717925,577.6572693006099,martingale_buy,buy,ETH,1744300800000
10165.196643128096,0.589194802957619,4,1514.532846,0.6483790304424327,981.9913382626983,martingale_buy,buy,ETH,1744315200000
10607.099374817912,0.6915007171736489,0,1703.0193279999999,0.6767399384967021,1152.501195289415,oscillation_take_profit,sell,ETH,1745337600000
10720.373789385121,0.534181015718334,0,1754.09911,0.5075549538725266,890.30169286389,oscillation_take_profit,sell,ETH,1745359200000
10793.841120001605,0.40918077031343625,0,1791.511626,0.38066621540439494,681.9679505223938,oscillation_take_profit,sell,ETH,1745377200000
10791.99628108682,0.3108486622606229,0,1814.646998,0.2854996615532962,518.0811037677049,oscillation_take_profit,sell,ETH,1745413200000
10774.292670898782,0.11992871710130804,1,1779.90591,0.11229874233568153,199.88119516884674,martingale_buy,buy,ETH,1745463600000
10760.613919028694,0.2038788265176128,2,1768.4136119999998,0.19214851202809075,339.79804419602135,martingale_buy,buy,ETH,1745478000000
10759.619800932187,0.34659402557075836,3,1750.119954,0.3300669236781911,577.6567092845974,martingale_buy,buy,ETH,1745492400000
10846.287668426055,0.41169000516486176,0,1840.761774,0.37275329067546303,686.150008608103,oscillation_take_profit,sell,ETH,1745715600000
10839.730880504145,0.11992737590999988,1,1797.6594599999999,0.11118844491826047,199.87895984999983,martingale_buy,buy,ETH,1745730000000
10833.930861073231,0.2038776733959624,2,1805.741076,0.18817544045645004,339.79612232660406,martingale_buy,buy,ETH,1745755200000
10833.53239256378,0.346592044773136,3,1793.4586199999999,0.32208906384203434,577.6534079552267,martingale_buy,buy,ETH,1745769600000
10784.968796470625,0.5892064761143313,4,1790.8581,0.5483465125036348,982.0107935238856,martingale_buy,buy,ETH,1745798400000
10976.901787800467,0.6355540921821773,0,1851.7995660000001,0.5720148334366921,1059.256820303629,oscillation_take_profit,sell,ETH,1746115200000
10930.048921811136,0.11992804317409553,1,1831.56624,0.10913068148538592,199.8800719568259,martingale_buy,buy,ETH,1746165600000
10925.60536048185,0.2038776733959624,2,1819.853898,0.1867161549067408,339.79612232660406,martingale_buy,buy,ETH,1746180000000
10916.51738652596,0.34659013857788806,3,1818.593646,0.3176356808645458,577.6502309631468,martingale_buy,buy,ETH,1746270000000
10878.360212239193,0.58920319970524,4,1798.679664,0.5459589900839991,982.0053328420668,martingale_buy,buy,ETH,1746511200000
11134.27854457117,0.8194142949735119,0,1899.76997,0.7188715019126869,1365.69049162252,oscillation_take_profit,sell,ETH,1746676800000
11218.202128021234,0.6234937881566273,0,1927.384446,0.5391536264345151,1039.1563135943788,oscillation_take_profit,sell,ETH,1746691200000
11256.909951001904,0.4746282059845883,0,1956.2686680000002,0.40436521982588636,791.0470099743139,oscillation_take_profit,sell,ETH,1746705600000
11366.931588468144,0.373063285959514,0,2050.1998780000004,0.3032739148694148,621.7721432658567,oscillation_take_profit,sell,ETH,1746720000000
11473.984944770826,0.2888997749308004,0,2116.896536,0.2274554361520611,481.49962488466736,oscillation_take_profit,sell,ETH,1746734400000
11485.278962997416,0.22580715977201374,0,2206.118688,0.17059157711404582,376.3452662866896,oscillation_take_profit,sell,ETH,1746748800000
11554.756950710142,0.17312767442398885,0,2255.258858,0.12794368283553437,288.54612403998146,oscillation_take_profit,sell,ETH,1746774000000
11549.552830242994,0.08756799984305944,0,2347.5304,0.06217029879787672,145.94666640509908,oscillation_take_profit,sell,ETH,1746788400000
11529.01383521865,0.11992804317409554,1,2280.526014,0.08764647749237467,199.88007195682593,martingale_buy,buy,ETH,1750543200000
11524.416424136527,0.2038785717412811,2,2269.9438979999995,0.14969428093275366,339.79761956880185,martingale_buy,buy,ETH,1750579200000
11483.231548448657,0.3465904684304406,3,2199.1397399999996,0.26267124831157895,577.6507807174011,martingale_buy,buy,ETH,1750600800000
11468.846936483606,0.5892037756240315,4,2182.2763680000003,0.4499917183297469,982.0062927067191,martingale_buy,buy,ETH,1750618800000
11756.200415681265,0.45879852097861434,0,2405.238856,0.3179161186937951,764.664201631024,oscillation_take_profit,sell,ETH,1750719600000
11745.57591719356,0.34671497602714707,0,2423.5251980000003,0.23843708902034633,577.8582933785785,oscillation_take_profit,sell,ETH,1750748400000
11795.3093581773,0.2658183669562299,0,2477.414418,0.17882781676525975,443.03061159371657,oscillation_take_profit,sell,ETH,1750784400000
11789.262368419937,0.11992804317409553,1,2428.5956220000003,0.08230273914115863,199.8800719568259,martingale_buy,buy,ETH,1750831200000
11778.610602361565,0.2038776733959624,2,2419.753854,0.14042590396742233,339.79612232660406,martingale_buy,buy,ETH,1750845600000
11826.709885334545,0.28371622719167033,0,2491.321636,0.18980302335109006,472.86037865278394,oscillation_take_profit,sell,ETH,1750906800000
11804.61956595329,0.11992804317409553,1,2450.179938,0.08157771143942241,199.8800719568259,martingale_buy,buy,ETH,1750935600000
11788.80581213036,0.20387851170876423,2,2432.496402,0.13969086212634285,339.7975195146071,martingale_buy,buy,ETH,1750953600000
11762.778912652786,0.3465906096093896,3,2415.4729979999997,0.2391461285197316,577.6510160156494,martingale_buy,buy,ETH,1750982400000
11780.094437459125,0.5892089138738519,4,2417.493402,0.40621201102100046,982.0148564564199,martingale_buy,buy,ETH,1751072400000
11915.586587089665,0.5422413183219683,0,2517.306438,0.3590089457899419,903.7355305366139,oscillation_take_profit,sell,ETH,1751245200000
11884.069323786063,0.11992804317409554,1,2463.1325279999996,0.08114872816816049,199.88007195682593,martingale_buy,buy,ETH,1751266800000
11858.376605436051,0.2038776733959624,2,2455.491,0.13838214936507773,339.79612232660406,martingale_buy,buy,ETH,1751281200000
11887.477566271218,0.3465920447731361,3,2438.307564,0.23690752408920746,577.6534079552268,martingale_buy,buy,ETH,1751295600000
11825.159564078149,0.5892040694414176,4,2448.699642,0.4010319459189772,982.0067824023628,martingale_buy,buy,ETH,1751371200000
12071.586603796044,0.7426983496221183,0,2559.4880000000003,0.4836242962278121,1237.8305827035306,oscillation_take_profit,sell,ETH,1751475600000
12111.993123087723,0.5633098624081656,0,2588.372222,0.3627182221708591,938.8497706802762,oscillation_take_profit,sell,ETH,1751490000000
12117.352699085895,0.4281287900207807,0,2622.965302,0.2720386666281443,713.5479833679678,oscillation_take_profit,sell,ETH,1751551200000
12103.492305776748,0.11992757725499197,1,2574.5148,0.07763765639451232,199.87929542498662,martingale_buy,buy,ETH,1751598000000
12062.192538695928,0.2038776733959624,2,2557.991496,0.13283708052116372,339.79612232660406,martingale_buy,buy,ETH,1751612400000
12075.974583565025,0.346592044773136,3,2547.329364,0.22676824446767013,577.6534079552267,martingale_buy,buy,ETH,1751626800000
12008.718573654513,0.5892064761143314,4,2516.0931180000002,0.39029191189254137,982.0107935238858,martingale_buy,buy,ETH,1751641200000
12262.26144077799,0.6552763558111112,0,2657.808332,0.41091272329008016,1092.1272596851854,oscillation_take_profit,sell,ETH,1752066000000
12383.580435200207,0.5022446497819564,0,2716.146662,0.3081845424675601,837.0744163032607,oscillation_take_profit,sell,ETH,1752087600000
12388.556256490032,0.3852676374238901,0,2778.04428,0.23113840685067008,642.1127290398168,oscillation_take_profit,sell,ETH,1752102000000
12404.356640243086,0.2905313985734356,0,2793.2412400000003,0.17335380513800255,484.2189976223927,oscillation_take_profit,sell,ETH,1752130800000
12421.659673396667,0.21894756299089327,0,2806.68855,0.1300153538535019,364.91260498482217,oscillation_take_profit,sell,ETH,1752166800000
12477.593596902594,0.12190717180259447,0,2971.0856639999997,0.06838531185177932,203.1786196709908,oscillation_take_profit,sell,ETH,1752184800000
12466.545537013522,0.11992804317409553,1,2943.68862,0.06790122793518355,199.8800719568259,martingale_buy,buy,ETH,1752325200000
12468.20509671574,0.2038776733959624,2,2916.313146,0.11651565017723377,339.79612232660406,martingale_buy,buy,ETH,1752354000000
12492.905783953702,0.2265471437822535,0,2984.35301,0.12651940695528593,377.5785729704225,oscillation_take_profit,sell,ETH,1752411600000
12509.13171979722,0.10418765868622039,0,2999.20004,0.0578974711571314,173.64609781036734,oscillation_take_profit,sell,ETH,1752462000000
12487.778666364822,0.11992804317409553,1,2951.960274,0.0677109626837837,199.8800719568259,martingale_buy,buy,ETH,1752552000000
12496.56814718225,0.12396548548095661,0,3051.33961,0.06771096268378368,206.60914246826104,oscillation_take_profit,sell,ETH,1752588000000
12506.187356066595,0.11992965259543885,1,2981.286138,0.06704581347559717,199.88275432573144,martingale_buy,buy,ETH,1763409600000
12560.040426302017,0.12488539117919531,0,3104.47898,0.06704581347559718,208.1423186319922,oscillation_take_profit,sell,ETH,1763481600000
12514.775188925132,0.11992843671239889,1,3048.049488,0.06557660190259948,199.88072785399817,martingale_buy,buy,ETH,1763528400000
12485.821963450777,0.2038769873572406,2,2972.3943600000002,0.11431692358908067,339.7949789287344,martingale_buy,buy,ETH,1763568000000
12495.506956079174,0.3465920447731361,3,2880.986082,0.2005054490073121,577.6534079552268,martingale_buy,buy,ETH,1763582400000
12406.425111770392,0.5892064761143313,4,2861.5621979999996,0.3431729683213706,982.0107935238856,martingale_buy,buy,ETH,1763658000000
12703.631573654457,0.4900993695912478,0,3125.934688,0.26130817313227234,816.8322826520797,oscillation_take_profit,sell,ETH,1764784800000
12756.04872339603,0.371828034688529,0,3162.1074519999997,0.19598112984920424,619.7133911475484,oscillation_take_profit,sell,ETH,1764799200000
12771.74232473311,0.2822569026294062,0,3200.499772,0.14698584738690318,470.4281710490104,oscillation_take_profit,sell,ETH,1764813600000
12769.589272414696,0.11992766160342548,1,3143.6286,0.06358239519951853,199.87943600570915,martingale_buy,buy,ETH,1764860400000
12733.865263748385,0.20387832672440376,2,3121.234122,0.10886630029201623,339.7972112073396,martingale_buy,buy,ETH,1764928800000
12715.203876559062,0.34659092608472103,3,3098.809638,0.18641078702961456,577.6515434745351,martingale_buy,buy,ETH,1764943200000
12653.722156518565,0.5892045252028695,4,3020.75403,0.3250868929585712,982.0075420047825,martingale_buy,buy,ETH,1764979200000
13002.100500707651,0.5474442205887181,0,3244.390992,0.2812259794101075,912.4070343145303,oscillation_take_profit,sell,ETH,1765296000000
12975.563656228107,0.4247250189784444,0,3356.138638,0.21091948455758064,707.8750316307408,oscillation_take_profit,sell,ETH,1765310400000
13012.93384619172,0.3207111611300237,0,3378.97407,0.1581896134181855,534.5186018833729,oscillation_take_profit,sell,ETH,1765393200000
12957.860090127731,0.11992804317409553,1,3323.374542,0.060143709181974564,199.8800719568259,martingale_buy,buy,ETH,1765411200000
12925.06015072672,0.2038776733959624,2,3190.407954,0.10650554011457435,339.79612232660406,martingale_buy,buy,ETH,1765425600000
12912.743735390057,0.34659096167638076,3,3200.64,0.18048002986714157,577.651602793968,martingale_buy,buy,ETH,1765440000000
12915.258508701088,0.5892064761143314,4,3191.7182159999998,0.3076746526686132,982.0107935238857,martingale_buy,buy,ETH,1765454400000
11515.539449453816,1.327544782310278,0,1959.1180980000001,1.12937277208686,2212.5746371837968,emergency_stop,sell,ETH,1770307200000
