symbol,entry_utc,exit_utc,net_r,complete_next_24h,additional_downside_24h_pct,entry_to_future_low_24h_r_hindsight_only,complete_next_48h,additional_downside_48h_pct,entry_to_future_low_48h_r_hindsight_only
LAB,2026-05-02T21:45:00+00:00,2026-05-02T23:00:00+00:00,0.9968041459847211,True,67.41895611021134,2.249962631235827,True,67.41895611021134,2.249962631235827
PIEVERSE,2026-04-20T05:45:00+00:00,2026-04-20T06:00:00+00:00,0.986459178402397,True,59.015685971572495,6.45461434461546,True,59.015685971572495,6.45461434461546
LAB,2026-05-02T06:15:00+00:00,2026-05-02T07:00:00+00:00,0.9937837181854468,True,55.43385584340803,3.2236105225544973,True,55.43385584340803,3.2236105225544973
SOPH,2026-09-08T10:00:00+00:00,2026-09-08T11:15:00+00:00,0.989350152439721,True,48.95443045753268,4.513874264338121,True,61.127142506361864,5.387612947350371
BASED,2026-04-17T01:15:00+00:00,2026-04-17T01:45:00+00:00,0.9861989162443794,True,41.111129392227596,4.8761782018325315,True,50.80786417041989,5.790438464973986
RAVE,2026-04-15T03:00:00+00:00,2026-04-15T03:15:00+00:00,0.9646556356006205,True,38.462091379319354,10.544474176822437,True,38.462091379319354,10.544474176822437
KAT,2026-04-24T21:45:00+00:00,2026-04-24T22:15:00+00:00,0.9884107811445807,True,37.51154438751513,3.9441945753162444,True,52.03603914823513,5.084188659322919
ORDI,2026-04-17T02:15:00+00:00,2026-04-17T03:45:00+00:00,0.9782299022160184,True,35.14050255389611,6.313315110449094,True,49.36940527171934,8.46475400065182
RAVE,2026-04-21T07:30:00+00:00,2026-04-21T07:45:00+00:00,0.9898141841693426,True,32.76296469212561,3.243091632181804,True,50.307932680979775,4.444294614040009
BSB,2026-06-07T17:00:00+00:00,2026-06-07T17:15:00+00:00,0.9790083847530866,True,28.786722101772423,5.192553219146849,True,28.786722101772423,5.192553219146849
ONE,2026-09-20T09:00:00+00:00,2026-09-20T09:15:00+00:00,0.9735204490386499,True,28.03574046101207,6.1820727794755665,True,28.03574046101207,6.1820727794755665
CHIP,2026-04-23T01:45:00+00:00,2026-04-23T02:30:00+00:00,0.985368039916961,True,26.366614071391016,3.642454048043453,True,34.70828669639526,4.478453943051316
APE,2026-04-25T03:15:00+00:00,2026-04-25T04:00:00+00:00,0.9784629233987381,True,25.17804606828151,4.76506784562564,True,27.711715653781475,5.14394704307945
ALLO,2026-06-06T11:45:00+00:00,2026-06-06T12:45:00+00:00,0.9895294996260607,True,23.1204460523603,2.6299343728071367,True,23.1204460523603,2.6299343728071367
AKE,2026-09-19T12:30:00+00:00,2026-09-19T13:00:00+00:00,0.9781655922528422,True,22.314780568143057,4.3842895564115825,True,46.40855708666315,8.038384025193876
ORDI,2026-04-16T16:30:00+00:00,2026-04-16T21:30:00+00:00,0.9916407617558548,True,21.32416054814723,2.181750436030298,True,31.06342421473205,2.7214846524658736
ONE,2026-09-19T22:15:00+00:00,2026-09-19T23:45:00+00:00,0.9875560762358073,True,19.097501898181356,2.6154997897936934,True,21.44628410113738,2.8141884546974505
ONE,2026-09-17T23:15:00+00:00,2026-09-18T01:00:00+00:00,0.992066337141386,True,18.01326662434245,1.9435135874442755,True,18.01326662434245,1.9435135874442755
BEAT,2026-06-08T07:30:00+00:00,2026-06-08T07:45:00+00:00,0.9492547528733926,True,17.972458366252354,7.436829459249166,True,17.972458366252354,7.436829459249166
BIO,2026-04-16T04:30:00+00:00,2026-04-16T06:00:00+00:00,0.9842470509224809,True,17.149852789993414,2.856061237706322,True,29.903754239291402,4.236365920168705
AGLD,2026-06-27T02:30:00+00:00,2026-06-27T05:30:00+00:00,0.9853410478454675,True,14.490539752482778,2.4550310335793144,True,22.22577053145227,3.23174473973164
ENJ,2026-04-09T03:30:00+00:00,2026-04-09T04:15:00+00:00,0.988343897953397,True,14.252570573841105,2.12545977981037,True,18.040851116511526,2.424602826555846
OPN,2026-06-03T18:30:00+00:00,2026-06-04T00:30:00+00:00,0.9909387573651648,True,12.982386390516998,1.7845550469199107,True,21.288174149024808,2.2864926343994196
BICO,2026-06-20T00:45:00+00:00,2026-06-20T02:15:00+00:00,0.98983193721302,True,11.894276686628624,1.812824516065636,True,11.894276686628624,1.812824516065636
UB,2026-05-02T05:15:00+00:00,2026-05-02T05:30:00+00:00,0.9802257415250032,True,8.97838167758007,2.2295646871204298,True,20.53944285177678,3.812820230926037
AKE,2026-09-19T01:00:00+00:00,2026-09-19T02:00:00+00:00,0.9816386593500216,True,7.132294645328752,1.9047732680891583,True,7.132294645328752,1.9047732680891583
LAB,2026-07-05T06:00:00+00:00,2026-07-05T06:30:00+00:00,0.9631517116344214,True,6.422750542716615,2.662812571583752,True,19.003994110738,5.920022988199833
ALLO,2026-05-29T13:00:00+00:00,2026-05-29T17:15:00+00:00,0.9855189138187566,True,3.4413357812195566,1.3411813170135725,True,8.582248781152025,1.850862318658687
RAVE,2026-04-13T00:45:00+00:00,2026-04-13T01:30:00+00:00,0.9834036847569324,True,3.2531387185431693,1.3716698030971934,True,3.2531387185431693,1.3716698030971934
RE,2026-06-19T21:45:00+00:00,2026-06-19T22:00:00+00:00,0.9797226764170962,True,2.669814199855469,1.3752163951432042,True,2.669814199855469,1.3752163951432042
OPN,2026-06-04T13:15:00+00:00,2026-06-04T14:45:00+00:00,0.9878731229743654,True,2.082947864418694,1.1714844719307071,True,23.67394195234185,2.949023066570384
RAVE,2026-04-09T23:00:00+00:00,2026-04-09T23:15:00+00:00,0.9897106647393356,True,0.0,0.5852417838370735,True,0.0,0.5852417838370735
ORDI,2026-04-16T08:00:00+00:00,2026-04-16T08:15:00+00:00,0.9791662256130546,True,0.0,0.7983680480996395,True,0.0,0.7983680480996395
