variant,split,symbol,trades,wins,total_r,avg_r
major_long,train,ADA,5,3,1.7849,0.357
major_long,train,APT,8,2,-3.7227,-0.4653
major_long,train,ATOM,11,3,-4.6065,-0.4188
major_long,train,AVAX,8,2,-4.0161,-0.502
major_long,train,BCH,2,0,-2.3667,-1.1834
major_long,train,BNB,4,2,0.2384,0.0596
major_long,train,BTC,5,4,3.8737,0.7747
major_long,train,DOGE,8,3,-1.4209,-0.1776
major_long,train,DOT,5,0,-5.4281,-1.0856
major_long,train,ETC,6,2,-1.9912,-0.3319
major_long,train,ETH,4,1,-2.0055,-0.5014
major_long,train,LINK,5,2,-0.6266,-0.1253
major_long,train,LTC,5,3,1.7507,0.3501
major_long,train,NEAR,3,2,1.7449,0.5816
major_long,train,SOL,3,2,1.5962,0.5321
major_long,train,SUI,4,1,-1.8815,-0.4704
major_long,train,UNI,4,1,-1.7971,-0.4493
major_long,train,XRP,9,4,-0.1774,-0.0197
major_long,test,ATOM,1,1,1.406,1.406
major_long,test,AVAX,1,1,1.3829,1.3829
major_long,test,BCH,3,0,-3.408,-1.136
major_long,test,BNB,1,0,-1.2115,-1.2115
major_long,test,BTC,2,0,-2.3432,-1.1716
major_long,test,DOT,1,0,-1.0617,-1.0617
major_long,test,ETC,1,1,1.4084,1.4084
major_long,test,ETH,5,0,-5.6007,-1.1201
major_long,test,LTC,2,1,0.255,0.1275
major_long,test,NEAR,4,2,0.7279,0.182
major_long,test,SOL,3,2,1.4614,0.4871
major_long,test,SUI,1,0,-1.1491,-1.1491
major_long,test,TRX,3,1,-1.7404,-0.5801
major_short,train,ADA,3,0,-3.3714,-1.1238
major_short,train,APT,4,1,-1.8457,-0.4614
major_short,train,ATOM,1,0,-1.1358,-1.1358
major_short,train,AVAX,6,2,-1.6086,-0.2681
major_short,train,BCH,2,1,0.204,0.102
major_short,train,BNB,3,0,-3.7465,-1.2488
major_short,train,BTC,2,1,-0.0688,-0.0344
major_short,train,DOGE,4,1,-2.0266,-0.5067
major_short,train,DOT,2,0,-2.2497,-1.1249
major_short,train,ETC,7,3,-0.4416,-0.0631
major_short,train,ETH,2,1,0.2397,0.1198
major_short,train,LINK,4,3,3.003,0.7507
major_short,train,LTC,3,2,1.5601,0.52
major_short,train,NEAR,1,0,-1.0813,-1.0813
major_short,train,SOL,4,3,2.8392,0.7098
major_short,train,SUI,4,1,-2.0061,-0.5015
major_short,train,UNI,5,1,-2.9323,-0.5865
major_short,train,XRP,1,1,1.3607,1.3607
major_short,test,ATOM,1,1,1.4015,1.4015
major_short,test,AVAX,3,2,1.619,0.5397
major_short,test,BCH,2,0,-2.4166,-1.2083
major_short,test,BNB,1,1,1.2313,1.2313
major_short,test,BTC,4,2,0.3917,0.0979
major_short,test,DOGE,2,1,0.1592,0.0796
major_short,test,DOT,1,0,-1.0771,-1.0771
major_short,test,ETC,1,1,1.2993,1.2993
major_short,test,ETH,4,2,0.0761,0.019
major_short,test,LINK,2,0,-2.2353,-1.1177
major_short,test,LTC,2,1,0.1182,0.0591
major_short,test,NEAR,1,0,-1.0593,-1.0593
major_short,test,SOL,4,3,2.8998,0.725
major_short,test,SUI,3,1,-1.0394,-0.3465
major_short,test,TRX,3,0,-4.7839,-1.5946
major_short,test,UNI,1,0,-1.0743,-1.0743
major_short,test,XRP,1,0,-1.0945,-1.0945
alt_long,train,AAVE,1,0,-1.0952,-1.0952
alt_long,train,ALLO,2,0,-2.1183,-1.0591
alt_long,train,ASTER,2,1,1.1299,0.565
alt_long,train,BASED,1,1,2.4824,2.4824
alt_long,train,BEAT,2,1,1.4216,0.7108
alt_long,train,BILL,1,0,-1.0409,-1.0409
alt_long,train,BSB,1,1,2.4878,2.4878
alt_long,train,CHIP,2,2,4.8856,2.4428
alt_long,train,DASH,2,0,-2.1249,-1.0624
alt_long,train,EDEN,1,0,-1.0365,-1.0365
alt_long,train,EDGE,1,0,-1.0313,-1.0313
alt_long,train,ENA,2,1,1.3338,0.6669
alt_long,train,ENJ,2,0,-2.2696,-1.1348
alt_long,train,FIL,2,1,1.2444,0.6222
alt_long,train,H,1,0,-1.029,-1.029
alt_long,train,HYPE,1,1,2.4086,2.4086
alt_long,train,INJ,3,1,0.1973,0.0658
alt_long,train,KAITO,1,1,2.3848,2.3848
alt_long,train,LAB,3,1,0.4181,0.1394
alt_long,train,LIT,3,3,7.3889,2.463
alt_long,train,OKB,1,1,2.2704,2.2704
alt_long,train,ONDO,1,0,-1.1229,-1.1229
alt_long,train,ONT,4,0,-4.4776,-1.1194
alt_long,train,OPN,1,0,-1.0505,-1.0505
alt_long,train,ORDI,3,2,3.784,1.2613
alt_long,train,PENGU,2,1,1.3616,0.6808
alt_long,train,PEPE,4,1,-0.8212,-0.2053
alt_long,train,PUMP,4,2,2.6623,0.6656
alt_long,train,SHIB,5,1,-2.0735,-0.4147
alt_long,train,TRUMP,1,0,-1.076,-1.076
alt_long,train,UB,2,0,-2.0634,-1.0317
alt_long,train,WLD,2,0,-2.0904,-1.0452
alt_long,train,WLFI,5,0,-5.44,-1.088
alt_long,train,XLM,3,1,0.0725,0.0242
alt_long,train,XPL,1,1,2.4332,2.4332
alt_long,test,AAVE,2,0,-2.2203,-1.1102
alt_long,test,AI,1,1,2.4129,2.4129
alt_long,test,ALLO,1,0,-1.0286,-1.0286
alt_long,test,BASED,1,1,2.42,2.42
alt_long,test,BEAT,2,0,-2.1127,-1.0564
alt_long,test,BILL,2,0,-2.0739,-1.0369
alt_long,test,BSB,2,0,-2.1085,-1.0542
alt_long,test,DASH,2,1,1.2539,0.6269
alt_long,test,H,1,1,2.4582,2.4582
alt_long,test,ICP,1,0,-1.0683,-1.0683
alt_long,test,JTO,1,1,2.4556,2.4556
alt_long,test,KAT,1,1,2.4048,2.4048
alt_long,test,LIT,1,1,2.3959,2.3959
alt_long,test,OKB,1,1,2.4059,2.4059
alt_long,test,ONDO,2,1,1.3476,0.6738
alt_long,test,OPN,2,1,1.3357,0.6679
alt_long,test,PENGU,1,0,-1.0912,-1.0912
alt_long,test,PEPE,1,0,-1.1124,-1.1124
alt_long,test,PIEVERSE,2,1,1.4132,0.7066
alt_long,test,PUMP,2,1,1.3906,0.6953
alt_long,test,RE,1,0,-1.0825,-1.0825
alt_long,test,RIVER,1,0,-1.0704,-1.0704
alt_long,test,SLX,1,0,-1.0839,-1.0839
alt_long,test,TRUMP,2,1,1.3376,0.6688
alt_long,test,UB,1,0,-1.0513,-1.0513
alt_short,train,AAVE,1,0,-1.1062,-1.1062
alt_short,train,AI,2,1,0.9093,0.4546
alt_short,train,ALLO,4,1,-1.1165,-0.2791
alt_short,train,ASTER,3,1,-0.3755,-0.1252
alt_short,train,BASED,2,0,-2.0562,-1.0281
alt_short,train,BEAT,1,0,-1.0295,-1.0295
alt_short,train,BILL,1,1,1.9748,1.9748
alt_short,train,BIO,3,1,-0.1967,-0.0656
alt_short,train,BSB,1,0,-1.0445,-1.0445
alt_short,train,CHIP,4,2,1.8117,0.4529
alt_short,train,CHZ,2,1,0.9152,0.4576
alt_short,train,DASH,3,2,2.7432,0.9144
alt_short,train,DRAM,2,2,3.9012,1.9506
alt_short,train,EDEN,5,0,-5.314,-1.0628
alt_short,train,ENA,2,0,-2.0846,-1.0423
alt_short,train,ENJ,2,2,3.9195,1.9597
alt_short,train,FIL,3,1,-0.2155,-0.0718
alt_short,train,H,1,0,-1.0312,-1.0312
alt_short,train,HYPE,1,0,-1.0422,-1.0422
alt_short,train,ICP,3,1,-0.2527,-0.0842
alt_short,train,INJ,2,0,-2.1205,-1.0603
alt_short,train,JTO,1,0,-1.0675,-1.0675
alt_short,train,KAITO,2,1,0.8947,0.4474
alt_short,train,KAT,4,3,4.6493,1.1623
alt_short,train,LAB,2,1,0.9568,0.4784
alt_short,train,LIT,2,0,-2.12,-1.06
alt_short,train,OKB,2,1,0.7942,0.3971
alt_short,train,ONDO,3,1,-0.1743,-0.0581
alt_short,train,ONT,2,0,-2.1321,-1.066
alt_short,train,OPN,6,2,-0.3453,-0.0575
alt_short,train,ORDI,7,3,1.6894,0.2413
alt_short,train,PENGU,3,1,-0.1938,-0.0646
alt_short,train,PEPE,2,1,0.8307,0.4154
alt_short,train,PIEVERSE,3,2,2.7993,0.9331
alt_short,train,PIPPIN,4,0,-4.2457,-1.0614
alt_short,train,PUMP,5,1,-2.3246,-0.4649
alt_short,train,RAVE,2,1,0.954,0.477
alt_short,train,RE,1,1,1.6214,1.6214
alt_short,train,RIVER,4,1,-1.2389,-0.3097
alt_short,train,SHIB,2,1,0.7576,0.3788
alt_short,train,TAO,3,2,2.7218,0.9073
alt_short,train,TRUMP,3,2,2.7255,0.9085
alt_short,train,UB,2,1,0.9734,0.4867
alt_short,train,WLD,2,2,3.894,1.947
alt_short,train,WLFI,12,2,-7.0593,-0.5883
alt_short,train,XPL,1,1,1.9188,1.9188
alt_short,train,ZEC,1,0,-1.0324,-1.0324
alt_short,test,AI,4,2,1.6392,0.4098
alt_short,test,ALLO,1,1,1.9751,1.9751
alt_short,test,ASTER,1,0,-1.2101,-1.2101
alt_short,test,BASED,6,2,-0.3637,-0.0606
alt_short,test,BEAT,1,0,-1.0123,-1.0123
alt_short,test,BILL,2,1,0.8812,0.4406
alt_short,test,BIO,1,0,-1.0694,-1.0694
alt_short,test,CHIP,1,0,-1.0525,-1.0525
alt_short,test,CHZ,1,0,-1.0686,-1.0686
alt_short,test,DASH,1,0,-1.0724,-1.0724
alt_short,test,DRAM,3,0,-3.3362,-1.1121
alt_short,test,EDGE,1,0,-1.0507,-1.0507
alt_short,test,ENA,1,0,-1.0757,-1.0757
alt_short,test,ENJ,1,1,1.9184,1.9184
alt_short,test,FIL,4,1,-1.4019,-0.3505
alt_short,test,H,1,0,-1.0518,-1.0518
alt_short,test,HYPE,2,1,0.6769,0.3385
alt_short,test,ICP,1,0,-1.0937,-1.0937
alt_short,test,INJ,1,1,1.9497,1.9497
alt_short,test,JTO,1,0,-1.0675,-1.0675
alt_short,test,KAT,2,0,-2.1422,-1.0711
alt_short,test,LIT,2,1,0.9317,0.4659
alt_short,test,ONDO,1,1,1.9407,1.9407
alt_short,test,ONT,2,1,0.846,0.423
alt_short,test,OPN,1,0,-1.0698,-1.0698
alt_short,test,ORDI,2,2,3.8198,1.9099
alt_short,test,PENGU,1,1,1.9398,1.9398
alt_short,test,PEPE,1,0,-1.0701,-1.0701
alt_short,test,PIEVERSE,1,0,-1.0679,-1.0679
alt_short,test,RAVE,3,1,-0.2161,-0.072
alt_short,test,RE,3,1,-0.1267,-0.0422
alt_short,test,RIVER,2,1,0.8948,0.4474
alt_short,test,SHIB,3,2,2.597,0.8657
alt_short,test,SLX,3,2,2.782,0.9273
alt_short,test,TAO,3,1,-0.3339,-0.1113
alt_short,test,UB,2,2,3.8745,1.9373
alt_short,test,WLFI,5,1,-2.4287,-0.4857
alt_short,test,XLM,1,1,1.8658,1.8658
alt_short,test,ZEC,3,0,-3.4502,-1.1501
