average_return_pct,compound_return_pct,leverage,max_drawdown_pct,mean_max_notional_deviation_pct,mean_max_position_equity_deviation_pct,mean_max_spot_gain_pct,mean_min_reserve_cash,mean_reserve_after_exit,mean_reserve_end,profit_factor,rebalances,reserve_floor_exits,source,symbol,total_fees_paid,total_funding_paid,total_rebalances,trades,win_rate,wins
-0.1763024886571707,-3.4930751123280923,2.0,4.153715244178884,19.757226896603107,9.885578171871611,9.619845561311267,1361.8770473469835,5655.64065371179,1423.9069367990082,0.3511223611189381,118,6,data/kline/okx/swap/5m/BTC_USDT_SWAP_5m_20250403T000000Z_20261003T080101Z.jsonl.gz,BTC,222.211828394097,0.0,118,20,0.55,11
-0.17630248865717513,-3.493075112328181,3.0,4.15371524417895,19.757226896603107,9.885578171871611,9.619845561311267,1361.8770473469835,5655.64065371179,1423.9069367990082,0.35112236111892436,118,6,data/kline/okx/swap/5m/BTC_USDT_SWAP_5m_20250403T000000Z_20261003T080101Z.jsonl.gz,BTC,222.211828394097,0.0,118,20,0.55,11
-0.1763024886571729,-3.4930751123281367,5.0,4.1537152441789065,19.757226896603107,9.885578171871611,9.619845561311267,1361.8770473469835,5655.64065371179,1423.9069367990082,0.3511223611189325,118,6,data/kline/okx/swap/5m/BTC_USDT_SWAP_5m_20250403T000000Z_20261003T080101Z.jsonl.gz,BTC,222.211828394097,0.0,118,20,0.55,11
-0.17630248865717568,-3.4930751123281922,10.0,4.1537152441789615,19.757226896603107,9.885578171871611,9.619845561311267,1361.8770473469835,5655.64065371179,1423.9069367990082,0.3511223611189263,118,6,data/kline/okx/swap/5m/BTC_USDT_SWAP_5m_20250403T000000Z_20261003T080101Z.jsonl.gz,BTC,222.211828394097,0.0,118,20,0.55,11
-0.13320487956303753,-3.9211984064731586,2.0,5.627320568813918,24.91623440448205,13.013430187541582,12.918831814588328,1104.3977850439724,5488.978801181319,1152.2703970461955,0.6640635562477765,218,23,data/kline/okx/swap/5m/ETH_USDT_SWAP_5m_20250403T000000Z_20261003T080101Z.jsonl.gz,ETH,341.44596618519614,0.0,218,29,0.4827586206896552,14
-0.13320487956303714,-3.9211984064731475,3.0,5.627320568813929,24.91623440448205,13.013430187541582,12.918831814588328,1104.3977850439724,5488.978801181319,1152.2703970461955,0.6640635562477771,218,23,data/kline/okx/swap/5m/ETH_USDT_SWAP_5m_20250403T000000Z_20261003T080101Z.jsonl.gz,ETH,341.44596618519614,0.0,218,29,0.4827586206896552,14
-0.13320487956303523,-3.9211984064731142,5.0,5.627320568813919,24.91623440448205,13.013430187541582,12.918831814588328,1104.3977850439724,5488.978801181319,1152.2703970461955,0.6640635562477822,218,23,data/kline/okx/swap/5m/ETH_USDT_SWAP_5m_20250403T000000Z_20261003T080101Z.jsonl.gz,ETH,341.44596618519614,0.0,218,29,0.4827586206896552,14
-0.1332048795630379,-3.921198406473181,10.0,5.627320568813941,24.91623440448205,13.013430187541582,12.918831814588328,1104.3977850439724,5488.978801181319,1152.2703970461955,0.6640635562477751,218,23,data/kline/okx/swap/5m/ETH_USDT_SWAP_5m_20250403T000000Z_20261003T080101Z.jsonl.gz,ETH,341.44596618519614,0.0,218,29,0.4827586206896552,14
-0.22345740347697385,-4.073852035294367,2.0,4.943237044954927,23.680877703044033,18.71164157624707,13.62789813066366,1194.7910628538657,5503.321490686228,1260.6559447209074,0.48573409359067116,124,10,data/kline/okx/swap/5m/OKB_USDT_SWAP_5m_20250403T000000Z_20261003T080101Z.jsonl.gz,OKB,209.66110367552247,0.0,124,18,0.5555555555555556,10
-0.22345740347697504,-4.07385203529439,3.0,4.943237044954949,23.680877703044033,18.71164157624707,13.62789813066366,1194.7910628538657,5503.321490686228,1260.6559447209074,0.4857340935906683,124,10,data/kline/okx/swap/5m/OKB_USDT_SWAP_5m_20250403T000000Z_20261003T080101Z.jsonl.gz,OKB,209.66110367552247,0.0,124,18,0.5555555555555556,10
-0.223457403476975,-4.07385203529439,5.0,4.943237044954971,23.680877703044033,18.71164157624707,13.62789813066366,1194.7910628538657,5503.321490686228,1260.6559447209074,0.48573409359066977,124,10,data/kline/okx/swap/5m/OKB_USDT_SWAP_5m_20250403T000000Z_20261003T080101Z.jsonl.gz,OKB,209.66110367552247,0.0,124,18,0.5555555555555556,10
-0.2234574034769744,-4.073852035294379,10.0,4.9432370449549605,23.680877703044033,18.71164157624707,13.62789813066366,1194.7910628538657,5503.321490686228,1260.6559447209074,0.4857340935906705,124,10,data/kline/okx/swap/5m/OKB_USDT_SWAP_5m_20250403T000000Z_20261003T080101Z.jsonl.gz,OKB,209.66110367552247,0.0,124,18,0.5555555555555556,10
