index,timestamp,action,price,spot_qty,short_qty,hedge_ratio,notional_deviation_pct,equity,reserve_cash,position_equity_deviation_pct,spot_position_equity,short_position_equity,collateral,short_cross_buffer
90,1743962400000,reduce_short_buy_spot,80806.1,0.048767217765921356,0.044728992252269756,0.9171938507331964,0.08638265685562879,9993.340189982719,2115.105375402996,2.540346298382862e-15,3938.219653702663,3938.219653702673,1259.1868200048357,2518.3736400096714
101,1744002000000,reduce_short_buy_spot,76991.9,0.05030943866003067,0.042141585523710126,0.8376476988440411,0.17669578478843956,9977.683193773235,2233.9388973222785,1.1747909245431778e-16,3870.8789911983235,3870.878991198323,1186.3475207821086,2372.6950415642177
122,1744077600000,add_short_from_reserve,80595.9,0.05030943866003067,0.04627984786848297,0.9199038808845013,0.0834376344701156,10006.853354917279,1900.278548441193,1.1222249663508208e-16,4052.1942081290745,4052.194208129074,1297.5009450212603,2595.001890042521
138,1744135200000,reduce_short_buy_spot,77342.5,0.051662248945944025,0.043973676484407045,0.8511761950281763,0.1607883737609953,9993.517054444836,2004.991994318645,3.416511922423638e-16,3993.0844195374943,3993.0844195374957,1232.84516744129,2465.6903348825804
162,1744221600000,add_short_from_reserve,82192.8,0.051662248945944025,0.04962292070769865,0.9605257556561427,0.04026903929211194,10030.437531413816,1540.4791185615081,0.0,4243.6618256000065,4243.6618256000065,1387.5899458266376,2775.179891653276
184,1744300800000,reduce_short_buy_spot,78768.0,0.05312849278547513,0.04702388949864478,0.8850973749343912,0.1219063021289369,10023.19703076982,1656.064621648667,2.8271160468871044e-15,4182.152740446101,4182.152740446113,1314.9140629253457,2629.8281258506922
202,1744365600000,add_short_from_reserve,82430.2,0.05312849278547513,0.05147790217238536,0.9689321016548577,0.03155812058631181,10045.25963685987,1288.772652144915,2.0780281150170023e-16,4376.719906725068,4376.719906725067,1437.271305081303,2874.5426101626063
296,1744704000000,add_short_from_reserve,85743.0,0.05312849278547513,0.05484444199364452,1.0322980969006244,0.031784802583716264,10050.496822302666,1000.0,0.012859442057036808,4552.72397762479,4494.5525137175855,1533.4711358977847,3066.9422717955695
470,1745330400000,add_short_from_reserve,90242.2,0.046593618426428604,0.05117055304158487,1.0982309331133673,0.09363214655081983,9993.270903188826,1586.8021875764919,2.1642728994911879e-16,4202.310632761455,4202.310632761454,1470.4501207780277,2940.9002415560544
488,1745395200000,add_short_from_reserve,94144.9,0.046593618426428604,0.0552273432901204,1.1852984411872725,0.16958639396328853,9975.103005407575,1204.7233506933649,0.0,4384.151547394278,4384.151547394278,1597.733363126994,3195.466726253987
843,1746673200000,add_short_from_reserve,98630.0,0.046593618426428604,0.05730218379141706,1.229829013642658,0.20614048183650488,9936.216197363497,1000.0,0.056467386884096714,4593.128585398654,4340.888291684988,1665.9335599067144,3331.867119813428
1158,1747807200000,add_short_from_reserve,107500.2,0.03877527232926021,0.04194026791112279,1.0816240710055374,0.07842345036499163,9993.329130446129,1659.6262877159554,0.0,4165.949530449939,4165.949530449939,1446.1899768179155,2892.379953635831
1395,1748660400000,reduce_short_buy_spot,103160.1,0.039905785514453666,0.03968813137626318,0.9945457999288937,0.005469114894529551,10006.786322309725,1776.3434540292824,2.2106154832444815e-16,4114.214835942787,4114.214835942788,1368.5315009578787,2737.063001915758
1916,1750536000000,reduce_short_buy_spot,102217.6,0.038586559660785724,0.035579572761514904,0.9220716507067427,0.08108787127119126,9993.355349272751,2108.049752523477,1.1536655369462625e-16,3941.760729805403,3941.7607298054027,1263.5229954670576,2527.0459909341153
1993,1750813200000,add_short_from_reserve,106348.4,0.038586559660785724,0.038463227758717425,0.9968037600876443,0.0032013560633674717,10005.531309880827,1801.255025381594,2.2176555226010805e-16,4101.154090452176,4101.154090452177,1365.726582362215,2731.4531647244303
2374,1752184800000,add_short_from_reserve,116459.7,0.03652914796047127,0.040926013330716694,1.1203659437937983,0.11353317963449017,9993.191695093397,1487.7376164389595,0.0,4251.773612732096,4251.773612732096,1503.4518434569306,3006.9036869138617
2453,1752469200000,add_short_from_reserve,121399.0,0.03652914796047127,0.04408054664153559,1.2067225517889384,0.1873570844883543,9971.167938173488,1104.62729011796,2.0520154427738392e-16,4432.202033253252,4432.202033253251,1631.078709444338,3262.1574188886766
2487,1752591600000,reduce_short_buy_spot,116036.2,0.03776930049545695,0.04136026342004354,1.0950762359238961,0.09076160026412491,10011.296880741409,1248.6450170364399,1.8687736381969534e-15,4380.119747330084,4380.119747330075,1530.422152657143,3060.8443053142864
3123,1754881200000,add_short_from_reserve,121840.5,0.03421430101575205,0.037012339103163684,1.0817797822648323,0.07856717887408979,9993.328589166103,1658.94931557661,2.1829859134920305e-16,4166.287542909738,4166.2875429097385,1446.4154988844577,2892.830997768915
3236,1755288000000,reduce_short_buy_spot,116887.9,0.03521900198927687,0.035011707485695334,0.994114128968088,0.005903243898038829,10006.905080831086,1776.4806665019069,1.768496740913152e-15,4114.204706097755,4114.2047060977475,1368.2322592086612,2736.4645184173214
3380,1755806400000,reduce_short_buy_spot,112154.0,0.03620594790851982,0.033199112442431004,0.9169518921673845,0.08664600105192821,10005.672547929329,1887.2591643575736,1.120590406989645e-16,4058.104977965123,4058.1049779651235,1297.3973531393342,2594.794706278668
3402,1755885600000,add_short_from_reserve,116984.0,0.03620594790851982,0.03606755567561544,0.9961776381810511,0.003829681032226902,10019.92715392742,1551.563016648885,0.0,4232.979706363274,4232.979706363274,1409.2289700720708,2818.457940144141
3462,1756101600000,reduce_short_buy_spot,112290.0,0.03721181847265362,0.034215233211647864,0.9194722165161614,0.08390617253110993,10019.020745076486,1664.6025952138912,1.9601599443879077e-15,4175.9104094499735,4175.910409449982,1336.8551585053724,2673.710317010745
3573,1756501200000,reduce_short_buy_spot,107740.9,0.03821596378611578,0.03250480253174573,0.8505556137133202,0.16151299121111537,10005.154967280629,1772.8766780154317,1.7682612075832523e-15,4114.752720344836,4114.752720344829,1270.025332633702,2540.0506652674044
3687,1756911600000,add_short_from_reserve,112215.8,0.03821596378611578,0.03532780164850005,0.9244252440215828,0.07854267783401596,10030.458452708594,1455.9648977020506,4.244258051118924e-16,4285.765336691326,4285.765336691325,1375.5992483887094,2751.1984967774188
3889,1757638800000,add_short_from_reserve,115792.8,0.03595604357636394,0.03880968142468684,1.0793646231477694,0.07633545580632814,9993.336974822423,1669.4371507217447,2.1857331475658167e-16,4161.050962629195,4161.050962629196,1442.9216501453227,2885.843300290645
4213,1758805200000,reduce_short_buy_spot,111080.5,0.037011959219893024,0.036711773293019105,0.9918894883383375,0.008143535782628704,10006.503867758189,1786.8226357478861,1.7708072664452606e-15,4108.836547067746,4108.836547067754,1364.9226315480262,2729.845263096053
4353,1759309200000,add_short_from_reserve,116066.9,0.037011959219893024,0.039882220333509605,1.0775495589564437,0.07465483422248351,10007.706371854343,1418.6915267182133,0.0,4293.39298052182,4293.39298052182,1487.5594191520213,2975.1188383040435
4388,1759435200000,add_short_from_reserve,120776.4,0.037011959219893024,0.042883598009098335,1.1586416637476853,0.14698286094623286,9993.898924166679,1056.05098128343,2.0357108543851774e-16,4467.700802467906,4467.700802467905,1608.3671163452998,3216.7342326906
4483,1759777200000,add_short_from_reserve,125980.0,0.037011959219893024,0.043328339845709135,1.170657829494776,0.15724065504556936,9963.300448425338,1000.0000000000002,0.08029888934199149,4660.296233464542,4300.524266590844,1627.0395732989375,3254.0791465978764
4553,1760029200000,reduce_short_buy_spot,119754.4,0.03293335312749847,0.030352726870079085,0.9216409502115158,0.08155430886280728,9993.354009579823,2108.671307450536,6.922541069427864e-16,3941.4487800854436,3941.4487800854463,1263.1401188626264,2526.280237725253
4581,1760130000000,reduce_short_buy_spot,114214.8,0.033955365532375145,0.028626960799446027,0.8430762075628758,0.17028464888560044,9978.807265128567,2225.4936470324537,2.2293434464022147e-15,3875.670068147937,3875.6700681479283,1191.3217162222559,2382.643432444512
4609,1760230800000,reduce_short_buy_spot,109634.6,0.03482593797698266,0.027262078662484816,0.7828096024435296,0.24364957116989727,9954.206009825732,2321.014876110793,5.959155357821887e-16,3815.535286301695,3815.535286301693,1134.5216339069443,2269.043267813889
4625,1760288400000,add_short_from_reserve,114028.4,0.03482593797698266,0.029656880046276566,0.8515744806608667,0.16032357422225552,9987.221667354726,2047.8303086202336,4.58350733319973e-16,3968.553492584961,3968.5534925849593,1225.52855225279,2451.0571045055804
4720,1760630400000,reduce_short_buy_spot,108489.8,0.03592209674099713,0.027948886119054404,0.778041613789123,0.24966613209672775,9958.34890902137,2166.8475056031166,8.173622732018275e-16,3894.517230084131,3894.5172300841277,1154.948122968964,2309.896245937928
4840,1761062400000,add_short_from_reserve,113384.5,0.03592209674099713,0.030708894801515313,0.8548747870406991,0.15647979472602183,9997.12506684209,1853.7801618179094,1.1172206233494384e-16,4070.3451170022895,4070.34511700229,1259.2413283074966,2518.4826566149936
4848,1761091200000,reduce_short_buy_spot,108243.1,0.036975932010028856,0.02905083114607521,0.7856686651791726,0.24005722786127465,9970.08703968794,1967.941828232812,3.4108974546835084e-16,3999.6571893011615,3999.65718930116,1191.2511810426804,2382.502362085361
4956,1761480000000,add_short_from_reserve,113247.9,0.036975932010028856,0.0319716931314712,0.8646622652486387,0.1451605872802013,10009.485998996803,1637.02806929625,4.346746894627922e-16,4184.714333824953,4184.714333824952,1301.48962428892,2602.9792485778403
5045,1761800400000,reduce_short_buy_spot,108507.1,0.037978981726740205,0.030365737497455643,0.7995405910547561,0.2227895385541147,9985.535392866272,1745.9531686857147,1.1042404098441957e-15,4118.1915353978675,4118.191535397872,1236.1150885661882,2472.230177132377
5169,1762246800000,reduce_short_buy_spot,104028.2,0.03895882866677491,0.02890979783101616,0.7420602420644946,0.2961318463129886,9951.233690483865,1847.966439735596,2.4702581308656356e-15,4049.958016329415,4049.958016329425,1176.8473368812945,2353.6946737625894
5369,1762966800000,reduce_short_buy_spot,101388.8,0.03889310450498724,0.035813845309077066,0.9208276316560093,0.08243568245187474,9993.351480363954,2109.8457892338533,1.500108243498438e-15,3940.8593260824814,3940.8593260824873,1262.417109415963,2524.8342188319257
5408,1763107200000,reduce_short_buy_spot,97086.3,0.03999543961246294,0.033940235333308026,0.8486026322544018,0.1637965510856885,9979.87179420502,2216.9530563309245,1.9922037089078422e-15,3880.479155069929,3880.479155069937,1196.3734531324592,2392.746906264919
5490,1763402400000,reduce_short_buy_spot,92723.1,0.041153919460358936,0.03212887034409251,0.7807001317344826,0.24630746565050166,9953.231395273575,2324.456846279738,0.0,3813.324432141464,3813.324432141464,1132.523896234888,2265.047792469776
5540,1763582400000,reduce_short_buy_spot,88848.7,0.042218051362218866,0.03058498177763237,0.7244527113585117,0.3195765089138501,9918.079341788658,2419.0792311230157,1.2131876840999056e-16,3748.367683305758,3748.3676833057575,1078.1027268655944,2156.2054537311888
5546,1763604000000,add_short_from_reserve,92570.0,0.042218051362218866,0.03351458194796754,0.7938448333491749,0.22984726752082096,9961.152561706735,2147.777698663152,2.328769228732504e-16,3905.4737178399832,3905.473717839984,1168.4823432490523,2336.964686498104
5561,1763658000000,reduce_short_buy_spot,87829.1,0.04357932615199954,0.031541538630629085,0.7237729771363588,0.3204911859362444,9919.655968291921,2267.4329002811337,3.5668231135980095e-16,3824.8099477050373,3824.8099477050387,1099.6923973575945,2199.3847947151885
5576,1763712000000,reduce_short_buy_spot,84000.0,0.0447196803785229,0.0300091737240565,0.6710507201761827,0.39370352539525,9873.38244242709,2363.299298607889,2.665240880949309e-15,3753.672619616591,3753.672619616581,1046.2666574953332,2092.533314990666
5637,1763931600000,add_short_from_reserve,87435.6,0.0447196803785229,0.03294842748031955,0.7367769000456315,0.3031167675565616,9923.71629359604,2106.2011155499326,1.1638369366174715e-16,3907.3115535250445,3907.311553525045,1131.9146630446558,2263.829326089311
5714,1764208800000,add_short_from_reserve,91092.0,0.0447196803785229,0.036069117610825506,0.8065602729161742,0.2141525306228204,9966.529320881125,1821.8175363321257,2.2341780664484814e-16,4070.824592861075,4070.824592861074,1226.652346840314,2453.3046936806277
5809,1764550800000,reduce_short_buy_spot,86977.0,0.045992448071993826,0.03417532984903583,0.7430639437922464,0.29480967364715055,9930.711888046884,1932.607626503868,1.5926357358064933e-15,3997.438189584887,3997.4381895848805,1162.2476883321292,2324.495376664258
5848,1764691200000,add_short_from_reserve,90800.0,0.045992448071993826,0.03755405414797707,0.816526532555784,0.20200472071946643,9975.64333729476,1625.6967817080458,4.358669753682853e-16,4173.267318564119,4173.267318564117,1264.489957902328,2528.9799158046553
6142,1765749600000,reduce_short_buy_spot,88396.4,0.044622549341467796,0.04116044182127744,0.9224134978551525,0.08071780835019236,9993.356412746554,2107.5566225898438,2.3071862101363114e-15,3942.0082253317355,3942.0082253317264,1263.8268848478215,2527.653769695643
6236,1766088000000,reduce_short_buy_spot,84433.0,0.04596329871057741,0.03888839846046702,0.8460750109634264,0.16675919247316337,9979.390628053507,2220.85069044948,8.207828986727808e-16,3878.286769074486,3878.286769074483,1194.0640408190718,2388.128081638144
6248,1766131200000,add_short_from_reserve,87909.9,0.04596329871057741,0.04224770323276994,0.919161688085011,0.08424335731258953,10003.75313125377,1925.416452826105,0.0,4038.0965623612924,4038.0965623612924,1292.4830686101889,2584.966137220378
6630,1767506400000,add_short_from_reserve,91446.3,0.04596329871057741,0.04566240247606872,0.9934535544021028,0.006567943941749354,10016.643191283749,1613.0299742404602,4.3302660929589675e-16,4200.641171921379,4200.6411719213775,1396.5494549735856,2793.0989099471717
6863,1768345200000,add_short_from_reserve,95730.9,0.04384208168720538,0.047996225313618704,1.0947524265852924,0.09046646790594788,9993.283183539173,1602.1610676725436,0.0,4194.64193778969,4194.64193778969,1465.3335640134023,2930.667128026805
7014,1768888800000,reduce_short_buy_spot,91588.0,0.04522506843516814,0.04522597645665484,1.0000200778355484,2.0077633990501388e-05,10010.189030288588,1728.927405136973,1.0985303401919258e-15,4139.597553646217,4139.597553646213,1380.757358191919,2761.5147163838383
7049,1769014800000,reduce_short_buy_spot,87553.2,0.04661286592816072,0.042680851510875153,0.9156452979453024,0.08806922883393446,10009.917180696995,1850.5307360703548,2.5644339386914393e-15,4078.5566407398665,4078.556640739877,1303.054226679188,2606.1084533583767
7243,1769713200000,reduce_short_buy_spot,83433.8,0.0480808031134627,0.04022152357863906,0.8365401776614038,0.17800843600028532,9993.457467864542,1973.1043087604976,6.805996006557627e-16,4008.941678322863,4008.9416783228658,1227.970493729908,2455.9409874598164
7290,1769882400000,reduce_short_buy_spot,78850.0,0.049790123531721596,0.03763419591336045,0.7558566487464823,0.2780903001709317,9957.161029116822,2107.9920638457847,2.6659515975924947e-15,3923.2479238685087,3923.247923868498,1148.978905448539,2297.9578108970786
7326,1770012000000,reduce_short_buy_spot,75454.5,0.051100212161627606,0.035796457602709254,0.7005148528441861,0.3522287931268719,9915.695534220242,2206.923239899298,1.5343235991317874e-15,3852.9783188300257,3852.9783188300316,1092.8724176805022,2185.744835361005
7336,1770048000000,add_short_from_reserve,78797.5,0.051100212161627606,0.03948675638688716,0.7727317503495362,0.25640455709743154,9966.623391550307,1916.0206418200191,4.52056897184447e-16,4023.8063280863466,4023.806328086345,1189.7818047413587,2379.5636094827178
7362,1770141600000,reduce_short_buy_spot,74884.4,0.05267652508311914,0.0372544672927181,0.7072309199199012,0.34297537218203,9920.950579632161,2034.15633632098,2.653393195802581e-15,3941.8164963014697,3941.816496301459,1122.5203431732746,2245.0406863465487
7395,1770260400000,reduce_short_buy_spot,71425.2,0.054126974611668294,0.035357355478957526,0.6532298494905246,0.41950627810928953,9867.411288440868,2137.83787533748,1.2948607073085914e-15,3863.134336780035,3863.13433678004,1065.3581621256114,2130.7163242512224
7408,1770307200000,reduce_short_buy_spot,67456.5,0.05588030587460487,0.03326745629411614,0.5953341839031473,0.5073116594377693,9792.712869179011,2256.2060987408627,7.244038978644147e-16,3766.523224629955,3766.523224629958,1002.3870738066477,2004.7741476132956
7413,1770325200000,reduce_short_buy_spot,63749.4,0.0576068658364144,0.031384244564464654,0.5448004176027585,0.5893312523874458,9708.700650261115,2366.361327307606,1.115375569952049e-15,3669.370450846551,3669.370450846547,945.6437184279083,1891.2874368558168
7422,1770357600000,add_short_from_reserve,66366.6,0.0576068658364144,0.03489716592567827,0.6057813668387267,0.4909991376190452,9777.144010113492,2133.1274522146396,3.571184196758912e-16,3820.139140113615,3820.1391401136166,1023.3417246551608,2046.683449310322
7826,1771812000000,reduce_short_buy_spot,64393.5,0.061064833312391646,0.05529770871446738,0.9055573513413003,0.09912338622841506,9993.304142909972,2132.0833162129884,2.777295672893322e-15,3929.6991414332447,3929.6991414332338,1248.842474838087,2497.6849496761743
7888,1772035200000,add_short_from_reserve,67368.0,0.061064833312391646,0.060440607516411594,0.9897776549591698,0.0102748616312509,10010.181323157323,1785.4779645770318,2.2121631357607604e-16,4111.3364881209545,4111.336488120955,1364.3083125474468,2728.616625094894
7951,1772262000000,reduce_short_buy_spot,63178.4,0.06374757533404574,0.05574227542045197,0.8744218917873358,0.13399129487643846,10007.192951241124,1955.1049265356974,1.920725059766506e-15,4024.888895868142,4024.8888958681496,1258.2542241287347,2516.5084482574703
7963,1772305200000,add_short_from_reserve,65875.6,0.06374757533404574,0.06063954538594893,0.9512447346928833,0.049973500955830176,10028.526796403472,1632.365323670942,0.0,4196.828856059131,4196.828856059131,1365.769582535276,2731.5391650705533
8008,1772467200000,add_short_from_reserve,69082.6,0.06374757533404574,0.06641970937787973,1.0419174224248007,0.04105692224813215,10038.174849358475,1232.896891096238,2.0664382177867226e-16,4401.267330155415,4401.267330155414,1498.8458809477963,2997.691761895594
8056,1772640000000,add_short_from_reserve,73352.2,0.06374757533404574,0.06959349008948332,1.09170411148666,0.08768363649816797,10026.579690743369,1000.0,0.07163166638264631,4673.443977801657,4350.252760648248,1576.431626532525,3152.8632530650502
8102,1772805600000,reduce_short_buy_spot,69195.9,0.05690068991809308,0.05192392060587491,0.9125358704897588,0.09146404086825682,9993.325740794086,2121.8766614749115,2.3114002310710085e-15,3934.8213673557807,3934.8213673557716,1255.0460679659718,2510.0921359319436
8159,1773010800000,reduce_short_buy_spot,66207.7,0.05853608039436649,0.049172375057555937,0.8400353205454509,0.1738713139562234,9978.221764726055,2230.23873685756,7.044883210213467e-16,3873.0011895202274,3873.00118952023,1188.5388323614193,2377.0776647228386
8174,1773064800000,add_short_from_reserve,68944.7,0.05853608039436649,0.05345251697217734,0.913155042361217,0.09078716122410957,10003.614187163867,1935.0276347676295,0.0,4033.2144415596085,4033.2144415596085,1286.8835262417347,2573.767052483469
8265,1773392400000,add_short_from_reserve,71795.3,0.05853608039436649,0.05790342408612604,0.9891920281648832,0.010866695303507265,10017.849788032454,1615.3456399114461,2.165423673938534e-16,4200.07739233179,4200.077392331789,1393.3802931336606,2786.760586267321
8351,1773702000000,add_short_from_reserve,74720.4,0.05853608039436649,0.06246627561977751,1.0671414143026436,0.06496063969120752,10019.42766143887,1274.2712138522716,2.0806040199211463e-16,4371.301281093351,4371.30128109335,1507.0035945058955,3014.0071890117906
8391,1773846000000,reduce_short_buy_spot,71154.2,0.06055510076702809,0.05855607552931841,0.9669883261296109,0.033565703905671214,10033.105961874116,1418.0479399156436,1.2672571295684248e-15,4306.1254762843455,4306.125476284351,1412.6697234195674,2825.3394468391343
8484,1774180800000,reduce_short_buy_spot,68182.1,0.06228379531273232,0.05547270139837144,0.8906442056049765,0.1156809875394099,10026.902142035311,1536.0082712637347,4.2860815212096468e-16,4243.944951920768,4243.9449519207665,1338.2830907535342,2676.566181507068
8510,1774274400000,add_short_from_reserve,71449.9,0.06228379531273232,0.060863749161255934,0.9772003914606325,0.02306251671589505,10048.851329092595,1150.6644180037715,0.0,4447.475938243715,4447.475938243715,1466.654019283071,2933.3080385661415
8586,1774548000000,reduce_short_buy_spot,68460.8,0.06407396144212607,0.05763890854893569,0.8995683621184754,0.10574153569237099,10044.331962842618,1273.3186830259965,1.0373392776102951e-15,4383.786102595671,4383.786102595666,1388.9439618057447,2777.887923611489
8610,1774634400000,reduce_short_buy_spot,65605.3,0.0658378726333414,0.054704154123203945,0.8308918854024583,0.18472758107218235,10025.710026421311,1389.1331973239646,1.8963278120340567e-15,4316.475381530364,4316.475381530372,1318.2242077086999,2636.4484154173992
8710,1774994400000,add_short_from_reserve,68241.5,0.0658378726333414,0.059365407813530086,0.901690857238702,0.10339129768341526,10054.80630057368,1070.9150554090031,0.0,4490.037181366378,4490.037181366378,1424.2333162152497,2848.466632430499
8879,1775602800000,add_short_from_reserve,71479.0,0.05940900226346042,0.06635771689951743,1.1169640016043634,0.11050164435079744,9993.203989607737,1503.1142112623534,2.1429644526757033e-16,4244.096072789887,4244.096072789888,1498.3293853240127,2996.658770648026
9023,1776121200000,add_short_from_reserve,74597.6,0.05940900226346042,0.07162073678112948,1.2055536038715786,0.18639638003878445,9971.219688335232,1110.3485629940797,2.0533279218579102e-16,4429.368987248716,4429.368987248715,1629.172762054066,3258.345524108133
9111,1776438000000,add_short_from_reserve,77844.2,0.05940900226346042,0.073037726800281,1.2294050399362277,0.20579933733601855,9931.484840723142,1000.0000000000003,0.07060071868675044,4622.246253997266,4307.0392664460205,1665.9335599067142,3331.867119813429
9168,1776643200000,reduce_short_buy_spot,73768.4,0.05342922183962591,0.04905639515292389,0.9181566465664132,0.08533542198452876,9993.343179892356,2113.709868574063,1.1544975480370025e-16,3938.920023344121,3938.9200233441215,1260.04270721516,2520.0854144303203
9219,1776826800000,add_short_from_reserve,77580.2,0.05342922183962591,0.05409692963982032,1.0124970526839903,0.012419449427091927,10009.698731043329,1722.5078236297818,2.1954780972528492e-16,4142.581531152407,4142.5815311524075,1390.3651953703607,2780.730390740721
9532,1777953600000,add_short_from_reserve,80848.6,0.05342922183962591,0.058448151819327415,1.0939360486058811,0.08972198426826135,10007.235004906795,1370.5769282539102,0.0,4317.209599813041,4317.209599813041,1507.6051498562929,3015.2102997125858
9840,1779062400000,reduce_short_buy_spot,77415.0,0.055081163656210436,0.05513612254684905,1.0009977801300938,0.0009972825957148181,10024.160528113314,1498.564327391595,2.5610170533966233e-15,4261.563353043744,4261.563353043755,1422.175033894747,2844.3500677894945
10079,1779922800000,reduce_short_buy_spot,74389.4,0.053024859949092173,0.04891193169393042,0.9224339628787238,0.08069565833629566,9993.356476416944,2107.5271064395215,9.22871015970555e-16,3942.02303911968,3942.0230391196765,1263.845077493478,2527.6901549869553
10192,1780329600000,reduce_short_buy_spot,71107.9,0.0545911628744955,0.04625388696969854,0.8472779207146719,0.16534824302587156,9979.619558709303,2218.992732803422,8.205618278522563e-16,3879.331633713766,3879.3316337137694,1195.163334120524,2390.3266682410476
10215,1780412400000,reduce_short_buy_spot,68007.3,0.056122115479454907,0.043857771118691276,0.7814703837161423,0.24533623267764407,9953.555313532488,2323.191991151065,2.5037741357773657e-15,3814.1197451305925,3814.119745130602,1133.2496227106062,2266.499245421212
10245,1780520400000,reduce_short_buy_spot,64970.4,0.05767832804703092,0.04160945424900163,0.721405346824084,0.32368280218242695,9916.111951041989,2424.380642486836,1.5786762309099518e-15,3744.7295688467457,3744.7295688467516,1075.1549184126075,2150.3098368252145
10250,1780538400000,reduce_short_buy_spot,62152.0,0.05917768782022935,0.039600205155362736,0.6691745928915082,0.3963940123667992,9870.648957314943,2517.643412860149,2.598343294791019e-15,3675.301253595063,3675.3012535950534,1023.2375336659965,2046.4750673319922
10291,1780686000000,reduce_short_buy_spot,59362.5,0.060723498173174004,0.0376794437122531,0.6205084497075113,0.4683610879794965,9815.872917232578,2609.4800014820676,1.3887600334834057e-15,3601.933191585384,3601.933191585379,973.606598823678,1947.2131976473554
10325,1780808400000,add_short_from_reserve,61847.9,0.060723498173174004,0.04163779084840535,0.6856948644437582,0.3729086944332069,9872.950787201333,2364.566646834755,3.635210837409131e-16,3752.855373944991,3752.8553739449894,1055.1954304071655,2110.3908608143306
10486,1781388000000,add_short_from_reserve,64438.6,0.060723498173174004,0.04575725980686031,0.7535346477630076,0.28110690889559475,9922.18379877201,2099.007685137826,1.1629856207017839e-16,3910.171740662233,3910.1717406622333,1143.662004361769,2287.324008723538
10528,1781539200000,add_short_from_reserve,67252.7,0.060723498173174004,0.050217265315194944,0.8269824174487295,0.18940256994140006,9964.060368222381,1798.9403297161584,3.3428671627961813e-16,4081.0537368713617,4081.053736871363,1243.624478684398,2487.2489573687953
10580,1781726400000,reduce_short_buy_spot,64278.2,0.06243298633939262,0.047606982621570794,0.7625293200420362,0.2694657924354984,9932.587411590042,1908.9110714057272,1.8143408034457496e-15,4010.2485709218026,4010.2485709217954,1178.981144689566,2357.9622893791316
10742,1782309600000,reduce_short_buy_spot,61300.0,0.06434106433739324,0.05931655037160116,0.9219081310274195,0.08126493427220567,9993.354840618844,2108.2856991264644,1.4998102553326305e-15,3941.6423114222057,3941.6423114222,1263.3776325862166,2526.7552651724327
10766,1782396000000,reduce_short_buy_spot,58258.5,0.06649059406285696,0.0557093665773887,0.8378533439590536,0.17645222517228107,9977.80443915092,2233.6142743668056,1.8795571022507285e-15,3871.1021896970406,3871.102189697048,1186.5485639083226,2373.097127816645
10816,1782576000000,add_short_from_reserve,60816.1,0.06649059406285696,0.06085358715753998,0.9152209874980509,0.0885318331987372,10005.128262963344,1920.6377381111497,1.1252895603201002e-16,4041.158533072203,4041.1585330722037,1290.8115182209538,2581.623036441907
10885,1782824400000,reduce_short_buy_spot,58374.4,0.0682641268093335,0.05784378053856164,0.8473525296840517,0.16526079117346945,9991.14097004332,2024.2494836185042,2.2838569644352744e-16,3982.2752297354027,3982.2752297354036,1226.9682308673744,2453.9364617347483
10918,1782943200000,add_short_from_reserve,60788.7,0.0682641268093335,0.06285732830630733,0.9207959032695499,0.08247008086140765,10016.05503497594,1719.360562180912,4.3861875681241926e-16,4147.085311091177,4147.085311091175,1328.536930127016,2657.0738602540314
10986,1783188000000,add_short_from_reserve,63251.8,0.0682641268093335,0.06796846357528818,0.995668834454279,0.004340565399374306,10029.113928358718,1395.9427797666872,2.1076406150374572e-16,4315.226681835246,4315.2266818352455,1436.2782128288031,2872.556425657606
11631,1785510000000,reduce_short_buy_spot,62664.6,0.06287676402708448,0.05762336942778611,0.9164493484900808,0.08719317479039725,9993.33787874286,2116.185442876749,1.3858341815441602e-15,3937.6775975875903,3937.677597587585,1258.5249874644821,2517.0499749289647
11797,1786107600000,add_short_from_reserve,65256.7,0.06287676402708448,0.06241461721427363,0.9926499586936158,0.00737715249416198,10006.705111587482,1803.39939655982,2.2179224814441405e-16,4100.660457622195,4100.660457622194,1362.7244832060137,2725.4489664120274
11966,1786716000000,reduce_short_buy_spot,62641.8,0.06461806662432903,0.05921836910340899,0.9164367211369485,0.08720692725348793,10005.249169119856,1912.5650013485226,1.348979404147464e-15,4045.256876317026,4045.2568763170207,1292.9394592888898,2585.8789185777796
12087,1787151600000,add_short_from_reserve,65894.6,0.06461806662432903,0.06533750979288988,1.0111337773806122,0.01107214000961511,10022.490778939642,1509.1854343264233,2.1372485748905311e-16,4255.4465234326435,4255.446523432643,1427.3186874260407,2854.637374852081
12093,1787173200000,add_short_from_reserve,69025.2,0.06461806662432903,0.07123747277433719,1.10243893845496,0.09744771805857098,10019.91274212585,1101.7764599590464,0.0,4457.739842806767,4457.739842806767,1563.0402459467205,3126.080491893441
12219,1787626800000,add_short_from_reserve,80618.2,0.05165650543558381,0.055780137236025144,1.079827928073523,0.07676397359224313,9993.335367818252,1667.4272907691477,4.3704122794232074e-16,4162.054486506982,4162.0544865069805,1443.5912017319033,2887.1824034638066
12309,1787950800000,reduce_short_buy_spot,77385.3,0.05315073434931537,0.052806488649545166,0.9935232183715889,0.0064978241223613105,10006.390017143562,1783.1511624849074,0.0,4110.616130154658,4110.616130154658,1366.6331096727001,2733.2662193454007
12447,1788447600000,add_short_from_reserve,80518.4,0.05315073434931537,0.056933580622848805,1.071172041550206,0.06872634442953932,10007.202767748457,1450.7114372815395,2.1264071985143097e-16,4277.142695944497,4277.142695944498,1477.379903330961,2954.7598066619225
12613,1789045200000,reduce_short_buy_spot,76868.2,0.05489107285985921,0.0535340235642838,0.9752774135233236,0.02503201454886118,10020.694790188298,1584.5951633818847,2.80386828776787e-15,4216.8282920523925,4216.828292052404,1389.164175045373,2778.3283500907464
12806,1789740000000,add_short_from_reserve,80049.9,0.05489107285985921,0.05784785043056818,1.05386627399792,0.052453535733918394,10024.73629824319,1239.1356669933707,0.0,4391.475218570607,4391.475218570607,1504.2482900392147,3008.49658007843
12873,1789981200000,add_short_from_reserve,83718.0,0.05489107285985921,0.06070315131743028,1.1058838560581556,0.10056001498235692,10013.699339057162,1000.0,0.03878335455415599,4592.821162927856,4418.084586657726,1583.912380582679,3167.8247611653583
