symbol,index,timestamp,day_open,running_high,gain,funding_rate,funding_cap,signal_utc
AKE,753,1789767900000,0.02125,0.04463,1.1002352941176472,,,2026-09-18T21:45:00Z
AKE,1194,1789900200000,0.06448,0.16011,1.4830955334987594,,,2026-09-20T10:30:00Z
ALLO,57203,1780040400000,0.16196,0.35139,1.1696097801926402,,,2026-05-29T07:40:00Z
ALLO,59629,1780768200000,0.2236,0.47788,1.1372093023255814,,,2026-06-06T17:50:00Z
APE,111407,1777060500000,0.10202,0.2156,1.1133111154675555,,,2026-04-24T19:55:00Z
APR,84192,1786543200000,0.2073,0.436,1.1032320308731305,,,2026-08-12T14:00:00Z
BASED,4922,1776343200000,0.08546,0.20037,1.3446056634682892,,,2026-04-16T12:40:00Z
BEAT,2269,1763644800000,0.49141,1.08215,1.2021326387334401,,,2025-11-20T13:20:00Z
BERA,90696,1770847200000,0.4935,1.04,1.1073961499493414,,,2026-02-11T22:00:00Z
BSB,13932,1779303600000,0.8412,1.85,1.1992391821207802,,,2026-05-20T19:00:00Z
CFX,31305,1753029900000,0.10612,0.23768,1.239728609121749,,,2025-07-20T16:45:00Z
DOOD,42538,1759812600000,0.006747,0.014289,1.1178301467318805,,,2025-10-07T04:50:00Z
ENSO,25214,1769296200000,0.7622,1.631,1.1398583049068485,,,2026-01-24T23:10:00Z
FIL,63003,1762539300000,1.89,3.973,1.102116402116402,,,2025-11-07T18:15:00Z
GIGGLE,3314,1762369800000,106.42,230.0,1.1612478857357638,,,2025-11-05T19:10:00Z
H,29559,1760390100000,0.07333,0.1596,1.1764625664802941,,,2025-10-13T21:15:00Z
H,32698,1761331800000,0.14957,0.3255,1.1762385505114663,,,2025-10-24T18:50:00Z
H,36727,1762540500000,0.10967,0.23622,1.153916294337558,,,2025-11-07T18:35:00Z
H,98253,1780998300000,0.07311,0.17387,1.3781972370400766,,,2026-06-09T09:45:00Z
IOST,151110,1788971400000,0.0008538,0.0018,1.1082220660576247,,,2026-09-09T16:30:00Z
JELLYJELLY,5982,1745433000000,0.01246,0.02644,1.1219903691813804,,,2025-04-23T18:30:00Z
JELLYJELLY,11796,1747177200000,0.02851,0.05989,1.1006664328305855,,,2025-05-13T23:00:00Z
JELLYJELLY,52926,1759516200000,0.05101,0.1076,1.1093903156243874,,,2025-10-03T18:30:00Z
JELLYJELLY,61797,1762177500000,0.06185,0.13196,1.1335489086499595,,,2025-11-03T13:45:00Z
JELLYJELLY,62175,1762290900000,0.20664,0.43476,1.1039488966318234,,,2025-11-04T21:15:00Z
JELLYJELLY,72792,1765476000000,0.04942,0.104,1.1044111695669767,,,2025-12-11T18:00:00Z
KAT,15385,1777066500000,0.014084,0.030724,1.1814825333712013,,,2026-04-24T21:35:00Z
LAB,52442,1777731000000,1.2149,2.5899,1.1317803934480204,,,2026-05-02T14:10:00Z
LAB,70560,1783166400000,5.974,13.981,1.3403080013391362,,,2026-07-04T12:00:00Z
LIGHT,4342,1767174600000,0.4621,0.98,1.1207530837481063,,,2025-12-31T09:50:00Z
LPT,16569,1748609100000,5.471,11.798,1.156461341619448,,,2025-05-30T12:45:00Z
MERL,68477,1764181500000,0.21404,0.45,1.1024107643431136,,,2025-11-26T18:25:00Z
MOODENG,10335,1746738900000,0.03961,0.084,1.1206765968189853,,,2025-05-08T21:15:00Z
MOODENG,71389,1765055100000,0.07209,0.21,1.913025384935497,,,2025-12-06T21:05:00Z
NIGHT,413,1765403700000,0.039692,0.087981,1.2165927642849947,,,2025-12-10T21:55:00Z
ONE,153485,1789683900000,0.0009396,0.0020366,1.1675180928054494,,,2026-09-17T22:25:00Z
ONE,154013,1789842300000,0.0018779,0.00402,1.140689067575483,,,2026-09-19T18:25:00Z
OPN,28872,1780509600000,0.1203,0.2577,1.1421446384039897,,,2026-06-03T18:00:00Z
ORDI,109016,1776343200000,3.432,7.383,1.1512237762237763,,,2026-04-16T12:40:00Z
PIEVERSE,44538,1776625200000,0.6153,1.332,1.164797659678206,,,2026-04-19T19:00:00Z
RAVE,33262,1775764200000,0.31575,0.66385,1.1024544734758517,,,2026-04-09T19:50:00Z
RAVE,34105,1776017100000,2.17127,5.36522,1.4710054484241941,,,2026-04-12T18:05:00Z
RAVE,34407,1776107700000,6.225,13.19627,1.119882730923695,,,2026-04-13T19:15:00Z
RAVE,36527,1776743700000,1.1041,2.7043,1.4493252422787788,,,2026-04-21T03:55:00Z
RE,721,1781908500000,0.4332,0.90985,1.1003000923361035,,,2026-06-19T22:35:00Z
RLS,42423,1777415400000,0.003543,0.007674,1.1659610499576631,,,2026-04-28T22:30:00Z
SOON,22570,1754770800000,0.21398,0.46159,1.1571642209552295,,,2025-08-09T20:20:00Z
SOON,47927,1762377900000,0.72288,1.97914,1.7378541389995572,,,2025-11-05T21:25:00Z
SOON,50503,1763150700000,2.0851,4.958,1.3778236055824657,,,2025-11-14T20:05:00Z
SOPH,134737,1788860100000,0.00577,0.0122,1.1143847487001737,,,2026-09-08T09:35:00Z
SPK,10375,1753268700000,0.0899,0.1901,1.1145717463848723,,,2025-07-23T11:05:00Z
TRUST,4660,1763740200000,0.1056,0.2718,1.5738636363636362,,,2025-11-21T15:50:00Z
TRUTH,3513,1765383300000,0.009524,0.020373,1.139122217555649,,,2025-12-10T16:15:00Z
UB,894,1777651200000,0.06853,0.14447,1.1081278272289508,,,2026-05-01T16:00:00Z
