symbol,signal_index,signal_ts,entry_index,entry_ts,order_price,entry,initial_stop,tp1,tp2,tp1_exit,final_exit,exit_index,exit_ts,exit_reason,net_return,leveraged_return_pct,bars_held,signal_utc,entry_utc,exit_utc
AKE,753,1789767900000,754,1789768200000,0.044625000000000005,0.044616075000000005,0.05353929,0.03569286000000001,0.02676964500000001,,0.04614,779,1789776000000,utc_day_end,-0.035583860341816154,-3.5583860341816154,26,2026-09-18T21:45:00Z,2026-09-18T21:50:00Z,2026-09-19T00:00:00Z
ALLO,59629,1780768200000,59630,1780768500000,0.46956000000000003,0.469486084,0.5633833008,0.37558886720000006,0.28169165040000005,,0.43709,59702,1780790400000,utc_day_end,0.06765838004859809,6.765838004859809,73,2026-06-06T17:50:00Z,2026-06-06T17:55:00Z,2026-06-07T00:00:00Z
APE,111407,1777060500000,111408,1777060800000,0.21424200000000002,0.21419915160000003,0.25703898192,0.17135932128000003,0.12851949096000004,,0.25703898192,111409,1777061400000,stop,-0.20156014400000005,-20.156014400000004,2,2026-04-24T19:55:00Z,2026-04-24T20:00:00Z,2026-04-24T20:10:00Z
APR,84192,1786543200000,84210,1786548600000,0.43533000000000005,0.4352429340000001,0.5222915208000001,0.3481943472000001,0.2611457604000001,,0.5222915208000001,84278,1786569300000,stop,-0.20156014399999983,-20.156014399999982,69,2026-08-12T14:00:00Z,2026-08-12T15:30:00Z,2026-08-12T21:15:00Z
BASED,4922,1776343200000,4923,1776343500000,0.179466,0.18805238200000002,0.2256628584,0.15044190560000004,0.11283142920000003,,0.2256628584,4948,1776351300000,stop,-0.2015601439999998,-20.15601439999998,26,2026-04-16T12:40:00Z,2026-04-16T12:45:00Z,2026-04-16T14:55:00Z
BEAT,2269,1763644800000,2270,1763645100000,1.0319610000000001,1.032533452,1.2390401424,0.8260267616000001,0.6195200712000001,,1.2390401424,2270,1763645400000,stop,-0.2015601439999999,-20.156014399999993,1,2025-11-20T13:20:00Z,2025-11-20T13:25:00Z,2025-11-20T13:30:00Z
BERA,90696,1770847200000,90697,1770847500000,1.03635,1.0361427300000001,1.2433712760000002,0.8289141840000002,0.6216856380000002,,1.2433712760000002,90698,1770848100000,stop,-0.20156014399999997,-20.156014399999997,2,2026-02-11T22:00:00Z,2026-02-11T22:05:00Z,2026-02-11T22:15:00Z
BSB,13932,1779303600000,13933,1779303900000,1.7665199999999999,1.766166696,2.1194000352,1.4129333568,1.0597000176000002,1.4129333568,1.0597000176000002,13939,1779306000000,target_2,0.298839916,29.883991599999998,7,2026-05-20T19:00:00Z,2026-05-20T19:05:00Z,2026-05-20T19:40:00Z
CFX,31305,1753029900000,31306,1753030200000,0.22285200000000002,0.22817435600000002,0.2738092272,0.18253948480000004,0.13690461360000003,,0.22017,31391,1753056000000,utc_day_end,0.03370794641795776,3.370794641795776,86,2025-07-20T16:45:00Z,2025-07-20T16:50:00Z,2025-07-21T00:00:00Z
DOOD,42538,1759812600000,42539,1759812900000,0.014168700000000001,0.014165866260000002,0.016999039512000002,0.011332693008000001,0.008499519756000003,,0.016999039512000002,42541,1759813800000,stop,-0.2015601439999999,-20.156014399999993,3,2025-10-07T04:50:00Z,2025-10-07T04:55:00Z,2025-10-07T05:10:00Z
ENSO,25214,1769296200000,25215,1769296500000,1.6006200000000002,1.6161767,1.93941204,1.2929413600000002,0.9697060200000002,,1.769,25223,1769299200000,utc_day_end,-0.0960343125228819,-9.60343125228819,9,2026-01-24T23:10:00Z,2026-01-24T23:15:00Z,2026-01-25T00:00:00Z
GIGGLE,3314,1762369800000,3315,1762370100000,223.482,228.494292,274.1931504,182.79543360000002,137.09657520000002,,274.1931504,3370,1762386900000,stop,-0.20156014399999983,-20.156014399999982,56,2025-11-05T19:10:00Z,2025-11-05T19:15:00Z,2025-11-05T23:55:00Z
H,29559,1760390100000,29560,1760390400000,0.15399300000000002,0.158248344,0.18989801280000002,0.1265986752,0.09494900640000002,,0.18172,29591,1760400000000,utc_day_end,-0.1498404483322743,-14.984044833227431,32,2025-10-13T21:15:00Z,2025-10-13T21:20:00Z,2025-10-14T00:00:00Z
H,32698,1761331800000,32699,1761332100000,0.314097,0.31403418060000005,0.37684101672000003,0.25122734448000006,0.18842050836000004,,0.37684101672000003,32749,1761347400000,stop,-0.20156014399999986,-20.156014399999986,51,2025-10-24T18:50:00Z,2025-10-24T18:55:00Z,2025-10-24T23:10:00Z
H,36727,1762540500000,36728,1762540800000,0.230307,0.230513888,0.2766166656,0.18441111040000002,0.13830833280000002,0.18441111040000002,0.230513888,36755,1762549200000,breakeven_stop,0.09867989199999992,9.867989199999991,28,2025-11-07T18:35:00Z,2025-11-07T18:40:00Z,2025-11-07T21:00:00Z
H,98253,1780998300000,98254,1780998600000,0.153531,0.157898414,0.18947809679999997,0.1263187312,0.09473904840000001,,0.18947809679999997,98267,1781002800000,stop,-0.20156014399999983,-20.156014399999982,14,2026-06-09T09:45:00Z,2026-06-09T09:50:00Z,2026-06-09T11:00:00Z
IOST,151110,1788971400000,151111,1788971700000,0.0017929800000000002,0.0017926214040000002,0.0021511456848000003,0.0014340971232000002,0.0010755728424000003,,0.0021511456848000003,151134,1788978900000,stop,-0.20156014399999994,-20.156014399999993,24,2026-09-09T16:30:00Z,2026-09-09T16:35:00Z,2026-09-09T18:35:00Z
JELLYJELLY,5982,1745433000000,5983,1745433300000,0.026166000000000002,0.026160766800000002,0.031392920160000004,0.020928613440000004,0.015696460080000002,,0.02594,6047,1745452800000,utc_day_end,0.007045482593423112,0.7045482593423112,65,2025-04-23T18:30:00Z,2025-04-23T18:35:00Z,2025-04-24T00:00:00Z
JELLYJELLY,11796,1747177200000,11799,1747178100000,0.059871,0.0598590258,0.07183083096,0.047887220640000006,0.035915415480000004,,0.0577,11807,1747180800000,utc_day_end,0.034697247954877365,3.4697247954877364,9,2025-05-13T23:00:00Z,2025-05-13T23:15:00Z,2025-05-14T00:00:00Z
JELLYJELLY,52926,1759516200000,52929,1759517100000,0.10712100000000001,0.10709957580000001,0.12851949096,0.08567966064000002,0.06425974548000002,,0.09969,52991,1759536000000,utc_day_end,0.06783922380129552,6.783922380129552,63,2025-10-03T18:30:00Z,2025-10-03T18:45:00Z,2025-10-04T00:00:00Z
JELLYJELLY,61797,1762177500000,61798,1762177800000,0.129885,0.129859023,0.15583082759999997,0.1038872184,0.0779154138,,0.15583082759999997,61839,1762190400000,stop,-0.20156014399999975,-20.156014399999975,42,2025-11-03T13:45:00Z,2025-11-03T13:50:00Z,2025-11-03T17:20:00Z
JELLYJELLY,62175,1762290900000,62176,1762291200000,0.433944,0.4338572112,0.52062865344,0.34708576896,0.26031432672000004,,0.52062865344,62177,1762291800000,stop,-0.2015601439999999,-20.156014399999993,2,2025-11-04T21:15:00Z,2025-11-04T21:20:00Z,2025-11-04T21:30:00Z
JELLYJELLY,72792,1765476000000,72793,1765476300000,0.103782,0.1037612436,0.12451349231999999,0.08300899488,0.06225674616000001,0.08300899488,0.06225674616000001,72822,1765485300000,target_2,0.29883991599999987,29.883991599999987,30,2025-12-11T18:00:00Z,2025-12-11T18:05:00Z,2025-12-11T20:35:00Z
KAT,15385,1777066500000,15386,1777066800000,0.0295764,0.0297970394,0.03575644728,0.02383763152,0.017878223640000003,,0.024617,15413,1777075200000,utc_day_end,0.17258307287803903,17.258307287803902,28,2026-04-24T21:35:00Z,2026-04-24T21:40:00Z,2026-04-25T00:00:00Z
LAB,52442,1777731000000,52443,1777731300000,2.5512900000000003,2.5507797420000005,3.0609356904000005,2.0406237936000005,1.5304678452000005,,3.0609356904000005,52466,1777738500000,stop,-0.20156014399999994,-20.156014399999993,24,2026-05-02T14:10:00Z,2026-05-02T14:15:00Z,2026-05-02T16:15:00Z
LAB,70560,1783166400000,70561,1783166700000,12.5454,12.9504094,15.54049128,10.36032752,7.770245640000001,,15.54049128,70610,1783181700000,stop,-0.20156014399999997,-20.156014399999997,50,2026-07-04T12:00:00Z,2026-07-04T12:05:00Z,2026-07-04T16:15:00Z
LIGHT,4342,1767174600000,4343,1767174900000,0.9704100000000001,0.9702159180000002,1.1642591016000001,0.7761727344000002,0.5821295508000002,,1.1642591016000001,4357,1767179400000,stop,-0.20156014399999997,-20.156014399999997,15,2025-12-31T09:50:00Z,2025-12-31T09:55:00Z,2025-12-31T11:10:00Z
LPT,16569,1748609100000,16570,1748609400000,11.4891,11.5686858,13.882422960000001,9.25494864,6.9412114800000015,,11.672,16703,1748649600000,utc_day_end,-0.010337769923702163,-1.0337769923702163,134,2025-05-30T12:45:00Z,2025-05-30T12:50:00Z,2025-05-31T00:00:00Z
MERL,68477,1764181500000,68478,1764181800000,0.44948400000000005,0.44939410320000006,0.53927292384,0.3595152825600001,0.26963646192000007,,0.4778,68543,1764201600000,utc_day_end,-0.06466001754586426,-6.466001754586426,66,2025-11-26T18:25:00Z,2025-11-26T18:30:00Z,2025-11-27T00:00:00Z
MOODENG,10335,1746738900000,10336,1746739200000,0.083181,0.08349329800000001,0.1001919576,0.06679463840000001,0.05009597880000001,,0.07584,10367,1746748800000,utc_day_end,0.09033684260981051,9.033684260981051,32,2025-05-08T21:15:00Z,2025-05-08T21:20:00Z,2025-05-09T00:00:00Z
NIGHT,413,1765403700000,414,1765404000000,0.0833532,0.0853259314,0.10239111767999999,0.06826074512000001,0.05119555884000001,,0.075,437,1765411200000,utc_day_end,0.11971421434914453,11.971421434914454,24,2025-12-10T21:55:00Z,2025-12-10T22:00:00Z,2025-12-11T00:00:00Z
ONE,153485,1789683900000,153491,1789685700000,0.00197316,0.001972765368,0.0023673184416,0.0015782122943999999,0.0011836592208000001,,0.001754,153503,1789689600000,utc_day_end,0.10958135306195219,10.958135306195219,13,2026-09-17T22:25:00Z,2026-09-17T22:55:00Z,2026-09-18T00:00:00Z
ONE,154013,1789842300000,154014,1789842600000,0.00394359,0.003942801282000001,0.004731361538400001,0.0031542410256000008,0.0023656807692000008,,0.0036461,154079,1789862400000,utc_day_end,0.07391148142038176,7.391148142038176,66,2026-09-19T18:25:00Z,2026-09-19T18:30:00Z,2026-09-20T00:00:00Z
OPN,28872,1780509600000,28874,1780510200000,0.25263,0.252579474,0.30309536880000004,0.20206357920000004,0.15154768440000005,,0.2286,28943,1780531200000,utc_day_end,0.09361417422066541,9.361417422066541,70,2026-06-03T18:00:00Z,2026-06-03T18:10:00Z,2026-06-04T00:00:00Z
ORDI,109016,1776343200000,109023,1776345300000,7.2072,7.2057585600000005,8.646910272,5.764606848000001,4.323455136000001,,8.646910272,109055,1776355200000,stop,-0.2015601439999998,-20.15601439999998,33,2026-04-16T12:40:00Z,2026-04-16T13:15:00Z,2026-04-16T16:00:00Z
PIEVERSE,44538,1776625200000,44539,1776625500000,1.29213,1.3187362,1.58248344,1.05498896,0.7912417200000001,,1.1838,44597,1776643200000,utc_day_end,0.10100411001381483,10.100411001381483,59,2026-04-19T19:00:00Z,2026-04-19T19:05:00Z,2026-04-20T00:00:00Z
RAVE,33262,1775764200000,33264,1775764800000,0.663075,0.662942385,0.795530862,0.530353908,0.39776543100000006,,0.795530862,33294,1775774100000,stop,-0.20156014399999997,-20.156014399999997,31,2026-04-09T19:50:00Z,2026-04-09T20:00:00Z,2026-04-09T22:35:00Z
RAVE,34105,1776017100000,34106,1776017400000,4.559667,4.775284752,5.7303417024,3.8202278016,2.8651708512000007,3.8202278016,4.775284752,34129,1776024600000,breakeven_stop,0.09867989199999999,9.867989199999998,24,2026-04-12T18:05:00Z,2026-04-12T18:10:00Z,2026-04-12T20:10:00Z
RAVE,34407,1776107700000,34408,1776108000000,13.0725,13.13202307,15.758427684,10.505618456,7.879213842000001,10.505618456,7.879213842000001,34425,1776113400000,target_2,0.29883991600000004,29.883991600000005,18,2026-04-13T19:15:00Z,2026-04-13T19:20:00Z,2026-04-13T20:50:00Z
RAVE,36527,1776743700000,36528,1776744000000,2.31861,2.318146278,2.7817755336,1.8545170224,1.3908877668000001,1.8545170224,1.3908877668000001,36531,1776745200000,target_2,0.298839916,29.883991599999998,4,2026-04-21T03:55:00Z,2026-04-21T04:00:00Z,2026-04-21T04:20:00Z
RE,721,1781908500000,730,1781911200000,0.90972,0.909538056,1.0914456672,0.7276304448,0.5457228336000001,,0.88649,737,1781913600000,utc_day_end,0.023960552990429294,2.3960552990429296,8,2026-06-19T22:35:00Z,2026-06-19T23:20:00Z,2026-06-20T00:00:00Z
RLS,42423,1777415400000,42424,1777415700000,0.0074403,0.0075524892,0.00906298704,0.00604199136,0.004531493520000001,,0.00906298704,42429,1777417500000,stop,-0.20156014399999997,-20.156014399999997,6,2026-04-28T22:30:00Z,2026-04-28T22:35:00Z,2026-04-28T23:05:00Z
SOON,22570,1754770800000,22571,1754771100000,0.44935800000000004,0.45796838800000006,0.5495620656000001,0.3663747104000001,0.2747810328000001,,0.42886,22613,1754784000000,utc_day_end,0.06221055481235541,6.221055481235541,43,2025-08-09T20:20:00Z,2025-08-09T20:25:00Z,2025-08-10T00:00:00Z
SOON,47927,1762377900000,47928,1762378200000,1.518048,1.952889344,2.3434672128,1.5623114752,1.1717336064000001,,2.3434672128,47929,1762378800000,stop,-0.2015601439999999,-20.156014399999993,2,2025-11-05T21:25:00Z,2025-11-05T21:30:00Z,2025-11-05T21:40:00Z
SOON,50503,1763150700000,50504,1763151000000,4.378710000000001,4.919575888,5.9034910656,3.9356607104,2.9517455328000004,3.9356607104,2.9517455328000004,50507,1763152200000,target_2,0.298839916,29.883991599999998,4,2025-11-14T20:05:00Z,2025-11-14T20:10:00Z,2025-11-14T20:30:00Z
SOPH,134737,1788860100000,134739,1788860700000,0.012117000000000001,0.012114576600000001,0.014537491920000001,0.009691661280000001,0.0072687459600000014,0.009691661280000001,0.0072687459600000014,134776,1788872100000,target_2,0.298839916,29.883991599999998,38,2026-09-08T09:35:00Z,2026-09-08T09:45:00Z,2026-09-08T12:55:00Z
TRUST,4660,1763740200000,4661,1763740500000,0.22176,0.22775444,0.273305328,0.18220355200000002,0.13665266400000003,0.18220355200000002,0.22775444,4678,1763745900000,breakeven_stop,0.09867989200000002,9.867989200000002,18,2025-11-21T15:50:00Z,2025-11-21T15:55:00Z,2025-11-21T17:25:00Z
TRUTH,3513,1765383300000,3514,1765383600000,0.020000399999999998,0.020083982400000002,0.024100778880000003,0.01606718592,0.012050389440000003,,0.024100778880000003,3543,1765392600000,stop,-0.20156014399999997,-20.156014399999997,30,2025-12-10T16:15:00Z,2025-12-10T16:20:00Z,2025-12-10T18:50:00Z
UB,894,1777651200000,895,1777651500000,0.14391299999999999,0.1438842174,0.17266106087999997,0.11510737391999999,0.08633053044000001,0.11510737391999999,0.08633053044000001,931,1777662600000,target_2,0.2988399159999999,29.883991599999995,37,2026-05-01T16:00:00Z,2026-05-01T16:05:00Z,2026-05-01T19:10:00Z
