peak_window,retrace_pct,tolerance_pct,weakness,stop_mode,stop_atr,stop_pct,target_r,trail_bars
16,0.02,0.01,prev_low,atr,0.5,0.01,3.0,2
16,0.02,0.01,prev_low,atr,0.5,0.01,3.0,4
16,0.02,0.01,prev_low,atr,0.5,0.01,4.0,2
16,0.02,0.01,prev_low,atr,0.5,0.01,4.0,4
16,0.02,0.01,prev_low,atr,0.5,0.01,6.0,2
16,0.02,0.01,prev_low,atr,0.5,0.01,6.0,4
16,0.02,0.01,prev_low,atr,1.0,0.01,3.0,2
16,0.02,0.01,prev_low,atr,1.0,0.01,3.0,4
16,0.02,0.01,prev_low,atr,1.0,0.01,4.0,2
16,0.02,0.01,prev_low,atr,1.0,0.01,4.0,4
16,0.02,0.01,prev_low,atr,1.0,0.01,6.0,2
16,0.02,0.01,prev_low,atr,1.0,0.01,6.0,4
16,0.02,0.01,prev_low,pct,0.5,0.01,3.0,2
16,0.02,0.01,prev_low,pct,0.5,0.01,3.0,4
16,0.02,0.01,prev_low,pct,0.5,0.01,4.0,2
16,0.02,0.01,prev_low,pct,0.5,0.01,4.0,4
16,0.02,0.01,prev_low,pct,0.5,0.01,6.0,2
16,0.02,0.01,prev_low,pct,0.5,0.01,6.0,4
16,0.02,0.01,prev_low,pct,1.0,0.01,3.0,2
16,0.02,0.01,prev_low,pct,1.0,0.01,3.0,4
16,0.02,0.01,prev_low,pct,1.0,0.01,4.0,2
16,0.02,0.01,prev_low,pct,1.0,0.01,4.0,4
16,0.02,0.01,prev_low,pct,1.0,0.01,6.0,2
16,0.02,0.01,prev_low,pct,1.0,0.01,6.0,4
16,0.02,0.01,bear_half,atr,0.5,0.01,3.0,2
16,0.02,0.01,bear_half,atr,0.5,0.01,3.0,4
16,0.02,0.01,bear_half,atr,0.5,0.01,4.0,2
16,0.02,0.01,bear_half,atr,0.5,0.01,4.0,4
16,0.02,0.01,bear_half,atr,0.5,0.01,6.0,2
16,0.02,0.01,bear_half,atr,0.5,0.01,6.0,4
16,0.02,0.01,bear_half,atr,1.0,0.01,3.0,2
16,0.02,0.01,bear_half,atr,1.0,0.01,3.0,4
16,0.02,0.01,bear_half,atr,1.0,0.01,4.0,2
16,0.02,0.01,bear_half,atr,1.0,0.01,4.0,4
16,0.02,0.01,bear_half,atr,1.0,0.01,6.0,2
16,0.02,0.01,bear_half,atr,1.0,0.01,6.0,4
16,0.02,0.01,bear_half,pct,0.5,0.01,3.0,2
16,0.02,0.01,bear_half,pct,0.5,0.01,3.0,4
16,0.02,0.01,bear_half,pct,0.5,0.01,4.0,2
16,0.02,0.01,bear_half,pct,0.5,0.01,4.0,4
16,0.02,0.01,bear_half,pct,0.5,0.01,6.0,2
16,0.02,0.01,bear_half,pct,0.5,0.01,6.0,4
16,0.02,0.01,bear_half,pct,1.0,0.01,3.0,2
16,0.02,0.01,bear_half,pct,1.0,0.01,3.0,4
16,0.02,0.01,bear_half,pct,1.0,0.01,4.0,2
16,0.02,0.01,bear_half,pct,1.0,0.01,4.0,4
16,0.02,0.01,bear_half,pct,1.0,0.01,6.0,2
16,0.02,0.01,bear_half,pct,1.0,0.01,6.0,4
16,0.02,0.01,ema,atr,0.5,0.01,3.0,2
16,0.02,0.01,ema,atr,0.5,0.01,3.0,4
16,0.02,0.01,ema,atr,0.5,0.01,4.0,2
16,0.02,0.01,ema,atr,0.5,0.01,4.0,4
16,0.02,0.01,ema,atr,0.5,0.01,6.0,2
16,0.02,0.01,ema,atr,0.5,0.01,6.0,4
16,0.02,0.01,ema,atr,1.0,0.01,3.0,2
16,0.02,0.01,ema,atr,1.0,0.01,3.0,4
16,0.02,0.01,ema,atr,1.0,0.01,4.0,2
16,0.02,0.01,ema,atr,1.0,0.01,4.0,4
16,0.02,0.01,ema,atr,1.0,0.01,6.0,2
16,0.02,0.01,ema,atr,1.0,0.01,6.0,4
16,0.02,0.01,ema,pct,0.5,0.01,3.0,2
16,0.02,0.01,ema,pct,0.5,0.01,3.0,4
16,0.02,0.01,ema,pct,0.5,0.01,4.0,2
16,0.02,0.01,ema,pct,0.5,0.01,4.0,4
16,0.02,0.01,ema,pct,0.5,0.01,6.0,2
16,0.02,0.01,ema,pct,0.5,0.01,6.0,4
16,0.02,0.01,ema,pct,1.0,0.01,3.0,2
16,0.02,0.01,ema,pct,1.0,0.01,3.0,4
16,0.02,0.01,ema,pct,1.0,0.01,4.0,2
16,0.02,0.01,ema,pct,1.0,0.01,4.0,4
16,0.02,0.01,ema,pct,1.0,0.01,6.0,2
16,0.02,0.01,ema,pct,1.0,0.01,6.0,4
16,0.02,0.02,prev_low,atr,0.5,0.01,3.0,2
16,0.02,0.02,prev_low,atr,0.5,0.01,3.0,4
16,0.02,0.02,prev_low,atr,0.5,0.01,4.0,2
16,0.02,0.02,prev_low,atr,0.5,0.01,4.0,4
16,0.02,0.02,prev_low,atr,0.5,0.01,6.0,2
16,0.02,0.02,prev_low,atr,0.5,0.01,6.0,4
16,0.02,0.02,prev_low,atr,1.0,0.01,3.0,2
16,0.02,0.02,prev_low,atr,1.0,0.01,3.0,4
16,0.02,0.02,prev_low,atr,1.0,0.01,4.0,2
16,0.02,0.02,prev_low,atr,1.0,0.01,4.0,4
16,0.02,0.02,prev_low,atr,1.0,0.01,6.0,2
16,0.02,0.02,prev_low,atr,1.0,0.01,6.0,4
16,0.02,0.02,prev_low,pct,0.5,0.01,3.0,2
16,0.02,0.02,prev_low,pct,0.5,0.01,3.0,4
16,0.02,0.02,prev_low,pct,0.5,0.01,4.0,2
16,0.02,0.02,prev_low,pct,0.5,0.01,4.0,4
16,0.02,0.02,prev_low,pct,0.5,0.01,6.0,2
16,0.02,0.02,prev_low,pct,0.5,0.01,6.0,4
16,0.02,0.02,prev_low,pct,1.0,0.01,3.0,2
16,0.02,0.02,prev_low,pct,1.0,0.01,3.0,4
16,0.02,0.02,prev_low,pct,1.0,0.01,4.0,2
16,0.02,0.02,prev_low,pct,1.0,0.01,4.0,4
16,0.02,0.02,prev_low,pct,1.0,0.01,6.0,2
16,0.02,0.02,prev_low,pct,1.0,0.01,6.0,4
16,0.02,0.02,bear_half,atr,0.5,0.01,3.0,2
16,0.02,0.02,bear_half,atr,0.5,0.01,3.0,4
16,0.02,0.02,bear_half,atr,0.5,0.01,4.0,2
16,0.02,0.02,bear_half,atr,0.5,0.01,4.0,4
16,0.02,0.02,bear_half,atr,0.5,0.01,6.0,2
16,0.02,0.02,bear_half,atr,0.5,0.01,6.0,4
16,0.02,0.02,bear_half,atr,1.0,0.01,3.0,2
16,0.02,0.02,bear_half,atr,1.0,0.01,3.0,4
16,0.02,0.02,bear_half,atr,1.0,0.01,4.0,2
16,0.02,0.02,bear_half,atr,1.0,0.01,4.0,4
16,0.02,0.02,bear_half,atr,1.0,0.01,6.0,2
16,0.02,0.02,bear_half,atr,1.0,0.01,6.0,4
16,0.02,0.02,bear_half,pct,0.5,0.01,3.0,2
16,0.02,0.02,bear_half,pct,0.5,0.01,3.0,4
16,0.02,0.02,bear_half,pct,0.5,0.01,4.0,2
16,0.02,0.02,bear_half,pct,0.5,0.01,4.0,4
16,0.02,0.02,bear_half,pct,0.5,0.01,6.0,2
16,0.02,0.02,bear_half,pct,0.5,0.01,6.0,4
16,0.02,0.02,bear_half,pct,1.0,0.01,3.0,2
16,0.02,0.02,bear_half,pct,1.0,0.01,3.0,4
16,0.02,0.02,bear_half,pct,1.0,0.01,4.0,2
16,0.02,0.02,bear_half,pct,1.0,0.01,4.0,4
16,0.02,0.02,bear_half,pct,1.0,0.01,6.0,2
16,0.02,0.02,bear_half,pct,1.0,0.01,6.0,4
16,0.02,0.02,ema,atr,0.5,0.01,3.0,2
16,0.02,0.02,ema,atr,0.5,0.01,3.0,4
16,0.02,0.02,ema,atr,0.5,0.01,4.0,2
16,0.02,0.02,ema,atr,0.5,0.01,4.0,4
16,0.02,0.02,ema,atr,0.5,0.01,6.0,2
16,0.02,0.02,ema,atr,0.5,0.01,6.0,4
16,0.02,0.02,ema,atr,1.0,0.01,3.0,2
16,0.02,0.02,ema,atr,1.0,0.01,3.0,4
16,0.02,0.02,ema,atr,1.0,0.01,4.0,2
16,0.02,0.02,ema,atr,1.0,0.01,4.0,4
16,0.02,0.02,ema,atr,1.0,0.01,6.0,2
16,0.02,0.02,ema,atr,1.0,0.01,6.0,4
16,0.02,0.02,ema,pct,0.5,0.01,3.0,2
16,0.02,0.02,ema,pct,0.5,0.01,3.0,4
16,0.02,0.02,ema,pct,0.5,0.01,4.0,2
16,0.02,0.02,ema,pct,0.5,0.01,4.0,4
16,0.02,0.02,ema,pct,0.5,0.01,6.0,2
16,0.02,0.02,ema,pct,0.5,0.01,6.0,4
16,0.02,0.02,ema,pct,1.0,0.01,3.0,2
16,0.02,0.02,ema,pct,1.0,0.01,3.0,4
16,0.02,0.02,ema,pct,1.0,0.01,4.0,2
16,0.02,0.02,ema,pct,1.0,0.01,4.0,4
16,0.02,0.02,ema,pct,1.0,0.01,6.0,2
16,0.02,0.02,ema,pct,1.0,0.01,6.0,4
16,0.03,0.01,prev_low,atr,0.5,0.01,3.0,2
16,0.03,0.01,prev_low,atr,0.5,0.01,3.0,4
16,0.03,0.01,prev_low,atr,0.5,0.01,4.0,2
16,0.03,0.01,prev_low,atr,0.5,0.01,4.0,4
16,0.03,0.01,prev_low,atr,0.5,0.01,6.0,2
16,0.03,0.01,prev_low,atr,0.5,0.01,6.0,4
16,0.03,0.01,prev_low,atr,1.0,0.01,3.0,2
16,0.03,0.01,prev_low,atr,1.0,0.01,3.0,4
16,0.03,0.01,prev_low,atr,1.0,0.01,4.0,2
16,0.03,0.01,prev_low,atr,1.0,0.01,4.0,4
16,0.03,0.01,prev_low,atr,1.0,0.01,6.0,2
16,0.03,0.01,prev_low,atr,1.0,0.01,6.0,4
16,0.03,0.01,prev_low,pct,0.5,0.01,3.0,2
16,0.03,0.01,prev_low,pct,0.5,0.01,3.0,4
16,0.03,0.01,prev_low,pct,0.5,0.01,4.0,2
16,0.03,0.01,prev_low,pct,0.5,0.01,4.0,4
16,0.03,0.01,prev_low,pct,0.5,0.01,6.0,2
16,0.03,0.01,prev_low,pct,0.5,0.01,6.0,4
16,0.03,0.01,prev_low,pct,1.0,0.01,3.0,2
16,0.03,0.01,prev_low,pct,1.0,0.01,3.0,4
16,0.03,0.01,prev_low,pct,1.0,0.01,4.0,2
16,0.03,0.01,prev_low,pct,1.0,0.01,4.0,4
16,0.03,0.01,prev_low,pct,1.0,0.01,6.0,2
16,0.03,0.01,prev_low,pct,1.0,0.01,6.0,4
16,0.03,0.01,bear_half,atr,0.5,0.01,3.0,2
16,0.03,0.01,bear_half,atr,0.5,0.01,3.0,4
16,0.03,0.01,bear_half,atr,0.5,0.01,4.0,2
16,0.03,0.01,bear_half,atr,0.5,0.01,4.0,4
16,0.03,0.01,bear_half,atr,0.5,0.01,6.0,2
16,0.03,0.01,bear_half,atr,0.5,0.01,6.0,4
16,0.03,0.01,bear_half,atr,1.0,0.01,3.0,2
16,0.03,0.01,bear_half,atr,1.0,0.01,3.0,4
16,0.03,0.01,bear_half,atr,1.0,0.01,4.0,2
16,0.03,0.01,bear_half,atr,1.0,0.01,4.0,4
16,0.03,0.01,bear_half,atr,1.0,0.01,6.0,2
16,0.03,0.01,bear_half,atr,1.0,0.01,6.0,4
16,0.03,0.01,bear_half,pct,0.5,0.01,3.0,2
16,0.03,0.01,bear_half,pct,0.5,0.01,3.0,4
16,0.03,0.01,bear_half,pct,0.5,0.01,4.0,2
16,0.03,0.01,bear_half,pct,0.5,0.01,4.0,4
16,0.03,0.01,bear_half,pct,0.5,0.01,6.0,2
16,0.03,0.01,bear_half,pct,0.5,0.01,6.0,4
16,0.03,0.01,bear_half,pct,1.0,0.01,3.0,2
16,0.03,0.01,bear_half,pct,1.0,0.01,3.0,4
16,0.03,0.01,bear_half,pct,1.0,0.01,4.0,2
16,0.03,0.01,bear_half,pct,1.0,0.01,4.0,4
16,0.03,0.01,bear_half,pct,1.0,0.01,6.0,2
16,0.03,0.01,bear_half,pct,1.0,0.01,6.0,4
16,0.03,0.01,ema,atr,0.5,0.01,3.0,2
16,0.03,0.01,ema,atr,0.5,0.01,3.0,4
16,0.03,0.01,ema,atr,0.5,0.01,4.0,2
16,0.03,0.01,ema,atr,0.5,0.01,4.0,4
16,0.03,0.01,ema,atr,0.5,0.01,6.0,2
16,0.03,0.01,ema,atr,0.5,0.01,6.0,4
16,0.03,0.01,ema,atr,1.0,0.01,3.0,2
16,0.03,0.01,ema,atr,1.0,0.01,3.0,4
16,0.03,0.01,ema,atr,1.0,0.01,4.0,2
16,0.03,0.01,ema,atr,1.0,0.01,4.0,4
16,0.03,0.01,ema,atr,1.0,0.01,6.0,2
16,0.03,0.01,ema,atr,1.0,0.01,6.0,4
16,0.03,0.01,ema,pct,0.5,0.01,3.0,2
16,0.03,0.01,ema,pct,0.5,0.01,3.0,4
16,0.03,0.01,ema,pct,0.5,0.01,4.0,2
16,0.03,0.01,ema,pct,0.5,0.01,4.0,4
16,0.03,0.01,ema,pct,0.5,0.01,6.0,2
16,0.03,0.01,ema,pct,0.5,0.01,6.0,4
16,0.03,0.01,ema,pct,1.0,0.01,3.0,2
16,0.03,0.01,ema,pct,1.0,0.01,3.0,4
16,0.03,0.01,ema,pct,1.0,0.01,4.0,2
16,0.03,0.01,ema,pct,1.0,0.01,4.0,4
16,0.03,0.01,ema,pct,1.0,0.01,6.0,2
16,0.03,0.01,ema,pct,1.0,0.01,6.0,4
16,0.03,0.02,prev_low,atr,0.5,0.01,3.0,2
16,0.03,0.02,prev_low,atr,0.5,0.01,3.0,4
16,0.03,0.02,prev_low,atr,0.5,0.01,4.0,2
16,0.03,0.02,prev_low,atr,0.5,0.01,4.0,4
16,0.03,0.02,prev_low,atr,0.5,0.01,6.0,2
16,0.03,0.02,prev_low,atr,0.5,0.01,6.0,4
16,0.03,0.02,prev_low,atr,1.0,0.01,3.0,2
16,0.03,0.02,prev_low,atr,1.0,0.01,3.0,4
16,0.03,0.02,prev_low,atr,1.0,0.01,4.0,2
16,0.03,0.02,prev_low,atr,1.0,0.01,4.0,4
16,0.03,0.02,prev_low,atr,1.0,0.01,6.0,2
16,0.03,0.02,prev_low,atr,1.0,0.01,6.0,4
16,0.03,0.02,prev_low,pct,0.5,0.01,3.0,2
16,0.03,0.02,prev_low,pct,0.5,0.01,3.0,4
16,0.03,0.02,prev_low,pct,0.5,0.01,4.0,2
16,0.03,0.02,prev_low,pct,0.5,0.01,4.0,4
16,0.03,0.02,prev_low,pct,0.5,0.01,6.0,2
16,0.03,0.02,prev_low,pct,0.5,0.01,6.0,4
16,0.03,0.02,prev_low,pct,1.0,0.01,3.0,2
16,0.03,0.02,prev_low,pct,1.0,0.01,3.0,4
16,0.03,0.02,prev_low,pct,1.0,0.01,4.0,2
16,0.03,0.02,prev_low,pct,1.0,0.01,4.0,4
16,0.03,0.02,prev_low,pct,1.0,0.01,6.0,2
16,0.03,0.02,prev_low,pct,1.0,0.01,6.0,4
16,0.03,0.02,bear_half,atr,0.5,0.01,3.0,2
16,0.03,0.02,bear_half,atr,0.5,0.01,3.0,4
16,0.03,0.02,bear_half,atr,0.5,0.01,4.0,2
16,0.03,0.02,bear_half,atr,0.5,0.01,4.0,4
16,0.03,0.02,bear_half,atr,0.5,0.01,6.0,2
16,0.03,0.02,bear_half,atr,0.5,0.01,6.0,4
16,0.03,0.02,bear_half,atr,1.0,0.01,3.0,2
16,0.03,0.02,bear_half,atr,1.0,0.01,3.0,4
16,0.03,0.02,bear_half,atr,1.0,0.01,4.0,2
16,0.03,0.02,bear_half,atr,1.0,0.01,4.0,4
16,0.03,0.02,bear_half,atr,1.0,0.01,6.0,2
16,0.03,0.02,bear_half,atr,1.0,0.01,6.0,4
16,0.03,0.02,bear_half,pct,0.5,0.01,3.0,2
16,0.03,0.02,bear_half,pct,0.5,0.01,3.0,4
16,0.03,0.02,bear_half,pct,0.5,0.01,4.0,2
16,0.03,0.02,bear_half,pct,0.5,0.01,4.0,4
16,0.03,0.02,bear_half,pct,0.5,0.01,6.0,2
16,0.03,0.02,bear_half,pct,0.5,0.01,6.0,4
16,0.03,0.02,bear_half,pct,1.0,0.01,3.0,2
16,0.03,0.02,bear_half,pct,1.0,0.01,3.0,4
16,0.03,0.02,bear_half,pct,1.0,0.01,4.0,2
16,0.03,0.02,bear_half,pct,1.0,0.01,4.0,4
16,0.03,0.02,bear_half,pct,1.0,0.01,6.0,2
16,0.03,0.02,bear_half,pct,1.0,0.01,6.0,4
16,0.03,0.02,ema,atr,0.5,0.01,3.0,2
16,0.03,0.02,ema,atr,0.5,0.01,3.0,4
16,0.03,0.02,ema,atr,0.5,0.01,4.0,2
16,0.03,0.02,ema,atr,0.5,0.01,4.0,4
16,0.03,0.02,ema,atr,0.5,0.01,6.0,2
16,0.03,0.02,ema,atr,0.5,0.01,6.0,4
16,0.03,0.02,ema,atr,1.0,0.01,3.0,2
16,0.03,0.02,ema,atr,1.0,0.01,3.0,4
16,0.03,0.02,ema,atr,1.0,0.01,4.0,2
16,0.03,0.02,ema,atr,1.0,0.01,4.0,4
16,0.03,0.02,ema,atr,1.0,0.01,6.0,2
16,0.03,0.02,ema,atr,1.0,0.01,6.0,4
16,0.03,0.02,ema,pct,0.5,0.01,3.0,2
16,0.03,0.02,ema,pct,0.5,0.01,3.0,4
16,0.03,0.02,ema,pct,0.5,0.01,4.0,2
16,0.03,0.02,ema,pct,0.5,0.01,4.0,4
16,0.03,0.02,ema,pct,0.5,0.01,6.0,2
16,0.03,0.02,ema,pct,0.5,0.01,6.0,4
16,0.03,0.02,ema,pct,1.0,0.01,3.0,2
16,0.03,0.02,ema,pct,1.0,0.01,3.0,4
16,0.03,0.02,ema,pct,1.0,0.01,4.0,2
16,0.03,0.02,ema,pct,1.0,0.01,4.0,4
16,0.03,0.02,ema,pct,1.0,0.01,6.0,2
16,0.03,0.02,ema,pct,1.0,0.01,6.0,4
32,0.02,0.01,prev_low,atr,0.5,0.01,3.0,2
32,0.02,0.01,prev_low,atr,0.5,0.01,3.0,4
32,0.02,0.01,prev_low,atr,0.5,0.01,4.0,2
32,0.02,0.01,prev_low,atr,0.5,0.01,4.0,4
32,0.02,0.01,prev_low,atr,0.5,0.01,6.0,2
32,0.02,0.01,prev_low,atr,0.5,0.01,6.0,4
32,0.02,0.01,prev_low,atr,1.0,0.01,3.0,2
32,0.02,0.01,prev_low,atr,1.0,0.01,3.0,4
32,0.02,0.01,prev_low,atr,1.0,0.01,4.0,2
32,0.02,0.01,prev_low,atr,1.0,0.01,4.0,4
32,0.02,0.01,prev_low,atr,1.0,0.01,6.0,2
32,0.02,0.01,prev_low,atr,1.0,0.01,6.0,4
32,0.02,0.01,prev_low,pct,0.5,0.01,3.0,2
32,0.02,0.01,prev_low,pct,0.5,0.01,3.0,4
32,0.02,0.01,prev_low,pct,0.5,0.01,4.0,2
32,0.02,0.01,prev_low,pct,0.5,0.01,4.0,4
32,0.02,0.01,prev_low,pct,0.5,0.01,6.0,2
32,0.02,0.01,prev_low,pct,0.5,0.01,6.0,4
32,0.02,0.01,prev_low,pct,1.0,0.01,3.0,2
32,0.02,0.01,prev_low,pct,1.0,0.01,3.0,4
32,0.02,0.01,prev_low,pct,1.0,0.01,4.0,2
32,0.02,0.01,prev_low,pct,1.0,0.01,4.0,4
32,0.02,0.01,prev_low,pct,1.0,0.01,6.0,2
32,0.02,0.01,prev_low,pct,1.0,0.01,6.0,4
32,0.02,0.01,bear_half,atr,0.5,0.01,3.0,2
32,0.02,0.01,bear_half,atr,0.5,0.01,3.0,4
32,0.02,0.01,bear_half,atr,0.5,0.01,4.0,2
32,0.02,0.01,bear_half,atr,0.5,0.01,4.0,4
32,0.02,0.01,bear_half,atr,0.5,0.01,6.0,2
32,0.02,0.01,bear_half,atr,0.5,0.01,6.0,4
32,0.02,0.01,bear_half,atr,1.0,0.01,3.0,2
32,0.02,0.01,bear_half,atr,1.0,0.01,3.0,4
32,0.02,0.01,bear_half,atr,1.0,0.01,4.0,2
32,0.02,0.01,bear_half,atr,1.0,0.01,4.0,4
32,0.02,0.01,bear_half,atr,1.0,0.01,6.0,2
32,0.02,0.01,bear_half,atr,1.0,0.01,6.0,4
32,0.02,0.01,bear_half,pct,0.5,0.01,3.0,2
32,0.02,0.01,bear_half,pct,0.5,0.01,3.0,4
32,0.02,0.01,bear_half,pct,0.5,0.01,4.0,2
32,0.02,0.01,bear_half,pct,0.5,0.01,4.0,4
32,0.02,0.01,bear_half,pct,0.5,0.01,6.0,2
32,0.02,0.01,bear_half,pct,0.5,0.01,6.0,4
32,0.02,0.01,bear_half,pct,1.0,0.01,3.0,2
32,0.02,0.01,bear_half,pct,1.0,0.01,3.0,4
32,0.02,0.01,bear_half,pct,1.0,0.01,4.0,2
32,0.02,0.01,bear_half,pct,1.0,0.01,4.0,4
32,0.02,0.01,bear_half,pct,1.0,0.01,6.0,2
32,0.02,0.01,bear_half,pct,1.0,0.01,6.0,4
32,0.02,0.01,ema,atr,0.5,0.01,3.0,2
32,0.02,0.01,ema,atr,0.5,0.01,3.0,4
32,0.02,0.01,ema,atr,0.5,0.01,4.0,2
32,0.02,0.01,ema,atr,0.5,0.01,4.0,4
32,0.02,0.01,ema,atr,0.5,0.01,6.0,2
32,0.02,0.01,ema,atr,0.5,0.01,6.0,4
32,0.02,0.01,ema,atr,1.0,0.01,3.0,2
32,0.02,0.01,ema,atr,1.0,0.01,3.0,4
32,0.02,0.01,ema,atr,1.0,0.01,4.0,2
32,0.02,0.01,ema,atr,1.0,0.01,4.0,4
32,0.02,0.01,ema,atr,1.0,0.01,6.0,2
32,0.02,0.01,ema,atr,1.0,0.01,6.0,4
32,0.02,0.01,ema,pct,0.5,0.01,3.0,2
32,0.02,0.01,ema,pct,0.5,0.01,3.0,4
32,0.02,0.01,ema,pct,0.5,0.01,4.0,2
32,0.02,0.01,ema,pct,0.5,0.01,4.0,4
32,0.02,0.01,ema,pct,0.5,0.01,6.0,2
32,0.02,0.01,ema,pct,0.5,0.01,6.0,4
32,0.02,0.01,ema,pct,1.0,0.01,3.0,2
32,0.02,0.01,ema,pct,1.0,0.01,3.0,4
32,0.02,0.01,ema,pct,1.0,0.01,4.0,2
32,0.02,0.01,ema,pct,1.0,0.01,4.0,4
32,0.02,0.01,ema,pct,1.0,0.01,6.0,2
32,0.02,0.01,ema,pct,1.0,0.01,6.0,4
32,0.02,0.02,prev_low,atr,0.5,0.01,3.0,2
32,0.02,0.02,prev_low,atr,0.5,0.01,3.0,4
32,0.02,0.02,prev_low,atr,0.5,0.01,4.0,2
32,0.02,0.02,prev_low,atr,0.5,0.01,4.0,4
32,0.02,0.02,prev_low,atr,0.5,0.01,6.0,2
32,0.02,0.02,prev_low,atr,0.5,0.01,6.0,4
32,0.02,0.02,prev_low,atr,1.0,0.01,3.0,2
32,0.02,0.02,prev_low,atr,1.0,0.01,3.0,4
32,0.02,0.02,prev_low,atr,1.0,0.01,4.0,2
32,0.02,0.02,prev_low,atr,1.0,0.01,4.0,4
32,0.02,0.02,prev_low,atr,1.0,0.01,6.0,2
32,0.02,0.02,prev_low,atr,1.0,0.01,6.0,4
32,0.02,0.02,prev_low,pct,0.5,0.01,3.0,2
32,0.02,0.02,prev_low,pct,0.5,0.01,3.0,4
32,0.02,0.02,prev_low,pct,0.5,0.01,4.0,2
32,0.02,0.02,prev_low,pct,0.5,0.01,4.0,4
32,0.02,0.02,prev_low,pct,0.5,0.01,6.0,2
32,0.02,0.02,prev_low,pct,0.5,0.01,6.0,4
32,0.02,0.02,prev_low,pct,1.0,0.01,3.0,2
32,0.02,0.02,prev_low,pct,1.0,0.01,3.0,4
32,0.02,0.02,prev_low,pct,1.0,0.01,4.0,2
32,0.02,0.02,prev_low,pct,1.0,0.01,4.0,4
32,0.02,0.02,prev_low,pct,1.0,0.01,6.0,2
32,0.02,0.02,prev_low,pct,1.0,0.01,6.0,4
32,0.02,0.02,bear_half,atr,0.5,0.01,3.0,2
32,0.02,0.02,bear_half,atr,0.5,0.01,3.0,4
32,0.02,0.02,bear_half,atr,0.5,0.01,4.0,2
32,0.02,0.02,bear_half,atr,0.5,0.01,4.0,4
32,0.02,0.02,bear_half,atr,0.5,0.01,6.0,2
32,0.02,0.02,bear_half,atr,0.5,0.01,6.0,4
32,0.02,0.02,bear_half,atr,1.0,0.01,3.0,2
32,0.02,0.02,bear_half,atr,1.0,0.01,3.0,4
32,0.02,0.02,bear_half,atr,1.0,0.01,4.0,2
32,0.02,0.02,bear_half,atr,1.0,0.01,4.0,4
32,0.02,0.02,bear_half,atr,1.0,0.01,6.0,2
32,0.02,0.02,bear_half,atr,1.0,0.01,6.0,4
32,0.02,0.02,bear_half,pct,0.5,0.01,3.0,2
32,0.02,0.02,bear_half,pct,0.5,0.01,3.0,4
32,0.02,0.02,bear_half,pct,0.5,0.01,4.0,2
32,0.02,0.02,bear_half,pct,0.5,0.01,4.0,4
32,0.02,0.02,bear_half,pct,0.5,0.01,6.0,2
32,0.02,0.02,bear_half,pct,0.5,0.01,6.0,4
32,0.02,0.02,bear_half,pct,1.0,0.01,3.0,2
32,0.02,0.02,bear_half,pct,1.0,0.01,3.0,4
32,0.02,0.02,bear_half,pct,1.0,0.01,4.0,2
32,0.02,0.02,bear_half,pct,1.0,0.01,4.0,4
32,0.02,0.02,bear_half,pct,1.0,0.01,6.0,2
32,0.02,0.02,bear_half,pct,1.0,0.01,6.0,4
32,0.02,0.02,ema,atr,0.5,0.01,3.0,2
32,0.02,0.02,ema,atr,0.5,0.01,3.0,4
32,0.02,0.02,ema,atr,0.5,0.01,4.0,2
32,0.02,0.02,ema,atr,0.5,0.01,4.0,4
32,0.02,0.02,ema,atr,0.5,0.01,6.0,2
32,0.02,0.02,ema,atr,0.5,0.01,6.0,4
32,0.02,0.02,ema,atr,1.0,0.01,3.0,2
32,0.02,0.02,ema,atr,1.0,0.01,3.0,4
32,0.02,0.02,ema,atr,1.0,0.01,4.0,2
32,0.02,0.02,ema,atr,1.0,0.01,4.0,4
32,0.02,0.02,ema,atr,1.0,0.01,6.0,2
32,0.02,0.02,ema,atr,1.0,0.01,6.0,4
32,0.02,0.02,ema,pct,0.5,0.01,3.0,2
32,0.02,0.02,ema,pct,0.5,0.01,3.0,4
32,0.02,0.02,ema,pct,0.5,0.01,4.0,2
32,0.02,0.02,ema,pct,0.5,0.01,4.0,4
32,0.02,0.02,ema,pct,0.5,0.01,6.0,2
32,0.02,0.02,ema,pct,0.5,0.01,6.0,4
32,0.02,0.02,ema,pct,1.0,0.01,3.0,2
32,0.02,0.02,ema,pct,1.0,0.01,3.0,4
32,0.02,0.02,ema,pct,1.0,0.01,4.0,2
32,0.02,0.02,ema,pct,1.0,0.01,4.0,4
32,0.02,0.02,ema,pct,1.0,0.01,6.0,2
32,0.02,0.02,ema,pct,1.0,0.01,6.0,4
32,0.03,0.01,prev_low,atr,0.5,0.01,3.0,2
32,0.03,0.01,prev_low,atr,0.5,0.01,3.0,4
32,0.03,0.01,prev_low,atr,0.5,0.01,4.0,2
32,0.03,0.01,prev_low,atr,0.5,0.01,4.0,4
32,0.03,0.01,prev_low,atr,0.5,0.01,6.0,2
32,0.03,0.01,prev_low,atr,0.5,0.01,6.0,4
32,0.03,0.01,prev_low,atr,1.0,0.01,3.0,2
32,0.03,0.01,prev_low,atr,1.0,0.01,3.0,4
32,0.03,0.01,prev_low,atr,1.0,0.01,4.0,2
32,0.03,0.01,prev_low,atr,1.0,0.01,4.0,4
32,0.03,0.01,prev_low,atr,1.0,0.01,6.0,2
32,0.03,0.01,prev_low,atr,1.0,0.01,6.0,4
32,0.03,0.01,prev_low,pct,0.5,0.01,3.0,2
32,0.03,0.01,prev_low,pct,0.5,0.01,3.0,4
32,0.03,0.01,prev_low,pct,0.5,0.01,4.0,2
32,0.03,0.01,prev_low,pct,0.5,0.01,4.0,4
32,0.03,0.01,prev_low,pct,0.5,0.01,6.0,2
32,0.03,0.01,prev_low,pct,0.5,0.01,6.0,4
32,0.03,0.01,prev_low,pct,1.0,0.01,3.0,2
32,0.03,0.01,prev_low,pct,1.0,0.01,3.0,4
32,0.03,0.01,prev_low,pct,1.0,0.01,4.0,2
32,0.03,0.01,prev_low,pct,1.0,0.01,4.0,4
32,0.03,0.01,prev_low,pct,1.0,0.01,6.0,2
32,0.03,0.01,prev_low,pct,1.0,0.01,6.0,4
32,0.03,0.01,bear_half,atr,0.5,0.01,3.0,2
32,0.03,0.01,bear_half,atr,0.5,0.01,3.0,4
32,0.03,0.01,bear_half,atr,0.5,0.01,4.0,2
32,0.03,0.01,bear_half,atr,0.5,0.01,4.0,4
32,0.03,0.01,bear_half,atr,0.5,0.01,6.0,2
32,0.03,0.01,bear_half,atr,0.5,0.01,6.0,4
32,0.03,0.01,bear_half,atr,1.0,0.01,3.0,2
32,0.03,0.01,bear_half,atr,1.0,0.01,3.0,4
32,0.03,0.01,bear_half,atr,1.0,0.01,4.0,2
32,0.03,0.01,bear_half,atr,1.0,0.01,4.0,4
32,0.03,0.01,bear_half,atr,1.0,0.01,6.0,2
32,0.03,0.01,bear_half,atr,1.0,0.01,6.0,4
32,0.03,0.01,bear_half,pct,0.5,0.01,3.0,2
32,0.03,0.01,bear_half,pct,0.5,0.01,3.0,4
32,0.03,0.01,bear_half,pct,0.5,0.01,4.0,2
32,0.03,0.01,bear_half,pct,0.5,0.01,4.0,4
32,0.03,0.01,bear_half,pct,0.5,0.01,6.0,2
32,0.03,0.01,bear_half,pct,0.5,0.01,6.0,4
32,0.03,0.01,bear_half,pct,1.0,0.01,3.0,2
32,0.03,0.01,bear_half,pct,1.0,0.01,3.0,4
32,0.03,0.01,bear_half,pct,1.0,0.01,4.0,2
32,0.03,0.01,bear_half,pct,1.0,0.01,4.0,4
32,0.03,0.01,bear_half,pct,1.0,0.01,6.0,2
32,0.03,0.01,bear_half,pct,1.0,0.01,6.0,4
32,0.03,0.01,ema,atr,0.5,0.01,3.0,2
32,0.03,0.01,ema,atr,0.5,0.01,3.0,4
32,0.03,0.01,ema,atr,0.5,0.01,4.0,2
32,0.03,0.01,ema,atr,0.5,0.01,4.0,4
32,0.03,0.01,ema,atr,0.5,0.01,6.0,2
32,0.03,0.01,ema,atr,0.5,0.01,6.0,4
32,0.03,0.01,ema,atr,1.0,0.01,3.0,2
32,0.03,0.01,ema,atr,1.0,0.01,3.0,4
32,0.03,0.01,ema,atr,1.0,0.01,4.0,2
32,0.03,0.01,ema,atr,1.0,0.01,4.0,4
32,0.03,0.01,ema,atr,1.0,0.01,6.0,2
32,0.03,0.01,ema,atr,1.0,0.01,6.0,4
32,0.03,0.01,ema,pct,0.5,0.01,3.0,2
32,0.03,0.01,ema,pct,0.5,0.01,3.0,4
32,0.03,0.01,ema,pct,0.5,0.01,4.0,2
32,0.03,0.01,ema,pct,0.5,0.01,4.0,4
32,0.03,0.01,ema,pct,0.5,0.01,6.0,2
32,0.03,0.01,ema,pct,0.5,0.01,6.0,4
32,0.03,0.01,ema,pct,1.0,0.01,3.0,2
32,0.03,0.01,ema,pct,1.0,0.01,3.0,4
32,0.03,0.01,ema,pct,1.0,0.01,4.0,2
32,0.03,0.01,ema,pct,1.0,0.01,4.0,4
32,0.03,0.01,ema,pct,1.0,0.01,6.0,2
32,0.03,0.01,ema,pct,1.0,0.01,6.0,4
32,0.03,0.02,prev_low,atr,0.5,0.01,3.0,2
32,0.03,0.02,prev_low,atr,0.5,0.01,3.0,4
32,0.03,0.02,prev_low,atr,0.5,0.01,4.0,2
32,0.03,0.02,prev_low,atr,0.5,0.01,4.0,4
32,0.03,0.02,prev_low,atr,0.5,0.01,6.0,2
32,0.03,0.02,prev_low,atr,0.5,0.01,6.0,4
32,0.03,0.02,prev_low,atr,1.0,0.01,3.0,2
32,0.03,0.02,prev_low,atr,1.0,0.01,3.0,4
32,0.03,0.02,prev_low,atr,1.0,0.01,4.0,2
32,0.03,0.02,prev_low,atr,1.0,0.01,4.0,4
32,0.03,0.02,prev_low,atr,1.0,0.01,6.0,2
32,0.03,0.02,prev_low,atr,1.0,0.01,6.0,4
32,0.03,0.02,prev_low,pct,0.5,0.01,3.0,2
32,0.03,0.02,prev_low,pct,0.5,0.01,3.0,4
32,0.03,0.02,prev_low,pct,0.5,0.01,4.0,2
32,0.03,0.02,prev_low,pct,0.5,0.01,4.0,4
32,0.03,0.02,prev_low,pct,0.5,0.01,6.0,2
32,0.03,0.02,prev_low,pct,0.5,0.01,6.0,4
32,0.03,0.02,prev_low,pct,1.0,0.01,3.0,2
32,0.03,0.02,prev_low,pct,1.0,0.01,3.0,4
32,0.03,0.02,prev_low,pct,1.0,0.01,4.0,2
32,0.03,0.02,prev_low,pct,1.0,0.01,4.0,4
32,0.03,0.02,prev_low,pct,1.0,0.01,6.0,2
32,0.03,0.02,prev_low,pct,1.0,0.01,6.0,4
32,0.03,0.02,bear_half,atr,0.5,0.01,3.0,2
32,0.03,0.02,bear_half,atr,0.5,0.01,3.0,4
32,0.03,0.02,bear_half,atr,0.5,0.01,4.0,2
32,0.03,0.02,bear_half,atr,0.5,0.01,4.0,4
32,0.03,0.02,bear_half,atr,0.5,0.01,6.0,2
32,0.03,0.02,bear_half,atr,0.5,0.01,6.0,4
32,0.03,0.02,bear_half,atr,1.0,0.01,3.0,2
32,0.03,0.02,bear_half,atr,1.0,0.01,3.0,4
32,0.03,0.02,bear_half,atr,1.0,0.01,4.0,2
32,0.03,0.02,bear_half,atr,1.0,0.01,4.0,4
32,0.03,0.02,bear_half,atr,1.0,0.01,6.0,2
32,0.03,0.02,bear_half,atr,1.0,0.01,6.0,4
32,0.03,0.02,bear_half,pct,0.5,0.01,3.0,2
32,0.03,0.02,bear_half,pct,0.5,0.01,3.0,4
32,0.03,0.02,bear_half,pct,0.5,0.01,4.0,2
32,0.03,0.02,bear_half,pct,0.5,0.01,4.0,4
32,0.03,0.02,bear_half,pct,0.5,0.01,6.0,2
32,0.03,0.02,bear_half,pct,0.5,0.01,6.0,4
32,0.03,0.02,bear_half,pct,1.0,0.01,3.0,2
32,0.03,0.02,bear_half,pct,1.0,0.01,3.0,4
32,0.03,0.02,bear_half,pct,1.0,0.01,4.0,2
32,0.03,0.02,bear_half,pct,1.0,0.01,4.0,4
32,0.03,0.02,bear_half,pct,1.0,0.01,6.0,2
32,0.03,0.02,bear_half,pct,1.0,0.01,6.0,4
32,0.03,0.02,ema,atr,0.5,0.01,3.0,2
32,0.03,0.02,ema,atr,0.5,0.01,3.0,4
32,0.03,0.02,ema,atr,0.5,0.01,4.0,2
32,0.03,0.02,ema,atr,0.5,0.01,4.0,4
32,0.03,0.02,ema,atr,0.5,0.01,6.0,2
32,0.03,0.02,ema,atr,0.5,0.01,6.0,4
32,0.03,0.02,ema,atr,1.0,0.01,3.0,2
32,0.03,0.02,ema,atr,1.0,0.01,3.0,4
32,0.03,0.02,ema,atr,1.0,0.01,4.0,2
32,0.03,0.02,ema,atr,1.0,0.01,4.0,4
32,0.03,0.02,ema,atr,1.0,0.01,6.0,2
32,0.03,0.02,ema,atr,1.0,0.01,6.0,4
32,0.03,0.02,ema,pct,0.5,0.01,3.0,2
32,0.03,0.02,ema,pct,0.5,0.01,3.0,4
32,0.03,0.02,ema,pct,0.5,0.01,4.0,2
32,0.03,0.02,ema,pct,0.5,0.01,4.0,4
32,0.03,0.02,ema,pct,0.5,0.01,6.0,2
32,0.03,0.02,ema,pct,0.5,0.01,6.0,4
32,0.03,0.02,ema,pct,1.0,0.01,3.0,2
32,0.03,0.02,ema,pct,1.0,0.01,3.0,4
32,0.03,0.02,ema,pct,1.0,0.01,4.0,2
32,0.03,0.02,ema,pct,1.0,0.01,4.0,4
32,0.03,0.02,ema,pct,1.0,0.01,6.0,2
32,0.03,0.02,ema,pct,1.0,0.01,6.0,4
