variant,trigger_gain_pct,wait_bars,initial_stop_pct,independent_events,train_independent_events,validation_independent_events,validation_events_at_least_30,signals,trades,unfilled_or_rejected,train_trades,validation_trades,validation_sufficient_for_selection,win_rate,train_win_rate,validation_win_rate,total_net_return,compound_return,average_net_return,profit_factor,max_drawdown,train_profit_factor,train_compound_return,validation_profit_factor,validation_compound_return,validation_average_net_return,exit_reasons,rejections
trigger_110_wait1_stop10,1.1,1,0.1,54,28,26,False,54,49,5,25,24,False,0.32653061224489793,0.24,0.4166666666666667,-0.9448901807669022,-0.7430784280597,-0.019283473076875557,0.7160372528174702,0.795178809760402,0.3208909996892917,-0.7704399627474956,1.2656781761263358,0.11919119292396352,0.015405950015802116,"{""breakeven_stop"": 2, ""stop"": 30, ""stop_gap"": 2, ""target_2"": 5, ""utc_day_end"": 10}","{""limit_unfilled"": 5}"
trigger_110_wait1_stop15,1.1,1,0.15,54,28,26,False,54,49,5,25,24,False,0.4489795918367347,0.44,0.4583333333333333,-0.7597291746581969,-0.7429331242768735,-0.015504677033840753,0.8017802114270931,0.7738686747369707,0.6117383973312667,-0.6424653675533326,1.0046475155270735,-0.28100146840607776,0.0003589867863201604,"{""breakeven_stop"": 3, ""stop"": 24, ""target_2"": 6, ""utc_day_end"": 16}","{""limit_unfilled"": 5}"
trigger_110_wait1_stop20,1.1,1,0.2,54,28,26,False,54,49,5,25,24,False,0.4897959183673469,0.44,0.5416666666666666,-0.941875563493792,-0.8274142715450836,-0.01922195027538351,0.7853353003213611,0.8901524080094891,0.5181273725229322,-0.7724749820686325,1.0897077881073942,-0.2414648286854476,0.0076669706788360555,"{""breakeven_stop"": 3, ""stop"": 20, ""target_2"": 7, ""utc_day_end"": 19}","{""limit_unfilled"": 5}"
trigger_110_wait2_stop10,1.1,2,0.1,54,28,26,False,54,47,7,25,22,False,0.3191489361702128,0.28,0.36363636363636365,-1.051335127054653,-0.762947030731002,-0.02236883249052453,0.6712780387778132,0.7902211509473887,0.4463181420287039,-0.6999783252315288,0.977366625871263,-0.20988052129255863,-0.001393830643114831,"{""stop"": 30, ""stop_gap"": 1, ""target_2"": 5, ""utc_day_end"": 11}","{""limit_unfilled"": 7}"
trigger_110_wait2_stop15,1.1,2,0.15,54,28,26,False,54,47,7,25,22,False,0.46808510638297873,0.52,0.4090909090909091,-0.42171859577443893,-0.6324220444636098,-0.00897273608030721,0.8797414360331639,0.7355586940202092,0.9271295018672406,-0.3231699059102776,0.8374884661444281,-0.45691251209692363,-0.01369400128005937,"{""breakeven_stop"": 2, ""stop"": 22, ""target_2"": 6, ""utc_day_end"": 17}","{""limit_unfilled"": 7}"
trigger_110_wait2_stop20,1.1,2,0.2,54,28,26,False,54,47,7,25,22,False,0.5106382978723404,0.52,0.5,-0.6123909548043989,-0.7518368647573699,-0.013029594783072316,0.8495423921381917,0.8501041918939549,0.7590324113073582,-0.5668685186637761,0.9386323533422611,-0.4270489541027144,-0.005721655215496565,"{""breakeven_stop"": 2, ""stop"": 18, ""target_2"": 7, ""utc_day_end"": 20}","{""limit_unfilled"": 7}"
trigger_110_wait3_stop10,1.1,3,0.1,54,28,26,False,54,45,9,24,21,False,0.37777777777777777,0.3333333333333333,0.42857142857142855,-0.0659855477948822,-0.377863566661929,-0.0014663455065529376,0.9758391379677246,0.6790001065176934,0.6815316602301192,-0.498543037903317,1.3817975939848306,0.2406576842343653,0.02086837300838194,"{""stop"": 26, ""target_2"": 5, ""utc_day_end"": 14}","{""limit_unfilled"": 9}"
trigger_110_wait3_stop15,1.1,3,0.15,54,28,26,False,54,45,9,24,21,False,0.5333333333333333,0.625,0.42857142857142855,0.9131799588039933,0.38934214610757345,0.02029288797342207,1.3248342655577585,0.5161270645037878,1.9213163482889433,1.1033175281149137,0.9339299815948192,-0.3394520192332714,-0.005343058705903706,"{""breakeven_stop"": 2, ""stop"": 17, ""target_2"": 6, ""utc_day_end"": 20}","{""limit_unfilled"": 9}"
trigger_110_wait3_stop20,1.1,3,0.2,54,28,26,False,54,45,9,24,21,False,0.5555555555555556,0.625,0.47619047619047616,0.38194283241930993,-0.29849821458249626,0.008487618498206888,1.1117979619433562,0.6861595938280824,1.5617162303619352,0.5409579221340262,0.8108716450707951,-0.5447625302798567,-0.018436793971599825,"{""breakeven_stop"": 2, ""stop"": 15, ""target_2"": 6, ""utc_day_end"": 22}","{""limit_unfilled"": 9}"
trigger_120_wait1_stop10,1.2,1,0.1,42,22,20,False,42,40,2,21,19,False,0.25,0.14285714285714285,0.3684210526315789,-1.4777860303895833,-0.8287808256059364,-0.036944650759739586,0.5022561854247083,0.8584222265218625,0.2252985082331798,-0.7714661191324842,0.9005364287053319,-0.2507930388959623,-0.006374890322636432,"{""breakeven_stop"": 2, ""stop"": 29, ""target_2"": 2, ""utc_day_end"": 7}","{""limit_unfilled"": 2}"
trigger_120_wait1_stop15,1.2,1,0.15,42,22,20,False,42,40,2,21,19,False,0.475,0.47619047619047616,0.47368421052631576,-0.050285282413856616,-0.43028339197612064,-0.0012571320603464154,0.9831144491696033,0.7365046789867551,1.019481479362068,-0.20242516255993537,0.9480050019450316,-0.28568883911575005,-0.004146468042420287,"{""breakeven_stop"": 3, ""stop"": 19, ""target_2"": 4, ""utc_day_end"": 14}","{""limit_unfilled"": 2}"
trigger_120_wait1_stop20,1.2,1,0.2,42,22,20,False,42,40,2,21,19,False,0.5,0.47619047619047616,0.5263157894736842,-0.2999537961264896,-0.6283440487691564,-0.00749884490316224,0.9149432823636031,0.8281082159150442,0.8708471292694968,-0.4126005288445469,0.956570507529402,-0.36728585999614194,-0.004146468042420305,"{""breakeven_stop"": 3, ""stop"": 15, ""target_2"": 5, ""utc_day_end"": 17}","{""limit_unfilled"": 2}"
trigger_120_wait2_stop10,1.2,2,0.1,42,22,20,False,42,39,3,21,18,False,0.358974358974359,0.38095238095238093,0.3333333333333333,0.15981730073872447,-0.20112533790303455,0.00409787950612114,1.0660705972876758,0.5673474364356401,1.060264706096946,-0.1146639774701742,1.072583205204472,-0.09765937252366519,0.004597167117180549,"{""breakeven_stop"": 2, ""stop"": 23, ""target_2"": 4, ""utc_day_end"": 10}","{""limit_unfilled"": 3}"
trigger_120_wait2_stop15,1.2,2,0.15,42,22,20,False,42,39,3,21,18,False,0.46153846153846156,0.5714285714285714,0.3333333333333333,0.08979126693565934,-0.3482116472530886,0.0023023401778374188,1.0310092660733337,0.6104957467403309,1.462591156581169,0.356699560279353,0.723341138678425,-0.5195779730239581,-0.02598283654948602,"{""breakeven_stop"": 3, ""stop"": 18, ""target_2"": 4, ""utc_day_end"": 14}","{""limit_unfilled"": 3}"
trigger_120_wait2_stop20,1.2,2,0.2,42,22,20,False,42,39,3,21,18,False,0.5384615384615384,0.5714285714285714,0.5,0.12175706568166514,-0.3940320992018571,0.003121976043119619,1.039711459254826,0.7049309570079054,1.2327797030744458,0.03123393384056894,0.8710054351167461,-0.41238560823792003,-0.01172601395265967,"{""breakeven_stop"": 4, ""stop"": 13, ""target_2"": 4, ""utc_day_end"": 18}","{""limit_unfilled"": 3}"
trigger_120_wait3_stop10,1.2,3,0.1,42,22,20,False,42,34,8,19,15,False,0.2647058823529412,0.42105263157894735,0.06666666666666667,-1.3137066802562252,-0.7845295777448251,-0.03863843177224192,0.46250195117379583,0.7984733943121047,0.9287921676579803,-0.20125005133116125,0.07050147363795753,-0.7302404555840432,-0.0822812465183802,"{""breakeven_stop"": 2, ""stop"": 24, ""target_2"": 1, ""utc_day_end"": 7}","{""limit_unfilled"": 8}"
trigger_120_wait3_stop15,1.2,3,0.15,42,22,20,False,42,34,8,19,15,False,0.47058823529411764,0.631578947368421,0.26666666666666666,-0.3053911139168782,-0.5031413383940142,-0.008982091585790535,0.8785130859478938,0.7140306457349177,1.6880361568204114,0.5739401684540324,0.3525780031656653,-0.6843217604046447,-0.06576912042773482,"{""breakeven_stop"": 3, ""stop"": 16, ""target_2"": 2, ""utc_day_end"": 13}","{""limit_unfilled"": 8}"
trigger_120_wait3_stop20,1.2,3,0.2,42,22,20,False,42,34,8,19,15,False,0.5,0.631578947368421,0.3333333333333333,-0.6645553084169203,-0.6906451904217947,-0.019545744365203538,0.7708926028283123,0.8137206804542565,1.3528713330755537,0.16818504959417524,0.3392267629098057,-0.7351833858123124,-0.0733625840341941,"{""breakeven_stop"": 3, ""stop"": 13, ""target_2"": 2, ""utc_day_end"": 16}","{""limit_unfilled"": 8}"
trigger_130_wait1_stop10,1.3,1,0.1,37,21,16,False,37,35,2,20,15,False,0.34285714285714286,0.4,0.26666666666666666,-0.739744860405515,-0.6212023674263829,-0.02113556744015757,0.6693191752950393,0.7856369009592684,0.6785925617487019,-0.3701428715067998,0.6600086303142684,-0.3985975303958058,-0.0253017373213505,"{""breakeven_stop"": 4, ""stop"": 22, ""target_2"": 1, ""utc_day_end"": 8}","{""limit_unfilled"": 2}"
trigger_130_wait1_stop15,1.3,1,0.15,37,21,16,False,37,35,2,20,15,False,0.4857142857142857,0.55,0.4,0.1565139494155236,-0.2520125008820452,0.004471827126157817,1.0623011565395004,0.7076444790062195,1.4046357636939129,0.25566319821876693,0.7739763542311796,-0.40430881451409906,-0.02054828039889286,"{""breakeven_stop"": 4, ""stop"": 16, ""target_2"": 3, ""utc_day_end"": 12}","{""limit_unfilled"": 2}"
trigger_130_wait1_stop20,1.3,1,0.2,37,21,16,False,37,35,2,20,15,False,0.5142857142857142,0.55,0.4666666666666667,0.09140854566705041,-0.3959060763219038,0.0026116727333442974,1.0317814413261206,0.7501752240793386,1.2766465848589854,0.07736746836825348,0.839883895905908,-0.4392870200610033,-0.01721227999889289,"{""breakeven_stop"": 4, ""stop"": 13, ""target_2"": 4, ""utc_day_end"": 14}","{""limit_unfilled"": 2}"
trigger_130_wait2_stop10,1.3,2,0.1,37,21,16,False,37,34,3,20,14,False,0.38235294117647056,0.45,0.2857142857142857,0.3278150624196643,-0.0046107955435915615,0.009641619482931303,1.1650669346202829,0.5864440379823626,1.4287215352272782,0.26544465939688466,0.9127530826037646,-0.21340755831170455,-0.006324163352830758,"{""breakeven_stop"": 2, ""stop"": 19, ""target_2"": 3, ""utc_day_end"": 10}","{""limit_unfilled"": 3}"
trigger_130_wait2_stop15,1.3,2,0.15,37,21,16,False,37,34,3,20,14,False,0.5,0.6,0.35714285714285715,0.7601797833209721,0.3288188233630125,0.022358228921205064,1.3363662728135122,0.6220360215752392,2.226476452327925,1.3146895926499704,0.7513312412481903,-0.42591921284714673,-0.0242217801272333,"{""breakeven_stop"": 3, ""stop"": 14, ""target_2"": 4, ""utc_day_end"": 13}","{""limit_unfilled"": 3}"
trigger_130_wait2_stop20,1.3,2,0.2,37,21,16,False,37,34,3,20,14,False,0.5294117647058824,0.6,0.42857142857142855,0.5993364613818218,0.030150648245230727,0.01762754298181829,1.2378791792455797,0.6790447545111068,2.200153737832998,1.2536825528255533,0.6966011421749216,-0.5429033929584804,-0.034944638555804756,"{""breakeven_stop"": 4, ""stop"": 11, ""target_2"": 4, ""utc_day_end"": 15}","{""limit_unfilled"": 3}"
trigger_130_wait3_stop10,1.3,3,0.1,37,21,16,False,37,31,6,18,13,False,0.2903225806451613,0.3888888888888889,0.15384615384615385,-0.6395805032341972,-0.588741980184559,-0.020631629136587008,0.6979978643462066,0.7127707380627448,1.133190658486716,-0.02780136541779943,0.3075459737446728,-0.5769814879526366,-0.05945950660550334,"{""stop"": 20, ""target_2"": 2, ""utc_day_end"": 9}","{""limit_unfilled"": 6}"
trigger_130_wait3_stop15,1.3,3,0.15,37,21,16,False,37,31,6,18,13,False,0.41935483870967744,0.5,0.3076923076923077,-0.2513271377252694,-0.47015477366767167,-0.008107327023395786,0.8940190619215245,0.7204387958430142,1.4406691776457057,0.25865410743261186,0.4900464272165648,-0.5790382574501739,-0.05349339396120399,"{""breakeven_stop"": 1, ""stop"": 15, ""target_2"": 2, ""utc_day_end"": 13}","{""limit_unfilled"": 6}"
trigger_130_wait3_stop20,1.3,3,0.2,37,21,16,False,37,31,6,18,13,False,0.41935483870967744,0.5,0.3076923076923077,-0.48284674160591334,-0.6166340889553571,-0.015575701342126236,0.8145006696979827,0.7977253914954427,1.2950404344029722,0.07860302826526722,0.4509597395998237,-0.6445718202171042,-0.06258541875160097,"{""breakeven_stop"": 1, ""stop"": 12, ""target_2"": 2, ""utc_day_end"": 16}","{""limit_unfilled"": 6}"
