symbol,signal_index,signal_ts,entry_ts,exit_ts,exit_index,entry,exit,stop,target,net_r,notional_return,margin_return_2x_pct,adverse_return,reason
RLS,457,1775352600000,1775352600000,1775357100000,462,0.0055198958,0.006070528148571428,0.006069314285714286,0.004970477314285714,-1.0148668409212078,-0.1010139725718321,-20.20279451436642,-0.1010139725718321,stop
ENJ,849,1775705400000,1775705400000,1775708100000,852,0.037472504000000004,0.033565362587314296,0.04138635714285714,0.033558650857142866,0.9873949153626639,0.10312944906839744,20.62588981367949,-0.009345519979129075,target
RAVE,918,1775767500000,1775767500000,1775768400000,919,0.6228754,0.6887224312285715,0.6885847142857143,0.5571660857142856,-1.0140722156614455,-0.10697804075631923,-21.395608151263843,-0.10697804075631923,stop
RAVE,937,1775784600000,1775784600000,1775801700000,956,1.057948368,0.9667784816043428,1.1493115714285713,0.9665851645714285,0.9845873055033829,0.0850278265053239,17.005565301064777,-0.03697058728937902,target
RAVE,974,1775817900000,1775817900000,1775821500000,978,1.1050289500000001,1.2919540534285716,1.2916957142857144,0.9183621857142859,-1.009088543166247,-0.1704600528616274,-34.092010572325485,-0.1704600528616274,stop
RAVE,995,1775836800000,1775836800000,1775837700000,996,1.4753448720000002,1.5574454982428572,1.5571340714285715,1.3935556725714289,-1.0260560202486455,-0.056881819334376395,-11.376363866875279,-0.056881819334376395,stop
RAVE,1016,1775855700000,1775855700000,1775856600000,1017,1.607488438,1.6561225868571428,1.6557914285714286,1.5591854474285716,-1.0473950965260235,-0.03147289540384051,-6.294579080768102,-0.03147289540384051,stop
RAVE,1039,1775876400000,1775876400000,1775886300000,1050,1.962547412,2.107074544928571,2.106653214285714,1.8184416097142857,-1.0198680675698084,-0.07488680538573825,-14.97736107714765,-0.07488680538573825,stop
RAVE,1199,1776020400000,1776020400000,1776023100000,1202,4.025164806,4.581537910071428,4.5806217857142855,3.469707826285715,-1.0109462050326794,-0.13950661718596735,-27.90132343719347,-0.13950661718596735,stop
RAVE,1221,1776040200000,1776040200000,1776041100000,1222,6.217036344,6.464041478357143,6.462748928571429,5.9713237594285715,-1.036226050426574,-0.040954205020255735,-8.190841004051148,-0.040954205020255735,stop
RAVE,1241,1776058200000,1776058200000,1776062700000,1246,6.20330909,6.439801274142857,6.4385135714285715,5.968104608571429,-1.037727040228466,-0.039346427337436186,-7.869285467487237,-0.039346427337436186,stop
RAVE,1263,1776078000000,1776078000000,1776085200000,1271,9.040881462,9.6959413005,9.6940025,8.387760424,-1.0201813957759842,-0.07369877981013835,-14.73975596202767,-0.07369877981013835,stop
RAVE,1290,1776102300000,1776102300000,1776104100000,1292,11.395080528000001,11.816099604514285,11.813736857142857,10.976424198857146,-1.0389088957147443,-0.03816961043189151,-7.633922086378302,-0.03816961043189151,stop
RAVE,1417,1776216600000,1776216600000,1776218400000,1419,18.26199687,18.709375484014284,18.705634357142856,17.818359382857146,-1.058434985850259,-0.025712491397809116,-5.142498279561823,-0.025712491397809116,stop
BIO,1519,1776308400000,1776308400000,1776311100000,1522,0.042211556000000004,0.04490926577142857,0.04490028571428571,0.039522826285714296,-1.0227812226272763,-0.06514761655532014,-13.029523311064029,-0.06514761655532014,stop
ORDI,1539,1776326400000,1776326400000,1776327300000,1540,5.1089780000000005,4.814168641200001,5.40475,4.813206000000001,0.9766153348365628,0.056538797155767616,11.307759431153523,-0.007281143798231252,target
BASED,1559,1776344400000,1776344400000,1776350700000,1566,0.169556082,0.20585266230000002,0.2058115,0.13330066399999999,-1.0073480754402007,-0.21539672959994452,-43.0793459199889,-0.21539672959994452,stop
ORDI,1559,1776344400000,1776344400000,1776346200000,1561,6.9156166,7.311297681428572,7.309835714285715,6.521397485714285,-1.025361823791396,-0.05844991898443722,-11.689983796887445,-0.05844991898443722,stop
NEIRO,1578,1776361500000,1776361500000,1776366000000,1583,0.000136932608,0.00012487089947177144,0.0001490192857142857,0.0001248459302857143,0.9849378551456671,0.08693784919181186,17.38756983836237,-0.05122643114195267,target
ORDI,1579,1776362400000,1776362400000,1776375000000,1593,8.7612474,7.980197663245714,9.543892857142858,7.978601942857143,0.9851266147138785,0.08800172332952713,17.600344665905425,-0.06831082867035573,target
BASED,1607,1776387600000,1776387600000,1776391200000,1611,0.20811836800000003,0.17881449174720004,0.237458,0.17877873600000005,0.9908684790917516,0.13968837453574331,27.93767490714866,-0.045841302695588886,target
ORDI,1610,1776390300000,1776390300000,1776397500000,1618,9.283143,8.147858102914286,10.420057142857143,8.146228857142859,0.9893678458403212,0.12116869215781399,24.2337384315628,-0.013674852734682575,target
SOON,1627,1776405600000,1776405600000,1776427200000,1651,0.23525294000000002,0.21794358,0.29125214285714285,0.1792537371428572,0.3042443681111589,0.07242180305164314,14.484360610328629,-0.13688213127538365,timeout
PIEVERSE,1873,1776627000000,1776627000000,1776629700000,1876,1.31703654,1.2042581691874283,1.4300557142857144,1.2040173657142854,0.984484223055618,0.08448178209775344,16.89635641955069,-0.04582579537542663,target
PIEVERSE,1904,1776654900000,1776654900000,1776656700000,1906,1.24155164,1.0804607575131426,1.4028585714285715,1.0802447085714284,0.9900236377570997,0.12862749313298757,25.725498626597513,-0.0017615377029344297,target
RAVE,1986,1776728700000,1776728700000,1776739500000,1998,1.0715856400000001,1.3322471104285714,1.3319807142857143,0.8111905657142859,-1.0065619359267886,-0.24459432853059543,-48.918865706119085,-0.24459432853059543,stop
RAVE,2017,1776756600000,1776756600000,1776757500000,2018,1.94331126,1.739583938646857,2.1473864285714286,1.7392360914285714,0.9874674397900666,0.1036980479565352,20.73960959130704,-0.0041753067390758744,target
RAVE,2038,1776775500000,1776775500000,1776782700000,2046,1.6604678400000001,1.4775618475645715,1.8436692857142858,1.4772663942857145,0.9881099677848998,0.10901938011812974,21.80387602362595,-0.06024514854560498,target
CHIP,107,1776877200000,1776877200000,1776883500000,114,0.107258544,0.11847826234285713,0.11845457142857142,0.09606251657142857,-1.0142133447873956,-0.105867187854637,-21.1734375709274,-0.105867187854637,stop
CHIP,142,1776908700000,1776908700000,1776911400000,145,0.1319736,0.12111656132571427,0.14285485714285714,0.12109234285714285,0.983818729485459,0.08111610638408208,16.223221276816417,-0.03663533126625318,target
SPK,2224,1776942900000,1776942900000,1776944700000,2226,0.061217754,0.05760145455874286,0.06484557142857142,0.05758993657142858,0.9771737376315168,0.057908166904030695,11.581633380806139,-0.013044060453442901,target
BSB,2110,1777023900000,1777023900000,1777030200000,2117,0.6045790600000001,0.4874648791954287,0.7217907142857143,0.48736740571428583,0.9935782849474564,0.19262816419916048,38.5256328398321,-0.05589635197752274,target
KAT,2326,1777034700000,1777034700000,1777035600000,2327,0.022247549600000003,0.020706639699840004,0.0237926,0.020702499200000005,0.9806394578326358,0.0681035625865104,13.620712517302081,-0.014151061089442248,target
KAT,2362,1777067100000,1777067100000,1777068900000,2364,0.0282463496,0.025297443391268576,0.031200314285714285,0.025292384914285718,0.9874119169543735,0.10326219048625895,20.65243809725179,-0.001600320064012647,target
APE,2379,1777082400000,1777082400000,1777099500000,2398,0.206678656,0.18840305650525713,0.22499192857142855,0.18836538342857143,0.9849987432274958,0.0872782454480433,17.45564908960866,-0.05263816533043461,target
RLS,2757,1777422600000,1777422600000,1777428900000,2764,0.0087302536,0.008155230777154285,0.009306907142857142,0.008153600057142857,0.9796029855648795,0.06470505418301048,12.941010836602096,-0.04745466363084801,target
UB,301,1777654800000,1777654800000,1777656600000,303,0.134763042,0.14624924399999997,0.14622,0.12330608400000001,-1.017269101588745,-0.08648372134253228,-17.296744268506455,-0.08648372134253228,stop
UB,347,1777696200000,1777696200000,1777699800000,351,0.14299139600000002,0.12986190204411432,0.15614685714285714,0.1298359348571429,0.9855817166925477,0.09067525976919077,18.135051953838154,-0.033515866557453394,target
LAB,3065,1777699800000,1777699800000,1777701600000,3067,1.80773838,2.0245505434285715,2.0241457142857144,1.5913310457142855,-1.01249589116672,-0.12120754817554336,-24.24150963510867,-0.12120754817554336,stop
LAB,3086,1777718700000,1777718700000,1777722300000,3090,2.12667458,2.008154281974857,2.2455964285714285,2.0077527314285715,0.9757618309999684,0.054563778492127395,10.912755698425478,-0.0236711747539672,target
LAB,3109,1777739400000,1777739400000,1777743900000,3114,3.0473904000000003,2.537000241445715,3.558287857142857,2.5364929428571434,0.9924487136909744,0.16638482688972767,33.27696537794553,-0.11063316332557833,target
LAB,3132,1777760100000,1777760100000,1777761000000,3133,3.25544878,2.895065743083429,3.6164107142857143,2.894486845714286,0.9881726972362305,0.10956791284632689,21.913582569265376,-0.008148431859523794,target
ALLO,5649,1780025400000,1780025400000,1780026300000,5650,0.18730253200000002,0.1813877628699429,0.1932535714285714,0.18135149257142863,0.9567328567510346,0.03039764007640405,6.07952801528081,-0.024683064713721954,target
ALLO,5667,1780041600000,1780041600000,1780044300000,5670,0.290601868,0.25297825010434283,0.3282760714285714,0.25292766457142857,0.9900002237740438,0.12834559557887823,25.669119115775647,-0.06131732807994203,target
ALLO,5687,1780059600000,1780059600000,1780061400000,5689,0.26274744,0.28409102112857143,0.2840342142857143,0.2414606657142857,-1.0180821158888596,-0.08248104797994825,-16.49620959598965,-0.08248104797994825,stop
H,5965,1780309800000,1780309800000,1780311600000,5967,0.773615246,0.729547943841257,0.8178284285714287,0.7294020634285713,0.9763016759787033,0.055796992714435514,11.159398542887104,-0.012247195277741455,target
LAB,5967,1780311600000,1780311600000,1780333200000,5991,14.01059732,16.023204,16.918887142857145,11.102307497142856,-0.6982202890622101,-0.14493507410232237,-28.987014820464474,-0.182993858589321,timeout
OPN,6189,1780511400000,1780511400000,1780524000000,6203,0.24135172000000002,0.2726338015714286,0.27257928571428575,0.2101241542857143,-1.011621372392779,-0.13088977731077042,-26.177955462154085,-0.13088977731077042,stop
OPN,6264,1780578900000,1780578900000,1780583400000,6269,0.23685262,0.21337719261942859,0.2603707142857143,0.21333452571428574,0.9866993988154681,0.09797353938073292,19.594707876146582,-0.0020228613557239845,target
ALLO,6450,1780746300000,1780746300000,1780749000000,6453,0.426294724,0.3778268554038858,0.4748381428571428,0.3777513051428572,0.9885046578545881,0.11256389757352922,22.512779514705844,-0.04815465269422375,target
ALLO,6470,1780764300000,1780764300000,1780768800000,6475,0.429284126,0.47222163972857145,0.4721272142857143,0.3864410377142857,-1.01482920414274,-0.10128121343114516,-20.25624268622903,-0.10128121343114516,stop
ALLO,6506,1780796700000,1780796700000,1780803000000,6513,0.447580466,0.4731549692142857,0.4730603571428571,0.4221005748571429,-1.025394666285242,-0.05837373714923082,-11.674747429846164,-0.05837373714923082,stop
BSB,6363,1780851600000,1780851600000,1780852500000,6364,0.39512096,0.37331156738400006,0.41700499999999996,0.3732369200000001,0.9755206579575626,0.054029867460257126,10.805973492051425,-0.006412821602782054,target
BEAT,6623,1780902000000,1780902000000,1780902900000,6624,4.131673500000001,4.263771155142858,4.262918571428572,4.000428428571429,-1.0448767366519898,-0.033191132342849185,-6.638226468569837,-0.033191132342849185,stop
H,6788,1781050500000,1781050500000,1781053200000,6791,0.180333926,0.16340109711325715,0.19729942857142857,0.16336842342857144,0.9859176173798696,0.0927534171960239,18.55068343920478,-0.09239349651379507,target
H,7196,1781417700000,1781417700000,1781418600000,7197,0.49902017600000004,0.5278200429,0.5277145,0.4703258520000001,-1.025149469676999,-0.05894745833150424,-11.789491666300849,-0.05894745833150424,stop
H,7214,1781433900000,1781433900000,1781434800000,7215,0.580423892,0.5638483168282286,0.5971122142857143,0.5637355697142857,0.9521036072077781,0.027374841155702292,5.474968231140458,-0.012049319167585178,target
RE,236,1781905500000,1781905500000,1781906400000,237,0.858418282,0.8073641473985144,0.9096338571428572,0.8072027068571429,0.9773328719677089,0.058310343795597956,11.662068759119592,-0.012979165757329407,target
BICO,7750,1781916300000,1781916300000,1781921700000,7756,0.040541890000000004,0.03569613208457144,0.045394785714285714,0.035688994285714294,0.9891032869401625,0.11839643149783649,23.6792862995673,-0.015177389756619385,target
RE,254,1781921700000,1781921700000,1781924400000,257,0.913937176,0.8816426452704,0.946408,0.881466352,0.9613917662464535,0.034156814775239804,6.831362955047961,-0.027903242752431702,target
RE,275,1781940600000,1781940600000,1781941500000,276,0.9067686100000001,0.8883964351868573,0.9253184285714285,0.8882187914285716,0.9323582179218505,0.019073306679672865,3.814661335934573,-0.002196317828866986,target
AGLD,8423,1782522000000,1782522000000,1782529200000,8431,0.24735052000000002,0.22483385492228572,0.2699121428571429,0.22478889714285716,0.9854501421967522,0.08988602268861584,17.977204537723168,-0.02223533070397423,target
HMSTR,9141,1783168200000,1783168200000,1783169100000,9142,0.00040921813999999997,0.00038522259482742853,0.00043329071428571426,0.0003851455657142857,0.9769989886637137,0.057472722816429844,11.494544563285968,-0.007469855290383751,target
LAB,9152,1783178100000,1783178100000,1783179900000,9154,14.152168999999999,14.979981111428572,14.976985714285714,13.327352285714284,-1.024823317538425,-0.05972875263823022,-11.945750527646045,-0.05972875263823022,stop
LAB,9177,1783200600000,1783200600000,1783201500000,9178,15.6808632,15.012071070994283,16.352657142857144,15.009069257142855,0.968118833696333,0.04147580143694638,8.295160287389276,-0.01991752816515868,target
LAB,9196,1783217700000,1783217700000,1783218600000,9197,15.9808032,16.438008372857144,16.43472142857143,15.526884971428572,-1.0500932322127525,-0.029826814950130797,-5.9653629900261596,-0.029826814950130797,stop
APR,12895,1786546800000,1786546800000,1786547700000,12896,0.41511696000000003,0.3960145356411429,0.4342985714285714,0.39593534857142865,0.9704995605188786,0.044844579372214595,8.968915874442919,-0.014378021644791206,target
APR,12916,1786565700000,1786565700000,1786568400000,12919,0.44481102,0.4291435658365714,0.46056428571428576,0.42905775428571424,0.9612661708736538,0.03404385397629467,6.808770795258933,-0.00452524794911775,target
APR,12942,1786589100000,1786589100000,1786591800000,12945,0.54229152,0.46930759703657143,0.6153692857142857,0.4692137542857143,0.9904101854479377,0.1334650475323801,26.693009506476017,-0.05899543428597224,target
SOPH,15450,1788846300000,1788846300000,1788860700000,15466,0.0097120572,0.011821170904285713,0.011818807142857142,0.0076053072571428595,-1.007254633300436,-0.2184947635139838,-43.69895270279676,-0.2184947635139838,stop
IOST,15592,1788974100000,1788974100000,1788976800000,15595,0.0017903418600000002,0.0019116822599999999,0.0019112999999999999,0.0016693837200000006,-1.0215237641054997,-0.06901565406731854,-13.803130813463707,-0.06901565406731854,stop
IOST,15612,1788992100000,1788992100000,1788993000000,15613,0.00200479896,0.0018530113052982855,0.002156957142857143,0.001852640777142857,0.9823524817122161,0.07455758483760165,14.91151696752033,-0.011085162514250237,target
ONE,16350,1789656300000,1789656300000,1789661700000,16356,0.00121505694,0.0013265781197142857,0.0013263128571428572,0.001103801022857143,-1.016091221511916,-0.09303774747388725,-18.60754949477745,-0.09303774747388725,stop
ONE,16382,1789685100000,1789685100000,1789686000000,16383,0.0018769245399999999,0.001988562633,0.001988165,0.0017656840799999997,-1.024423894901191,-0.06071495303897531,-12.142990607795062,-0.06071495303897531,stop
AKE,252,1789769700000,1789769700000,1789770600000,253,0.044561086,0.04621781314285714,0.046208571428571425,0.042913600571428574,-1.0386704808835074,-0.038401094675808704,-7.680218935161741,-0.038401094675808704,stop
AKE,286,1789800300000,1789800300000,1789812000000,299,0.058318334,0.06492905464285713,0.06491607142857142,0.05172059657142858,-1.0131759786460988,-0.11462380039942231,-22.92476007988446,-0.11462380039942231,stop
AKE,320,1789830900000,1789830900000,1789838100000,328,0.062377522000000005,0.06434350898571428,0.06433064285714285,0.06042440114285716,-1.0455162550938641,-0.032736465618267194,-6.547293123653438,-0.032736465618267194,stop
ONE,16551,1789837200000,1789837200000,1789842600000,16557,0.0031845629600000002,0.0034981637785714286,0.0034974642857142856,0.002871661634285715,-1.0150498847824818,-0.0997343932602203,-19.94687865204406,-0.0997343932602203,stop
ONE,16577,1789860600000,1789860600000,1789863300000,16580,0.00390361912,0.0034354616235051432,0.004372463571428571,0.003434774668571429,0.989142660504338,0.11880104943454466,23.76020988690893,-0.015239603187515882,target
ONE,16615,1789894800000,1789894800000,1789895700000,16616,0.00440891804,0.004217876629501715,0.004600802857142857,0.004217033222857144,0.9686297043408533,0.042156676992023176,8.431335398404634,-0.008954941672719362,target
