index,timestamp,action,price,spot_qty,short_qty,hedge_ratio,notional_deviation_pct,equity,reserve_cash,position_equity_deviation_pct,spot_position_equity,short_position_equity,collateral,short_cross_buffer,delta_base,tactical_spot_qty
86,1743948000000,buy_tactical_spot,1748.73,2.336545122721346,2.1936985255222083,0.9388641820737594,0.06306353842779355,9993.401409664099,1750.0,0.01814649208153489,4083.436642402532,4158.215177143613,399.8400319936013,3598.560287942412,0.14284659719913773,0.1428465971991379
91,1743966000000,buy_tactical_spot,1618.4,2.413068378074429,2.1936985255222083,0.9090909090909092,0.09523809523809523,9974.685121600536,1626.0556724859714,0.12973448885490052,3902.6856310183825,4444.119905974922,399.8400319936013,3598.560287942412,0.21936985255222075,0.21936985255222086
472,1745337600000,sell_tactical_spot,1703.36,2.1936985255222083,2.1936985255222083,1.0,0.0,9993.023896447638,1999.4226167035874,0.13112178110251485,3733.8099337169087,4257.743279246556,399.8400319936013,3598.560287942412,0.0,0.0
964,1747108800000,buy_tactical_spot,2423.86,1.6844016238502506,1.5813428127307765,0.9388157731147875,0.06311504964385302,9993.4014096641,1750.0,0.019715513700799842,4080.2038099317006,4161.4480096144425,399.8400319936012,3598.560287942411,0.10305881111947413,0.10305881111947406
973,1747141200000,sell_tactical_spot,2523.81,1.5813428127307765,1.5813428127307765,1.0,0.0,10003.494088361118,2009.8928086170695,0.00377640272653974,3988.3028648413415,4003.392795482002,399.8400319936012,3598.560287942411,0.0,0.0
1100,1747598400000,buy_tactical_spot,2407.2,1.6861414812244067,1.5813428127307765,0.9378470492182366,0.06414639463608549,10003.292241004718,1757.419606462802,0.03196838594038499,4056.0224411612307,4187.793180874538,399.8400319936012,3598.560287942411,0.10479866849363018,0.10479866849363018
1121,1747674000000,sell_tactical_spot,2508.7,1.5813428127307765,1.5813428127307765,1.0,0.0,10013.719010670113,2020.1177309260624,0.015813830705028845,3964.0996683527583,4027.286885382364,399.8400319936012,3598.560287942411,0.0,0.0
1533,1749157200000,buy_tactical_spot,2397.61,1.687625962083288,1.5813428127307765,0.9370220939115499,0.06502549071216322,10013.515119657672,1765.0882981945467,0.03877181670911317,4043.100911101476,4202.958258448625,399.8400319936012,3598.560287942411,0.1062831493525116,0.1062831493525116
1550,1749218400000,sell_tactical_spot,2501.99,1.5813428127307765,1.5813428127307765,1.0,0.0,10024.396251195934,2030.7949714518836,0.021203978851928224,3953.1764124594542,4037.8976956557876,399.8400319936012,3598.560287942411,0.0,0.0
1701,1749762000000,buy_tactical_spot,2637.76,1.5376123162508915,1.4429107020327487,0.9384099533951117,0.06354697725010523,9993.4014096641,1750.0,0.03277185592963205,4053.302353259984,4188.349466286162,399.8400319936014,3598.5602879424123,0.09470161421814272,0.09470161421814281
1705,1749776400000,buy_tactical_spot,2528.4,1.5872017722360234,1.4429107020327487,0.9090909090909092,0.09523809523809511,9982.944520502955,1624.5176988569442,0.08034135753681379,4010.4558066334494,4346.146180660464,399.8400319936014,3598.5602879424123,0.1442910702032747,0.1442910702032749
1790,1750082400000,sell_tactical_spot,2638.61,1.4429107020327485,1.4429107020327487,1.0000000000000002,1.1944157435491362e-16,9998.542302748801,2004.9410230047515,0.09577566884731281,3804.4250621734122,4187.122992189434,399.8400319936014,3598.5602879424123,-2.220446049250313e-16,0.0
1815,1750172400000,buy_tactical_spot,2532.31,1.5420432719426622,1.4429107020327487,0.9357134966874007,0.06642150651179864,9998.341445106189,1753.7057672535636,0.10641932101438789,3901.927401892911,4340.504399815515,399.8400319936014,3598.5602879424123,0.09913256990991348,0.09913256990991359
1890,1750442400000,buy_tactical_spot,2417.8,1.5872017722360234,1.4429107020327487,0.9090909090909092,0.0952380952380951,9986.902414046088,1644.4341847645605,0.16097107343150271,3834.466725196734,4505.732104305285,399.8400319936014,3598.5602879424123,0.1442910702032747,0.1442910702032749
2113,1751245200000,sell_tactical_spot,2517.81,1.4429107020327485,1.4429107020327487,1.0000000000000002,2.503443329787542e-16,10001.042369573244,2007.4410898291933,0.18313823828822284,3629.6873400655695,4361.42660499499,399.8400319936014,3598.5602879424123,-2.220446049250313e-16,0.0
2155,1751396400000,buy_tactical_spot,2408.98,1.5473777026413578,1.4429107020327487,0.9324877174911562,0.06987085288851543,10000.841012242072,1755.580817371895,0.19272880272584256,3724.163257941327,4518.458576697214,399.8400319936014,3598.5602879424123,0.10446700060860903,0.10446700060860928
2177,1751475600000,sell_tactical_spot,2560.0,1.4429107020327485,1.4429107020327487,1.0000000000000002,1.2310927051117913e-16,10016.403702349002,2022.8024226049508,0.15275009372392423,3690.2522878155137,4300.550202476229,399.8400319936014,3598.5602879424123,-2.220446049250313e-16,0.0
3336,1755648000000,buy_tactical_spot,4074.99,0.9953005529145769,0.9339997571040232,0.9384097641350201,0.06354717872819159,9993.401409664099,1750.0,0.032777904810537356,4053.2898900674036,4188.361929478741,399.8400319936013,3598.560287942412,0.0613007958105537,0.06130079581055375
3352,1755705600000,sell_tactical_spot,4253.43,0.9339997571040232,0.9339997571040232,1.0,0.0,10004.131364042032,2010.5300842979814,0.012939118952121667,3969.996264907281,4021.699012821099,399.8400319936013,3598.560287942412,0.0,0.0
4138,1758535200000,buy_tactical_spot,4148.99,0.9847647141609924,0.9245572588718622,0.9388610757236299,0.06306684376914586,9993.401409664099,1750.0,0.01824724909201218,4083.229041352848,4158.422778193295,399.8400319936012,3598.560287942411,0.060207455289130185,0.06020745528913023
4213,1758805200000,buy_tactical_spot,3976.8,1.0170129847590483,0.9245572588718622,0.9090909090909092,0.09523809523809507,9982.93167661046,1621.6524661582487,0.06598324997794594,4041.830365392917,4317.622292598441,399.8400319936012,3598.560287942411,0.09245572588718609,0.09245572588718623
4296,1759104000000,sell_tactical_spot,4139.35,0.9245572588718621,0.9245572588718622,1.0000000000000002,1.1882401302992396e-16,9997.654235491054,2004.0529557470052,0.08587222237680521,3824.209639073799,4167.335510168819,399.8400319936012,3598.560287942411,-1.1102230246251565e-16,0.0
4664,1760428800000,buy_tactical_spot,3979.21,1.0234297257596316,0.9606534133961102,0.938660847165714,0.06327992121361785,9993.4014096641,1750.0,0.02472029729101645,4069.891888986016,4171.75993056013,399.8400319936014,3598.5602879424123,0.06277631236352144,0.0627763123635215
4689,1760518800000,sell_tactical_spot,4180.0,0.9606534133961101,0.9606534133961102,1.0000000000000002,1.132471198794676e-16,10005.796372923625,2012.1950931795745,0.008497225637768658,4012.8239464389635,3978.8703316843244,399.8400319936014,3598.5602879424123,-1.1102230246251565e-16,0.0
4695,1760540400000,buy_tactical_spot,4007.49,1.023746887311377,0.9606534133961102,0.938370045665324,0.06358946215919484,10005.594065409425,1759.146319884681,0.010867099634614592,4099.796353653649,4144.592652029288,399.8400319936014,3598.5602879424123,0.06309347391526687,0.06309347391526697
4735,1760684400000,buy_tactical_spot,3818.91,1.056718754735721,0.9606534133961102,0.9090909090909092,0.09523809523809508,9993.595149713112,1633.1289772738073,0.07015119346073156,4032.579194803445,4325.752672727526,399.8400319936014,3598.5602879424123,0.09606534133961087,0.09606534133961103
4791,1760886000000,sell_tactical_spot,3987.84,0.96065341339611,0.9606534133961102,1.0000000000000002,2.3740820148058826e-16,10009.517039228152,2015.9157594841008,0.08401748350054071,3827.767673277897,4163.469491602521,399.8400319936014,3598.5602879424123,-2.220446049250313e-16,0.0
4859,1761130800000,buy_tactical_spot,3819.1,1.0271025476704032,0.9606534133961102,0.9353042844407231,0.06685844296363244,10009.31398806408,1761.9368196130756,0.09855340229545219,3919.2906090220595,4325.5701485789805,399.8400319936014,3598.5602879424123,0.066449134274293,0.06644913427429316
4901,1761282000000,sell_tactical_spot,3972.8,0.96065341339611,0.9606534133961102,1.0000000000000002,2.3830696793001136e-16,10019.316060384217,2025.714780640166,0.09133081888698652,3813.008788160396,4177.917718939999,399.8400319936014,3598.5602879424123,-2.220446049250313e-16,0.0
5054,1761832800000,buy_tactical_spot,3765.16,1.0287046211707669,0.9606534133961102,0.9338476698032058,0.06841524410609454,10019.111050689002,1769.2860854801245,0.12314281065727754,3869.608633909534,4377.387793697567,399.8400319936014,3598.5602879424123,0.06805120777465667,0.06805120777465697
5152,1762185600000,buy_tactical_spot,3587.3,1.0567187547357209,0.9606534133961102,0.9090909090909094,0.09523809523809487,10006.927054733718,1668.7105760020825,0.18263747298322686,3787.0780222054464,4548.249609804199,399.8400319936014,3598.5602879424123,0.09606534133961064,0.09606534133961103
7243,1769713200000,buy_tactical_spot,2762.56,1.4526555319014791,1.3622321094527183,0.9377530182049426,0.06424655898894746,9993.401409664099,1750.0,0.0535464278438136,4010.498156155782,4231.153663390363,399.8400319936014,3598.5602879424123,0.09042342244876078,0.09042342244876073
7281,1769850000000,buy_tactical_spot,2642.59,1.4984553203979902,1.3622321094527183,0.9090909090909091,0.09523809523809526,9982.456473098848,1628.8730983429307,0.10474440997095676,3957.1805025151,4394.580649561406,399.8400319936014,3598.5602879424123,0.1362232109452719,0.13622321094527184
9800,1778918400000,buy_tactical_spot,2193.35,1.8586882111421354,1.7447984398242662,0.9387257256837682,0.06321087454969525,9993.4014096641,1750.0,0.0226275183369755,4074.2038778546344,4167.447941691508,399.8400319936012,3598.560287942411,0.11388977131786926,0.11388977131786919
9857,1779123600000,buy_tactical_spot,2096.86,1.9192782838066929,1.7447984398242662,0.9090909090909091,0.0952380952380953,9982.310531263956,1622.8494458669143,0.075134132129276,4021.8317075432064,4335.803543150151,399.8400319936012,3598.560287942411,0.17447984398242666,0.17447984398242664
10745,1782320400000,buy_tactical_spot,1589.17,2.5581881660468917,2.4009991114334466,0.9385545376607908,0.06339307060543575,9993.4014096641,1750.0,0.028139957018225015,4062.8459777827707,4178.805841763373,399.84003199360126,3598.5602879424114,0.15718905461344512,0.157189054613445
10759,1782370800000,sell_tactical_spot,1653.0,2.4009991114334466,2.4009991114334466,1.0,0.0,10003.226951394276,2009.6256716502246,0.0148665108362909,3966.1457522211745,4025.550068480576,399.84003199360126,3598.5602879424114,0.0,0.0
10766,1782396000000,buy_tactical_spot,1537.21,2.5650655850765025,2.4009991114334466,0.93603809797395,0.0660750447968825,10003.025157430562,1757.2192537376684,0.08815756412212702,3940.187336018214,4303.561755593455,399.84003199360126,3598.5602879424114,0.16406647364305593,0.16406647364305607
10816,1782576000000,sell_tactical_spot,1604.96,2.4009991114334466,2.4009991114334466,1.0,0.0,10013.930036516263,2020.3287567722125,0.07267865823830974,3850.4924413908802,4140.894065793839,399.84003199360126,3598.5602879424114,0.0,0.0
12742,1789509600000,buy_tactical_spot,2389.47,1.7064776550772305,1.6019355892969327,0.9387380986388794,0.06319770721391459,9993.4014096641,1750.0,0.022227902052854423,4075.027252423422,4166.6245671227225,399.8400319936013,3598.560287942412,0.10454206578029779,0.10454206578029789
12799,1789714800000,sell_tactical_spot,2486.21,1.6019355892969327,1.6019355892969327,1.0,0.0,10003.306909473817,2009.705629729767,0.007910927700267162,3980.042454483965,4011.6533182141375,399.8400319936013,3598.560287942412,0.0,0.0
