symbol,direction,entry_time,exit_time,entry_price,exit_price,entry_quantity,exit_quantity,entry_orders,add_count,hold_minutes,realized_pnl,fees,funding_pnl,liquidation_pnl,net_pnl,close_reason,prior_6h_net,prior_24h_net,inference
ONE-USDT-SWAP,short,2026-07-22 00:10:33,2026-07-22 02:58:19,0.00161001,0.0015878,5687.0,5687.0,1,0,167.767,12.63179999,-0.9092962,0.0,0.0,11.72250379,realized_exit,0.0,0.0,zero_realized_entry_approximation
ONE-USDT-SWAP,short,2026-07-22 02:59:32,2026-07-22 03:01:26,0.00160016,0.001585,364.0,364.0,1,0,1.9,0.55189998,-0.04066175,0.0,0.0,0.51123823,realized_exit,11.72250379,11.72250379,zero_realized_entry_approximation
ONE-USDT-SWAP,short,2026-07-22 03:01:26,2026-07-22 03:35:40,0.001584,0.001569,368.0,368.0,1,0,34.233,0.552,-0.04069344,0.0,0.0,0.51130656,realized_exit,12.23374202,12.23374202,zero_realized_entry_approximation
ONE-USDT-SWAP,short,2026-07-22 03:35:40,2026-07-22 03:44:08,0.001568,0.001553,371.0,371.0,1,0,8.467,0.5566,-0.04060971,0.0,0.0,0.51599029,realized_exit,12.20459642,12.20459642,zero_realized_entry_approximation
ONE-USDT-SWAP,short,2026-07-22 03:44:08,2026-07-22 03:45:32,0.001545,0.00153,373.0,373.0,1,0,1.4,0.5596,-0.0402281,0.0,0.0,0.5193719,realized_exit,12.71596213,12.71596213,zero_realized_entry_approximation
ONE-USDT-SWAP,short,2026-07-22 03:45:32,2026-07-22 04:02:44,0.001529,0.001514,380.0,380.0,1,0,17.2,0.57,-0.0405574,-0.15609941,0.0,0.37334319,realized_exit,13.23222457,13.23222457,zero_realized_entry_approximation
ONE-USDT-SWAP,short,2026-07-22 04:02:44,2026-07-22 04:07:31,0.001512,0.001497,385.0,385.0,1,0,4.783,0.5775,-0.0406329,0.0,0.0,0.5368671,realized_exit,13.59526036,13.59526036,zero_realized_entry_approximation
ONE-USDT-SWAP,short,2026-07-22 04:07:31,2026-07-22 04:08:27,0.001497,0.001483,389.0,389.0,1,0,0.933,0.5446,-0.04065439,0.0,0.0,0.50394561,realized_exit,14.12464796,14.12464796,zero_realized_entry_approximation
ONE-USDT-SWAP,short,2026-07-22 04:08:27,2026-07-22 04:28:21,0.00150633,0.001492,1018.0,1018.0,2,1,19.9,1.4588,-0.07853057,0.0,0.0,1.38026943,realized_exit,14.66150441,14.66150441,zero_realized_entry_approximation
ONE-USDT-SWAP,short,2026-07-22 04:28:21,2026-07-22 04:32:56,0.001491,0.001477,390.0,390.0,1,0,4.583,0.546,-0.0405951,0.0,0.0,0.5054049,realized_exit,15.14641322,15.14641322,zero_realized_entry_approximation
ONE-USDT-SWAP,short,2026-07-22 04:32:56,2026-07-22 04:32:56,0.001475,0.001461,393.0,393.0,1,0,0.0,0.5502,-0.04046721,0.0,0.0,0.50973279,realized_exit,16.5457616,16.5457616,zero_realized_entry_approximation
ONE-USDT-SWAP,short,2026-07-22 04:32:56,2026-07-22 04:36:49,0.001458,0.001444,393.0,393.0,1,0,3.883,0.5502,-0.02280972,0.0,0.0,0.52739028,realized_exit,16.5457616,16.5457616,zero_realized_entry_approximation
ONE-USDT-SWAP,short,2026-07-22 04:36:49,2026-07-22 06:07:30,0.00148155,0.001467,1706.0,1706.0,3,2,90.683,2.48259998,-0.11800211,0.0,0.0,2.36459787,realized_exit,17.57851391,17.57851391,zero_realized_entry_approximation
ONE-USDT-SWAP,short,2026-07-22 06:07:30,2026-07-22 06:28:26,0.001466,0.001452,397.0,397.0,1,0,20.933,0.5558,-0.04062898,0.0,0.0,0.51517102,realized_exit,18.049416,18.049416,zero_realized_entry_approximation
ONE-USDT-SWAP,short,2026-07-22 06:28:26,2026-07-22 06:32:22,0.001454,0.00144,400.0,400.0,1,0,3.933,0.56,-0.0406,0.0,0.0,0.5194,realized_exit,20.91066789,20.45286184,zero_realized_entry_approximation
ONE-USDT-SWAP,short,2026-07-22 06:32:22,2026-07-22 06:32:29,0.00144,0.001426,404.0,404.0,1,0,0.117,0.5656,-0.04061008,0.0,0.0,0.52498992,realized_exit,21.42585901,20.96805296,zero_realized_entry_approximation
ONE-USDT-SWAP,short,2026-07-22 06:32:29,2026-07-22 06:33:13,0.00142803,0.001414,406.0,406.0,1,0,0.733,0.5696,-0.04047068,0.0,0.0,0.52912932,realized_exit,21.94525101,21.48744496,zero_realized_entry_approximation
ONE-USDT-SWAP,short,2026-07-22 06:33:13,2026-07-22 06:33:38,0.001406,0.001392,412.0,412.0,1,0,0.417,0.5768,-0.04043368,0.0,0.0,0.53636632,realized_exit,22.47033993,22.01253388,zero_realized_entry_approximation
ONE-USDT-SWAP,short,2026-07-22 06:33:38,2026-07-22 07:09:08,0.001393,0.00138,417.0,417.0,1,0,35.5,0.5421,-0.04055325,0.0,0.0,0.50154675,realized_exit,22.99949465,22.5416886,zero_realized_entry_approximation
ONE-USDT-SWAP,short,2026-07-22 07:09:08,2026-07-22 08:22:39,0.00139318,0.00138,1097.0,1097.0,2,1,73.517,1.4463,-0.07815939,-0.04168045,0.0,1.32646016,realized_exit,23.53578052,23.07797447,zero_realized_entry_approximation
ONE-USDT-SWAP,short,2026-07-22 08:22:39,2026-07-22 08:23:04,0.00138,0.001367,422.0,422.0,1,0,0.417,0.5486,-0.04065548,0.0,0.0,0.50794452,realized_exit,23.97680868,23.51900263,zero_realized_entry_approximation
ONE-USDT-SWAP,short,2026-07-22 08:23:04,2026-07-22 08:56:37,0.001367,0.001354,425.0,425.0,1,0,33.55,0.5525,-0.04055775,0.0,0.0,0.51194225,realized_exit,25.36371348,24.90590743,zero_realized_entry_approximation
ONE-USDT-SWAP,short,2026-07-22 08:56:37,2026-07-22 09:05:06,0.001354,0.001341,430.0,430.0,1,0,8.483,0.559,-0.0406436,0.0,0.0,0.5183564,realized_exit,25.87172725,25.4139212,zero_realized_entry_approximation
ONE-USDT-SWAP,short,2026-07-22 09:05:06,2026-07-22 09:05:10,0.001341,0.001328,433.0,433.0,1,0,0.067,0.5629,-0.04053313,0.0,0.0,0.52236687,realized_exit,13.72120478,25.9258012,zero_realized_entry_approximation
ONE-USDT-SWAP,short,2026-07-22 09:05:10,2026-07-22 09:10:19,0.001328,0.001315,437.0,437.0,1,0,5.15,0.5681,-0.0405099,0.0,0.0,0.5275901,realized_exit,14.23963953,26.44423595,zero_realized_entry_approximation
ONE-USDT-SWAP,short,2026-07-22 09:10:19,2026-07-22 09:47:36,0.00133587,0.001323,1147.0,1147.0,2,1,37.283,1.476,-0.07847079,0.0,0.0,1.39752921,realized_exit,15.31862915,27.52322557,zero_realized_entry_approximation
ONE-USDT-SWAP,short,2026-07-22 09:47:36,2026-07-22 10:00:03,0.001323,0.001329,441.0,441.0,1,0,12.45,-0.2646,-0.0584766,0.0,0.0,-0.3230766,realized_exit,13.72374463,27.4751044,zero_realized_entry_approximation
LA-USDT-SWAP,long,2026-07-22 10:00:24,2026-07-22 13:49:28,0.05397135,0.0527025,1961.0,1961.0,2,1,229.067,-24.88210006,-1.04593705,1.3751641,0.0,-24.55287301,realized_exit,0.0,-3.54728242,zero_realized_entry_approximation
LAB-USDT-SWAP,short,2026-07-22 13:50:55,2026-07-22 13:52:40,0.1838,0.182,30.5,30.5,1,0,1.75,0.549,-0.0391315,0.0,0.0,0.5098685,realized_exit,0.0,0.0,zero_realized_entry_approximation
LAB-USDT-SWAP,short,2026-07-22 13:52:40,2026-07-22 13:53:45,0.1816,0.1798,30.7,30.7,1,0,1.083,0.5526,-0.03891532,0.0,0.0,0.51368468,realized_exit,-0.0280295,-0.0280295,zero_realized_entry_approximation
LAB-USDT-SWAP,short,2026-07-22 13:53:45,2026-07-22 13:53:45,0.17965631,0.1779,30.9,30.9,1,0,0.0,0.54269999,-0.03875112,0.0,0.0,0.50394887,realized_exit,0.4819929,0.4819929,zero_realized_entry_approximation
LAB-USDT-SWAP,short,2026-07-22 13:53:45,2026-07-22 14:01:01,0.18025796,0.1785,71.6,71.6,2,1,7.267,1.25869999,-0.05137414,0.0,0.0,1.20732585,realized_exit,0.4819929,0.4819929,zero_realized_entry_approximation
LAB-USDT-SWAP,short,2026-07-22 14:01:01,2026-07-22 14:02:02,0.1783,0.1766,31.3,31.3,1,0,1.017,0.5321,-0.03895911,0.0,0.0,0.49314089,realized_exit,1.50168911,1.50168911,zero_realized_entry_approximation
LAB-USDT-SWAP,short,2026-07-22 14:02:02,2026-07-22 14:02:03,0.17530032,0.1736,31.5,31.5,1,0,0.017,0.5356,-0.0385466,0.0,0.0,0.4970534,realized_exit,2.70692395,2.70692395,zero_realized_entry_approximation
LAB-USDT-SWAP,short,2026-07-22 14:02:03,2026-07-22 14:02:15,0.17368107,0.172,31.7,31.7,1,0,0.2,0.5329,-0.03843325,0.0,0.0,0.49446675,realized_exit,3.20035899,3.20035899,zero_realized_entry_approximation
LAB-USDT-SWAP,short,2026-07-22 14:02:15,2026-07-22 14:02:16,0.1696,0.168,32.4,32.4,1,0,0.017,0.5184,-0.02187648,0.0,0.0,0.49652352,realized_exit,3.69749374,3.69749374,zero_realized_entry_approximation
LAB-USDT-SWAP,short,2026-07-22 14:02:16,2026-07-22 14:02:18,0.1653,0.1637,33.1,33.1,1,0,0.033,0.5296,-0.0217798,0.0,0.0,0.5078202,realized_exit,4.20849886,4.20849886,zero_realized_entry_approximation
LAB-USDT-SWAP,short,2026-07-22 14:02:18,2026-07-22 14:02:18,0.164,0.1624,33.9,33.9,1,0,0.0,0.5424,-0.03880872,0.0,0.0,0.50359128,realized_exit,4.7050696,4.7050696,zero_realized_entry_approximation
LAB-USDT-SWAP,short,2026-07-22 14:02:18,2026-07-22 14:05:55,0.16452351,0.1629,78.7,78.7,2,1,3.617,1.2777,-0.05153646,0.0,0.0,1.22616354,realized_exit,4.7050696,4.7050696,zero_realized_entry_approximation
LAB-USDT-SWAP,short,2026-07-22 14:05:55,2026-07-22 14:11:34,0.1629,0.1613,34.3,34.3,1,0,5.65,0.5488,-0.03900253,0.0,0.0,0.50979747,realized_exit,5.70152794,5.70152794,zero_realized_entry_approximation
LAB-USDT-SWAP,short,2026-07-22 14:11:34,2026-07-22 14:11:35,0.16,0.1584,34.5,34.5,1,0,0.017,0.552,-0.0385296,0.0,0.0,0.5134704,realized_exit,6.92565013,6.92565013,zero_realized_entry_approximation
LAB-USDT-SWAP,short,2026-07-22 14:11:35,2026-07-22 14:11:35,0.1581,0.1566,35.2,35.2,1,0,0.0,0.528,-0.03885024,0.0,0.0,0.48914976,realized_exit,7.43578495,7.43578495,zero_realized_entry_approximation
LAB-USDT-SWAP,short,2026-07-22 14:11:35,2026-07-22 14:11:35,0.1569,0.1554,35.6,35.6,1,0,0.0,0.534,-0.03899268,0.0,0.0,0.49500732,realized_exit,7.43578495,7.43578495,zero_realized_entry_approximation
LAB-USDT-SWAP,short,2026-07-22 14:11:35,2026-07-22 14:21:47,0.15985809,0.1583,129.8,129.8,3,2,10.2,2.0224,-0.09925881,0.0,0.0,1.92314119,realized_exit,7.43578495,7.43578495,zero_realized_entry_approximation
LAB-USDT-SWAP,short,2026-07-22 14:21:47,2026-07-22 14:22:41,0.1583,0.1568,35.2,35.2,1,0,0.9,0.528,-0.03889952,0.0,0.0,0.48910048,realized_exit,8.9028483,8.9028483,zero_realized_entry_approximation
LAB-USDT-SWAP,short,2026-07-22 14:22:41,2026-07-22 14:22:44,0.1548,0.1533,35.5,35.5,1,0,0.05,0.5325,-0.0218751,0.0,0.0,0.5106249,realized_exit,10.85629282,10.85629282,zero_realized_entry_approximation
LAB-USDT-SWAP,short,2026-07-22 14:22:44,2026-07-22 15:06:48,0.15692322,0.1554,132.2,132.2,3,2,44.067,2.0137,-0.09920729,0.0,0.0,1.91449271,realized_exit,11.3622633,11.3622633,zero_realized_entry_approximation
LAB-USDT-SWAP,short,2026-07-22 15:06:48,2026-07-22 15:14:25,0.1554,0.1539,35.9,35.9,1,0,7.617,0.5385,-0.03894432,0.0,0.0,0.49955568,realized_exit,11.82575947,11.82575947,zero_realized_entry_approximation
LAB-USDT-SWAP,short,2026-07-22 15:14:25,2026-07-22 15:15:33,0.1539,0.1524,36.3,36.3,1,0,1.133,0.5445,-0.03899709,0.0,0.0,0.50550291,realized_exit,13.77047741,13.77047741,zero_realized_entry_approximation
LAB-USDT-SWAP,short,2026-07-22 15:15:33,2026-07-22 15:17:29,0.1527,0.1512,36.5,36.5,1,0,1.933,0.5475,-0.03890535,0.0,0.0,0.50859465,realized_exit,14.26999454,14.26999454,zero_realized_entry_approximation
LAB-USDT-SWAP,short,2026-07-22 15:17:29,2026-07-22 16:10:33,0.15525539,0.1538,133.6,133.6,3,2,53.067,1.9444,-0.09921793,0.04595303,0.0,1.8911351,realized_exit,14.77556255,14.77556255,zero_realized_entry_approximation
LAB-USDT-SWAP,short,2026-07-22 16:10:33,2026-07-22 16:26:13,0.15569988,0.1542,83.5,83.5,2,1,15.667,1.25239998,-0.06851548,0.0,0.0,1.1838845,realized_exit,15.29985541,15.29985541,zero_realized_entry_approximation
LAB-USDT-SWAP,short,2026-07-22 16:26:13,2026-07-22 16:32:02,0.1542,0.1527,36.3,36.3,1,0,5.817,0.5445,-0.03907332,0.0,0.0,0.50542668,realized_exit,18.38704455,18.38704455,zero_realized_entry_approximation
LAB-USDT-SWAP,short,2026-07-22 16:32:02,2026-07-22 17:01:06,0.15395077,0.1525,84.1,84.1,2,1,29.067,1.22009998,-0.06816712,0.0,0.0,1.15193286,realized_exit,18.35905725,18.35905725,zero_realized_entry_approximation
LAB-USDT-SWAP,short,2026-07-22 17:01:06,2026-07-22 17:07:37,0.1524,0.1509,36.7,36.7,1,0,6.517,0.5505,-0.03904146,0.0,0.0,0.51145854,realized_exit,20.04440409,20.04440409,zero_realized_entry_approximation
LAB-USDT-SWAP,short,2026-07-22 17:07:37,2026-07-22 17:15:43,0.1511,0.1496,36.9,36.9,1,0,8.1,0.5535,-0.03891843,0.0,0.0,0.51458157,realized_exit,20.01643869,20.01643869,zero_realized_entry_approximation
LAB-USDT-SWAP,short,2026-07-22 17:15:45,2026-07-22 17:16:09,0.1433,0.1419,36.7,36.7,1,0,0.4,0.5138,-0.02093368,0.0,0.0,0.49286632,realized_exit,21.0704442,21.0704442,zero_realized_entry_approximation
LAB-USDT-SWAP,short,2026-07-22 17:16:09,2026-07-22 20:12:34,0.14920036,0.1478,251.7,251.7,5,4,176.417,3.5247,-0.1662471,0.07902105,0.0,3.43747395,realized_exit,21.05992598,21.05992598,zero_realized_entry_approximation
LAB-USDT-SWAP,short,2026-07-22 20:12:34,2026-07-22 20:12:34,0.147,0.1456,37.8,37.8,1,0,0.0,0.5292,-0.03879036,0.0,0.0,0.49040964,realized_exit,12.63208301,21.55048699,zero_realized_entry_approximation
LAB-USDT-SWAP,short,2026-07-22 20:12:34,2026-07-22 20:41:18,0.14859656,0.1472,87.2,87.2,2,1,28.733,1.2178,-0.06820014,0.0,0.0,1.14959986,realized_exit,12.63208301,21.55048699,zero_realized_entry_approximation
LAB-USDT-SWAP,short,2026-07-22 20:41:18,2026-07-23 01:05:26,0.15930717,0.1578,351.6,351.6,7,6,264.133,5.29919999,-0.23971626,0.01959772,0.0,5.07908145,realized_exit,13.62290618,25.44866565,zero_realized_entry_approximation
LAB-USDT-SWAP,short,2026-07-23 01:05:26,2026-07-23 01:05:27,0.1538,0.1523,34.9,34.9,1,0,0.017,0.5235,-0.02136578,0.0,0.0,0.50213422,realized_exit,5.02664827,26.53164039,zero_realized_entry_approximation
LAB-USDT-SWAP,short,2026-07-23 01:05:27,2026-07-23 02:01:50,0.15880834,0.1573,182.3,182.3,4,3,56.383,2.7497,-0.1319628,0.0,0.0,2.6177372,realized_exit,10.20414806,31.70914018,zero_realized_entry_approximation
LAB-USDT-SWAP,short,2026-07-23 02:01:50,2026-07-23 02:22:52,0.15832205,0.1568,101.6,101.6,2,1,21.033,1.5464,-0.11228936,0.0,0.0,1.43411064,realized_exit,10.59691143,32.14739842,zero_realized_entry_approximation
LAB-USDT-SWAP,short,2026-07-23 02:22:52,2026-07-23 02:27:36,0.1568,0.1553,35.7,35.7,1,0,4.733,0.5355,-0.03907722,0.0,0.0,0.49642278,realized_exit,9.29581383,34.75931924,zero_realized_entry_approximation
LAB-USDT-SWAP,short,2026-07-23 02:27:36,2026-07-23 02:29:50,0.1553,0.1538,35.9,35.9,1,0,2.233,0.5385,-0.03891919,0.0,0.0,0.49958081,realized_exit,10.79720303,36.24586868,zero_realized_entry_approximation
LAB-USDT-SWAP,short,2026-07-23 02:29:50,2026-07-23 03:01:24,0.15620578,0.1582,83.1,83.1,2,1,31.567,-1.65720019,-0.1083717,0.0,0.0,-1.76557189,realized_exit,11.29373826,36.74240391,zero_realized_entry_approximation
RE-USDT-SWAP,short,2026-07-23 03:02:39,2026-07-23 04:00:34,0.48892778,0.49178,18.0,18.0,1,0,57.917,-0.5134,-0.0882637,-0.04929692,0.0,-0.65096062,realized_exit,0.0,0.0,zero_realized_entry_approximation
RE-USDT-SWAP,short,2026-07-23 04:07:32,2026-07-23 10:20:45,0.49087872,0.48890518,226.0,226.0,2,1,373.217,4.46019987,-1.1071558,-0.11816788,0.0,3.23487619,realized_exit,-0.65096062,-0.65096062,zero_realized_entry_approximation
O-USDT-SWAP,short,2026-07-23 10:22:45,2026-07-23 11:18:59,0.74562889,0.70473182,45.0,22.0,1,0,56.233,8.99735554,-0.245287,0.0,0.0,8.75206854,realized_exit,0.0,0.0,zero_realized_entry_approximation
O-USDT-SWAP,long,2026-07-23 13:02:11,2026-07-23 14:15:14,0.57578846,0.63878205,78.0,39.0,2,1,73.05,24.56749998,-0.34912,0.0,0.0,24.21837998,realized_exit,34.42942719,34.42942719,zero_realized_entry_approximation
WLFI-USDT-SWAP,short,2026-07-23 17:56:29,2026-07-23 19:37:08,0.06218,0.06421,388.0,353.0,1,0,100.65,-7.1659,-0.23395985,0.0,0.0,-7.39985985,realized_exit,0.0,0.0,zero_realized_entry_approximation
WLFI-USDT-SWAP,short,2026-07-23 21:33:15,2026-07-23 23:25:40,0.06047238,0.0602388,1524.0,1533.0,2,1,112.417,3.73439993,-0.9225299,0.0,0.0,2.81187003,realized_exit,-6.84563734,-6.84563734,zero_realized_entry_approximation
ZAMA-USDT-SWAP,short,2026-07-23 23:48:01,2026-07-24 08:16:57,0.05456244,0.05455754,1144.0,1144.0,3,2,508.933,0.05599991,-0.6241663,-0.47500607,0.0,-1.04317246,realized_exit,0.0,0.0,zero_realized_entry_approximation
RE-USDT-SWAP,short,2026-07-24 19:27:22,2026-07-25 11:15:24,0.62457154,0.5582773,149.0,111.0,3,2,948.033,73.5866133,-0.7751497,-0.0453699,0.0,72.7660937,realized_exit,0.0,0.0,zero_realized_entry_approximation
ZAMA-USDT-SWAP,short,2026-07-25 13:31:09,2026-07-25 14:20:05,0.0618,0.06327859,1650.0,1650.0,1,0,48.933,-24.3968,-1.0318984,0.0,0.0,-25.4286984,realized_exit,0.0,0.0,zero_realized_entry_approximation
RE-USDT-SWAP,short,2026-07-25 16:02:08,2026-07-25 23:13:32,0.60384601,0.58454199,316.0,316.0,2,1,431.4,61.00069997,-1.87765305,0.0655234,0.0,59.18857032,realized_exit,98.1709128,97.6602371,zero_realized_entry_approximation
RE-USDT-SWAP,short,2026-07-25 23:29:05,2026-07-26 09:50:00,0.57962842,0.57073193,379.0,379.0,1,0,620.917,33.71769995,-2.17993285,0.31785214,0.0,31.85561924,realized_exit,60.14264702,157.19447246,zero_realized_entry_approximation
SHIB-USDT-SWAP,short,2026-07-26 10:14:07,2026-07-26 12:02:55,5.26e-06,5.45e-06,449.4,449.4,2,1,108.8,-80.97779997,-2.4073929,0.0,0.0,-83.38519287,realized_exit,0.0,0.0,zero_realized_entry_approximation
SHIB-USDT-SWAP,long,2026-07-26 12:02:58,2026-07-26 12:10:02,5.45e-06,5.33e-06,358.3,358.3,2,1,7.067,-42.99530019,-1.92944515,0.0,0.0,-44.92474534,realized_exit,-83.38519287,-83.38519287,zero_realized_entry_approximation
SHIB-USDT-SWAP,short,2026-07-26 12:10:09,2026-07-26 13:46:17,5.34e-06,5.73e-06,644.7,644.7,1,0,96.133,-247.23559979,-3.5690445,0.0,0.0,-250.80464429,realized_exit,-128.30993821,-128.30993821,zero_realized_entry_approximation
SHIB-USDT-SWAP,long,2026-07-26 13:46:20,2026-07-26 14:03:07,5.72e-06,5.71e-06,166.2,166.2,2,1,16.783,-2.05590005,-0.94923245,0.0,0.0,-3.0051325,realized_exit,-379.1145825,-379.1145825,zero_realized_entry_approximation
SHIB-USDT-SWAP,long,2026-07-26 14:03:24,2026-07-26 21:13:16,5.71e-06,5.28e-06,172.7,172.7,2,1,429.867,-75.22260001,-0.9491219,0.17984297,0.0,-75.99187894,realized_exit,-382.119715,-382.119715,zero_realized_entry_approximation
SHIB-USDT-SWAP,short,2026-07-26 21:13:16,2026-07-26 21:34:42,5.28e-06,5.2e-06,31.1,30.8,1,0,21.433,2.4332,-0.16216845,0.0,0.0,2.27103155,realized_exit,0.17984297,-382.43323863,zero_realized_entry_approximation
SHIB-USDT-SWAP,long,2026-07-26 21:35:26,2026-07-26 23:09:29,5.2e-06,5.1e-06,35.9,35.9,2,1,94.05,-3.66260001,-0.1848854,0.0,0.0,-3.84748541,realized_exit,-73.20396049,-455.81704209,zero_realized_entry_approximation
KAITO-USDT-SWAP,short,2026-07-26 23:19:00,2026-07-27 00:08:36,1.19086494,1.18818286,12356.0,6178.0,3,2,49.6,16.56989987,-11.02746045,-0.22856397,0.0,5.31387545,realized_exit,0.0,0.0,zero_realized_entry_approximation
KAITO-USDT-SWAP,short,2026-07-27 00:50:51,2026-07-27 02:00:50,1.18414092,1.17761993,11752.0,6262.0,2,1,69.983,43.43307122,-10.64514005,0.0,0.0,32.78793117,realized_exit,11.85774278,11.85774278,zero_realized_entry_approximation
ESP-USDT-SWAP,short,2026-07-27 02:52:41,2026-07-27 03:15:22,0.09568582,0.10141169,803.0,803.0,1,0,22.683,-459.78800032,-7.913465,0.0,0.0,-467.70146532,realized_exit,0.0,0.0,zero_realized_entry_approximation
ESP-USDT-SWAP,short,2026-07-27 03:17:05,2026-07-27 03:23:07,0.10021679,0.09762,53.0,53.0,1,0,6.033,13.763,-0.3690517,0.0,0.0,13.3939483,realized_exit,-467.70146532,-467.70146532,zero_realized_entry_approximation
ESP-USDT-SWAP,short,2026-07-27 03:23:07,2026-07-27 03:52:08,0.09905349,0.09648,175.0,175.0,3,2,29.017,45.036,-0.8424789,0.0,0.0,44.1935211,realized_exit,-467.96703982,-467.96703982,zero_realized_entry_approximation
ESP-USDT-SWAP,short,2026-07-27 03:52:08,2026-07-27 04:11:32,0.09790907,0.09537,205.0,205.0,4,3,19.4,52.051,-1.0342538,-2.94396985,0.0,48.07277635,realized_exit,-454.81231592,-454.81231592,zero_realized_entry_approximation
ESP-USDT-SWAP,short,2026-07-27 04:11:32,2026-07-27 09:27:00,0.10007638,0.11566508,589.0,589.0,9,8,315.467,-918.17400007,-4.7455923,-18.86221114,0.0,-941.78180351,realized_exit,-413.70120257,-413.70120257,zero_realized_entry_approximation
ESP-USDT-SWAP,short,2026-07-27 09:31:03,2026-07-27 09:51:34,0.11816317,0.11439,41.0,41.0,4,3,20.517,15.47,-0.2256052,0.0,0.0,15.2443948,realized_exit,-849.13517836,-1303.82302308,zero_realized_entry_approximation
ESP-USDT-SWAP,short,2026-07-27 09:51:34,2026-07-27 10:02:01,0.114955,0.11128,20.0,20.0,2,1,10.45,7.35,-0.124808,-0.30198914,0.0,6.92320286,realized_exit,-849.14251256,-1303.95482848,zero_realized_entry_approximation
ESP-USDT-SWAP,short,2026-07-27 10:02:01,2026-07-27 10:03:11,0.11119,0.10764,10.0,10.0,1,0,1.167,3.55,-0.077123,0.0,0.0,3.472877,realized_exit,-875.25971085,-1288.96091342,zero_realized_entry_approximation
ESP-USDT-SWAP,short,2026-07-27 10:03:11,2026-07-27 10:03:42,0.10733,0.1039,10.0,10.0,1,0,0.517,3.43,-0.074445,0.0,0.0,3.355555,realized_exit,-868.00981785,-1281.71102042,zero_realized_entry_approximation
ESP-USDT-SWAP,short,2026-07-27 10:03:42,2026-07-27 10:34:22,0.10464118,0.1013,34.0,34.0,3,2,30.667,11.36,-0.1742187,0.0,0.0,11.1857813,realized_exit,-864.53501085,-1278.23621342,zero_realized_entry_approximation
ESP-USDT-SWAP,short,2026-07-27 10:34:22,2026-07-27 14:19:59,0.10582895,0.10245,133.0,133.0,9,8,225.617,44.94,-0.5874246,-3.69443915,0.0,40.65813625,realized_exit,-912.27019895,-1274.93232812,zero_realized_entry_approximation
ESP-USDT-SWAP,short,2026-07-27 14:19:59,2026-07-27 14:22:52,0.10247,0.0992,11.0,11.0,1,0,2.883,3.597,-0.0781825,0.0,0.0,3.5188175,realized_exit,-885.40787236,-1267.65055887,zero_realized_entry_approximation
ESP-USDT-SWAP,short,2026-07-27 14:22:52,2026-07-27 14:27:58,0.09929559,0.09931,34.0,34.0,3,2,5.1,-0.049,-0.236348,0.0,0.0,-0.285348,realized_exit,-840.79674786,-1223.03943437,zero_realized_entry_approximation
ESP-USDT-SWAP,short,2026-07-27 14:29:08,2026-07-27 14:41:55,0.09901826,0.09467,23.0,23.0,2,1,12.783,10.001,-0.1275272,0.0,0.0,9.8734728,realized_exit,-837.50691986,-1219.74960637,zero_realized_entry_approximation
ESP-USDT-SWAP,short,2026-07-27 14:41:55,2026-07-27 15:11:35,0.09511583,0.09258,24.0,24.0,2,1,29.667,6.086,-0.1936573,0.0,0.0,5.8923427,realized_exit,-837.59089886,-1219.83358537,zero_realized_entry_approximation
IRYS-USDT-SWAP,long,2026-07-27 15:24:55,2026-07-27 19:25:12,0.0142306,0.01388,480.0,480.0,2,1,240.283,-16.82900004,-0.6746545,0.31770834,0.0,-17.1859462,realized_exit,0.0,0.0,zero_realized_entry_approximation
UB-USDT-SWAP,short,2026-07-27 19:26:10,2026-07-27 22:48:11,0.13609556,0.13066,9.0,9.0,1,0,202.017,4.892,-0.0847618,0.01247344,0.0,4.81971164,realized_exit,0.0,0.0,zero_realized_entry_approximation
UB-USDT-SWAP,short,2026-07-27 22:48:11,2026-07-28 00:38:10,0.13078,0.12555,9.0,9.0,1,0,109.983,4.707,-0.08145,0.00759588,0.0,4.63314588,realized_exit,-0.04876956,-0.04876956,zero_realized_entry_approximation
UB-USDT-SWAP,short,2026-07-28 00:38:10,2026-07-28 00:38:42,0.12551,0.125496,10.0,10.0,1,0,0.533,0.014,-0.125503,0.0,0.0,-0.111503,realized_exit,4.76845652,4.76845652,zero_realized_entry_approximation
KAITO-USDT-SWAP,short,2026-07-28 00:39:47,2026-07-28 00:47:32,1.19178447,1.21331875,2821.0,2821.0,1,0,7.75,-60.74820011,-3.3923981,0.0,0.0,-64.14059821,realized_exit,0.0,58.8108803,zero_realized_entry_approximation
KAITO-USDT-SWAP,long,2026-07-28 00:47:43,2026-07-28 05:25:15,1.21356008,1.28480329,4381.0,4381.0,1,0,277.533,312.11649971,-5.47266495,-0.11138691,0.0,306.53244785,realized_exit,-64.14059821,-5.32971791,zero_realized_entry_approximation
KAITO-USDT-SWAP,short,2026-07-28 12:30:54,2026-07-28 13:36:33,1.27567526,1.29,2251.0,2251.0,1,0,65.65,-32.245,-2.8876675,0.0,0.0,-35.1326675,realized_exit,0.0,242.39184964,zero_realized_entry_approximation
KAITO-USDT-SWAP,short,2026-07-28 14:38:48,2026-07-28 16:11:01,1.24290989,1.23194066,546.0,546.0,1,0,92.217,5.98919998,-0.6756342,-0.03865094,0.0,5.27491484,realized_exit,-35.1326675,207.25918214,zero_realized_entry_approximation
KAITO-USDT-SWAP,short,2026-07-28 16:32:09,2026-07-28 19:16:19,1.2026917,1.15504016,2276.0,1138.0,1,0,164.167,54.22744986,-2.025881,0.0,0.0,52.20156886,realized_exit,-29.85775266,212.53409698,zero_realized_entry_approximation
BEAT-USDT-SWAP,long,2026-07-28 20:31:10,2026-07-28 20:45:55,3.13627222,2.97826667,10.8,10.8,1,0,14.75,-17.06460009,-0.3301851,0.0,0.0,-17.39478519,realized_exit,0.0,0.0,zero_realized_entry_approximation
BEAT-USDT-SWAP,long,2026-07-28 20:54:38,2026-07-28 21:17:52,3.17659364,3.21405308,50.3,50.3,1,0,23.233,18.84209986,-1.60724765,0.0,0.0,17.23485221,realized_exit,-17.39478519,-17.39478519,zero_realized_entry_approximation
KAITO-USDT-SWAP,long,2026-07-28 21:18:32,2026-07-28 22:38:30,1.1318,1.13621667,294.0,294.0,1,0,79.967,1.2985,-0.33339845,0.0,0.0,0.96510155,realized_exit,136.50203334,343.42190108,zero_realized_entry_approximation
SOON-USDT-SWAP,short,2026-07-28 23:13:01,2026-07-29 00:52:02,0.28451412,0.28349958,597.9,597.9,1,0,99.017,6.06589997,-1.69807695,-0.10775354,0.0,4.26006948,realized_exit,0.0,0.0,zero_realized_entry_approximation
BTC-USDT-SWAP,short,2026-07-29 01:09:58,2026-07-29 12:46:47,63832.0,63860.4,5.35,5.35,1,0,696.817,-1.5194,-3.4157717,0.21553529,0.0,-4.71963641,realized_exit,0.0,0.0,zero_realized_entry_approximation
ETH-USDT-SWAP,long,2026-07-29 13:06:40,2026-07-29 14:10:42,1906.26,1908.2,35.05,35.05,1,0,64.033,6.7997,-6.68484115,0.0,0.0,0.11485885,realized_exit,0.0,0.0,zero_realized_entry_approximation
AEON-USDT-SWAP,long,2026-07-29 13:31:22,2026-07-29 13:41:13,0.10598434,0.108064,3189.0,3189.0,1,0,9.85,66.32039976,-3.4130008,0.0,0.0,62.90739896,realized_exit,0.0,0.0,zero_realized_entry_approximation
UB-USDT-SWAP,short,2026-07-29 13:52:00,2026-07-29 14:10:17,0.14621024,0.14006829,41.0,41.0,1,0,18.283,25.18199999,-0.586871,0.0,0.0,24.59512899,realized_exit,0.0,0.0,zero_realized_entry_approximation
KAITO-USDT-SWAP,short,2026-07-29 19:07:01,2026-07-29 19:50:29,1.24907001,1.24689804,767.0,767.0,1,0,43.467,1.66589998,-0.95720375,0.0,0.0,0.70869623,realized_exit,0.0,133.2215688,zero_realized_entry_approximation
KAITO-USDT-SWAP,short,2026-07-29 21:28:12,2026-07-30 00:01:42,1.258,1.30111783,572.0,572.0,1,0,153.5,-24.6634,-0.5160349,-0.08875693,0.0,-25.26819183,realized_exit,0.70869623,1.84017238,zero_realized_entry_approximation
ALLO-USDT-SWAP,short,2026-07-30 00:05:03,2026-07-30 00:27:17,0.31314032,0.31444594,219.0,219.0,1,0,22.233,-2.85930008,-0.68720695,0.0,0.0,-3.54650703,realized_exit,0.0,0.0,zero_realized_entry_approximation
BEAT-USDT-SWAP,short,2026-07-30 01:01:11,2026-07-30 01:30:48,3.70000738,3.64882814,36.6,36.6,1,0,29.617,18.73159999,-1.3448369,0.0,0.0,17.38676309,realized_exit,0.0,0.0,zero_realized_entry_approximation
BEAT-USDT-SWAP,short,2026-07-30 01:36:15,2026-07-30 02:09:19,3.93964368,3.90750588,68.0,68.0,2,1,33.067,21.85369968,-2.66803085,0.0,0.0,19.18566883,realized_exit,17.38676309,17.38676309,zero_realized_entry_approximation
UB-USDT-SWAP,short,2026-07-30 02:30:13,2026-07-30 03:37:12,0.14055155,0.12593379,58.0,58.0,1,0,66.983,84.7829999,-0.7728075,0.0,0.0,84.0101924,realized_exit,0.0,24.59512899,zero_realized_entry_approximation
ZAMA-USDT-SWAP,short,2026-07-30 13:23:08,2026-07-30 23:55:42,0.05670507,0.05562755,3315.0,3315.0,2,1,632.567,35.71979985,-1.8619132,0.09332492,0.0,33.95121157,realized_exit,0.0,0.0,zero_realized_entry_approximation
BEAT-USDT-SWAP,short,2026-07-30 23:30:18,2026-07-30 23:55:41,3.73388173,3.71235789,64.6,64.6,1,0,25.383,13.90439996,-2.4051354,0.0,0.0,11.49926456,realized_exit,0.0,36.57243192,zero_realized_entry_approximation
BEAT-USDT-SWAP,short,2026-07-31 00:15:57,2026-07-31 00:51:35,3.753731,3.71769533,30.0,30.0,1,0,35.633,10.8107,-1.12071395,0.0,0.0,9.68998605,realized_exit,11.49926456,48.07169648,zero_realized_entry_approximation
UB-USDT-SWAP,short,2026-07-31 00:46:20,2026-07-31 01:32:42,0.14868373,0.14940263,118.0,118.0,1,0,46.367,-8.48300009,-1.7587095,0.0,0.0,-10.24170959,realized_exit,0.0,84.0101924,zero_realized_entry_approximation
CAP-USDT-SWAP,short,2026-07-31 00:53:29,2026-07-31 00:54:36,0.03523767,0.03475,103.0,103.0,2,1,1.117,5.02299999,-0.2244012,0.0,0.0,4.79859879,realized_exit,0.0,0.0,zero_realized_entry_approximation
CAP-USDT-SWAP,short,2026-07-31 00:54:36,2026-07-31 01:56:38,0.03527,0.03478,285.0,285.0,7,6,62.033,13.965,-0.4795806,0.0,0.0,13.4854194,realized_exit,-0.1528162,-0.1528162,zero_realized_entry_approximation
CAP-USDT-SWAP,short,2026-07-31 01:56:38,2026-07-31 01:56:44,0.03474,0.03426,77.0,77.0,1,0,0.1,3.696,-0.1865094,0.0,0.0,3.5094906,realized_exit,4.51726419,4.51726419,zero_realized_entry_approximation
CAP-USDT-SWAP,short,2026-07-31 01:56:44,2026-07-31 01:56:47,0.0342319,0.03376,105.0,105.0,2,1,0.05,4.95499999,-0.2217427,0.0,0.0,4.73325729,realized_exit,18.15026919,18.15026919,zero_realized_entry_approximation
CAP-USDT-SWAP,short,2026-07-31 01:56:47,2026-07-31 02:03:15,0.03395211,0.03348,171.0,171.0,4,3,6.467,8.07299999,-0.2306178,0.0,0.0,7.84238219,realized_exit,21.64266209,21.64266209,zero_realized_entry_approximation
CAP-USDT-SWAP,short,2026-07-31 02:03:15,2026-07-31 02:03:17,0.0333365,0.03287,80.0,80.0,1,0,0.033,3.732,-0.185938,0.0,0.0,3.546062,realized_exit,26.41064988,26.41064988,zero_realized_entry_approximation
CAP-USDT-SWAP,short,2026-07-31 02:03:17,2026-07-31 07:18:15,0.03436226,0.03389,971.0,971.0,16,15,314.967,45.85599998,-1.4052114,0.01261518,0.0,44.46340376,realized_exit,34.23580227,34.23580227,zero_realized_entry_approximation
CAP-USDT-SWAP,short,2026-07-31 07:18:15,2026-07-31 09:36:54,0.0347235,0.03492796,452.0,452.0,10,9,138.65,-9.24200007,-1.182575,0.0329886,0.0,-10.39158647,realized_exit,77.86134984,82.37861403,zero_realized_entry_approximation
CAP-USDT-SWAP,short,2026-07-31 12:58:42,2026-07-31 13:23:38,0.03621751,0.03535952,393.0,393.0,1,0,24.933,33.71899995,-1.4064885,0.0,0.0,32.31251145,realized_exit,-10.39158647,71.98702756,zero_realized_entry_approximation
MMT-USDT-SWAP,short,2026-07-31 18:04:04,2026-07-31 18:13:20,0.3131,0.3199,158.0,156.0,1,0,9.267,-10.608,-0.496871,0.0,0.0,-11.104871,realized_exit,0.0,0.0,zero_realized_entry_approximation
MMT-USDT-SWAP,short,2026-07-31 18:29:05,2026-07-31 18:43:21,0.39810909,0.36529385,242.0,244.0,2,1,14.267,78.36899998,-0.9273705,0.0,0.0,77.44162948,realized_exit,-11.104871,-11.104871,zero_realized_entry_approximation
UB-USDT-SWAP,short,2026-07-31 19:17:54,2026-07-31 19:20:19,0.16697397,0.16764397,78.0,78.0,1,0,2.417,-5.22600011,-1.30501,0.0,0.0,-6.53101011,realized_exit,0.0,-10.24170959,zero_realized_entry_approximation
BEAT-USDT-SWAP,short,2026-07-31 19:20:55,2026-07-31 20:09:07,4.0800437,4.20549957,115.1,115.1,3,2,48.2,-144.39970021,-4.76833015,0.93237512,0.0,-148.23565524,realized_exit,0.0,21.18925061,zero_realized_entry_approximation
GIGGLE-USDT-SWAP,short,2026-07-31 20:10:48,2026-07-31 20:32:11,36.07336831,37.21291307,12389.0,12389.0,3,2,21.383,-141.17820015,-4.5397187,0.0,0.0,-145.71791885,realized_exit,0.0,0.0,zero_realized_entry_approximation
BEAT-USDT-SWAP,short,2026-07-31 20:33:21,2026-07-31 20:43:27,4.24066183,4.25970194,87.5,87.5,1,0,10.1,-16.66010033,-3.71890915,0.0,0.0,-20.37900948,realized_exit,-148.23565524,-127.04640463,zero_realized_entry_approximation
MMT-USDT-SWAP,long,2026-07-31 20:46:13,2026-07-31 23:30:22,0.24693117,0.22320707,523.0,523.0,2,1,164.15,-124.07700006,-1.2294115,0.0,0.0,-125.30641156,realized_exit,66.33675848,66.33675848,zero_realized_entry_approximation
GIGGLE-USDT-SWAP,short,2026-07-31 23:31:13,2026-08-01 00:51:21,39.30189129,39.17187044,7672.0,7672.0,2,1,80.133,9.97519989,-3.0102535,-0.34121648,0.0,6.62372991,realized_exit,-145.71791885,-145.71791885,zero_realized_entry_approximation
CAP-USDT-SWAP,short,2026-08-01 00:51:49,2026-08-01 01:03:29,0.03744492,0.03706989,3228.0,3228.0,1,0,11.667,121.06099972,-12.0266895,0.0,0.0,109.03431022,realized_exit,0.0,104.29953901,zero_realized_entry_approximation
GIGGLE-USDT-SWAP,short,2026-08-01 01:04:19,2026-08-01 01:19:08,39.01859976,39.44422578,9177.0,9177.0,1,0,14.817,-39.05970023,-3.60026675,0.0,0.0,-42.65996698,realized_exit,-139.09418894,-139.09418894,zero_realized_entry_approximation
CAP-USDT-SWAP,short,2026-08-01 01:19:23,2026-08-01 08:59:46,0.04070941,0.03855068,1656.0,828.0,2,1,460.383,178.74299993,-4.966737,0.6601644,0.0,174.43642733,realized_exit,109.03431022,208.81658504,zero_realized_entry_approximation
SATS-USDT-SWAP,short,2026-08-01 09:37:53,2026-08-01 11:26:04,1e-08,1e-08,9805.0,4902.0,1,0,108.183,123.37591414,-0.88416469,0.0,0.0,122.49174945,realized_exit,0.0,0.0,zero_realized_entry_approximation
SATS-USDT-SWAP,short,2026-08-01 14:02:31,2026-08-01 16:49:12,1e-08,1e-08,12185.0,17088.0,1,0,166.683,122.87238953,-1.51019528,-0.35414758,0.0,121.00804667,realized_exit,122.49174945,122.49174945,zero_realized_entry_approximation
BEAT-USDT-SWAP,long,2026-08-01 16:54:22,2026-08-01 17:26:56,4.59595045,4.61159698,33.1,33.1,1,0,32.567,5.17899995,-1.5238491,0.0,0.0,3.65515085,realized_exit,0.0,-168.61466472,zero_realized_entry_approximation
SATS-USDT-SWAP,short,2026-08-01 18:32:38,2026-08-01 19:06:32,1e-08,1e-08,36223.0,27167.0,2,1,33.9,-30.81105441,-3.78660584,0.0,0.0,-34.59766025,realized_exit,121.00804667,243.49979612,zero_realized_entry_approximation
BEAT-USDT-SWAP,short,2026-08-01 20:14:52,2026-08-01 21:59:29,4.70137845,4.66417069,58.0,58.0,2,1,104.617,21.58049986,-2.71600925,0.0,0.0,18.86449061,realized_exit,3.65515085,-16.72385863,zero_realized_entry_approximation
BEAT-USDT-SWAP,short,2026-08-01 22:34:13,2026-08-01 22:47:24,4.75003303,4.77267117,33.3,33.3,1,0,13.183,-7.53850006,-1.58553025,0.0,0.0,-9.12403031,realized_exit,22.51964146,22.51964146,zero_realized_entry_approximation
BEAT-USDT-SWAP,short,2026-08-02 00:11:42,2026-08-02 00:22:22,4.90433347,4.91375146,23.9,23.9,1,0,10.667,-2.25090008,-1.17326115,0.0,0.0,-3.42416123,realized_exit,9.7404603,13.39561115,zero_realized_entry_approximation
AEVO-USDT-SWAP,short,2026-08-02 00:26:12,2026-08-02 00:34:28,0.02506902,0.02462325,150000.0,120000.0,2,1,8.267,53.49184787,-3.35757156,0.0,0.0,50.13427631,realized_exit,0.0,0.0,zero_realized_entry_approximation
AEVO-USDT-SWAP,short,2026-08-02 00:35:50,2026-08-02 00:38:48,0.02441002,0.02478,6214.0,6214.0,1,0,2.967,-2.29904002,-0.1528334,0.0,0.0,-2.45187342,realized_exit,62.55733933,62.55733933,zero_realized_entry_approximation
AEVO-USDT-SWAP,short,2026-08-02 00:43:12,2026-08-02 00:58:57,0.02427216,0.02343712,31103.0,31103.0,1,0,15.75,25.97246994,-0.74195087,0.0,0.0,25.23051907,realized_exit,60.10546591,60.10546591,zero_realized_entry_approximation
BEAT-USDT-SWAP,short,2026-08-02 01:21:27,2026-08-02 01:30:46,5.6,5.51660471,28.2,27.6,1,0,9.317,23.0171,-1.07713145,0.0,0.0,21.93996855,realized_exit,6.31629907,9.97144992,zero_realized_entry_approximation
BEAT-USDT-SWAP,long,2026-08-02 01:34:10,2026-08-02 01:53:02,4.74039155,5.01386845,35.5,35.5,1,0,18.867,97.0842999,-1.73138115,0.0,0.0,95.35291875,realized_exit,33.93991642,37.59506727,zero_realized_entry_approximation
HOME-USDT-SWAP,short,2026-08-02 11:17:27,2026-08-02 11:40:20,0.00708593,0.00710054,2434.0,1217.0,2,1,22.883,-1.77735005,-1.29442605,0.0,0.0,-3.0717761,realized_exit,0.0,0.0,zero_realized_entry_approximation
HOME-USDT-SWAP,short,2026-08-02 11:46:18,2026-08-02 11:49:13,0.00717774,0.00711783,1232.0,1224.0,1,0,2.917,1.74866903,-0.87775975,0.0,0.0,0.87090928,realized_exit,-3.0717761,-3.0717761,zero_realized_entry_approximation
HOME-USDT-SWAP,short,2026-08-02 11:58:06,2026-08-02 11:59:44,0.00723952,0.00714869,1220.0,1222.0,1,0,1.633,4.52410489,-0.87839535,0.0,0.0,3.64570954,realized_exit,-2.20086682,-2.20086682,zero_realized_entry_approximation
HOME-USDT-SWAP,short,2026-08-02 13:55:44,2026-08-02 14:28:19,0.00740005,0.00743854,6050.0,6050.0,2,1,32.583,-23.28290036,-4.48867425,0.0,0.0,-27.77157461,realized_exit,21.65270278,21.65270278,zero_realized_entry_approximation
HOME-USDT-SWAP,short,2026-08-02 15:53:23,2026-08-02 17:12:23,0.0082112,0.00847643,5351.0,5351.0,3,2,79.0,-141.92720017,-4.4647767,-0.36296075,0.0,-146.75493762,realized_exit,-6.11887183,-6.11887183,zero_realized_entry_approximation
HOME-USDT-SWAP,short,2026-08-02 17:14:11,2026-08-02 17:28:05,0.00841732,0.00816545,7822.0,7822.0,2,1,13.9,197.00799959,-6.4855229,0.0,0.0,190.52247669,realized_exit,-152.87380945,-152.87380945,zero_realized_entry_approximation
CAP-USDT-SWAP,short,2026-08-02 17:28:24,2026-08-02 17:29:11,0.03358142,0.0330021,1117.0,558.0,1,0,0.783,32.32642871,-2.796281,0.0,0.0,29.53014771,realized_exit,0.0,0.0,zero_realized_entry_approximation
HOME-USDT-SWAP,short,2026-08-02 17:33:27,2026-08-02 17:54:01,0.00822389,0.00806,245.0,245.0,1,0,20.567,4.01539999,-0.1402367,0.0,0.0,3.87516329,realized_exit,38.06336144,37.64866724,zero_realized_entry_approximation
HOME-USDT-SWAP,short,2026-08-02 17:54:01,2026-08-02 17:58:58,0.008058,0.007897,249.0,249.0,1,0,4.95,4.0089,-0.13964916,0.0,0.0,3.86925084,realized_exit,39.74879136,37.54792454,zero_realized_entry_approximation
HOME-USDT-SWAP,short,2026-08-02 17:58:58,2026-08-02 17:59:00,0.00789443,0.007737,255.0,255.0,1,0,0.033,4.0145,-0.1401127,0.0,0.0,3.8743873,realized_exit,44.0659859,41.42350843,zero_realized_entry_approximation
HOME-USDT-SWAP,short,2026-08-02 17:59:00,2026-08-02 17:59:56,0.00774736,0.007593,259.0,259.0,1,0,0.933,3.9978,-0.13965999,0.0,0.0,3.85814001,realized_exit,47.93490484,45.29242737,zero_realized_entry_approximation
HOME-USDT-SWAP,short,2026-08-02 17:59:56,2026-08-02 18:01:51,0.00768536,0.007532,607.0,607.0,2,1,1.917,9.3092,-0.24475656,0.0,0.0,9.06444344,realized_exit,47.7222977,49.16714042,zero_realized_entry_approximation
HOME-USDT-SWAP,short,2026-08-02 18:01:51,2026-08-02 19:37:48,0.00782317,0.007667,1332.0,1332.0,4,3,95.95,20.80179999,-0.47289326,0.0,0.0,20.32890673,realized_exit,51.59971193,52.9722906,zero_realized_entry_approximation
HOME-USDT-SWAP,short,2026-08-02 19:37:48,2026-08-02 21:09:15,0.00777512,0.00762,602.0,602.0,2,1,91.45,9.33819999,-0.24584987,-0.26058419,0.0,8.83176593,realized_exit,40.26870496,61.92140774,zero_realized_entry_approximation
UB-USDT-SWAP,long,2026-08-02 20:48:53,2026-08-02 20:50:59,0.13693585,0.14069146,82.0,82.0,1,0,2.1,30.79599996,-1.138272,0.0,0.0,29.65772796,realized_exit,0.0,0.0,zero_realized_entry_approximation
HOME-USDT-SWAP,short,2026-08-02 21:09:15,2026-08-03 02:35:21,0.00823028,0.008066,2448.0,2448.0,7,6,326.1,40.2157,-0.8582321,-0.86933482,0.0,38.48813308,realized_exit,88.22314142,82.10426959,zero_realized_entry_approximation
HOME-USDT-SWAP,short,2026-08-03 02:35:21,2026-08-03 03:08:35,0.00825361,0.008089,904.0,904.0,3,2,33.233,14.88069999,-0.35524551,0.0,0.0,14.52545448,realized_exit,7.91379963,90.01806922,zero_realized_entry_approximation
HOME-USDT-SWAP,short,2026-08-03 03:08:35,2026-08-03 03:12:24,0.008095,0.007934,249.0,249.0,1,0,3.817,4.0089,-0.14029407,0.0,0.0,3.86860593,realized_exit,47.52559188,129.62986147,zero_realized_entry_approximation
HOME-USDT-SWAP,short,2026-08-03 03:12:24,2026-08-03 03:55:38,0.00814768,0.007985,915.0,915.0,3,2,43.233,14.8849,-0.3549461,0.0,0.0,14.5299539,realized_exit,53.01341521,144.26352959,zero_realized_entry_approximation
HOME-USDT-SWAP,short,2026-08-03 03:55:38,2026-08-03 04:00:05,0.00798728,0.007828,251.0,251.0,1,0,4.45,3.998,-0.13953696,-0.10416489,0.0,3.75429815,realized_exit,56.82726795,148.02409767,zero_realized_entry_approximation
HOME-USDT-SWAP,short,2026-08-03 04:00:05,2026-08-03 04:13:37,0.007822,0.007666,256.0,256.0,1,0,13.533,3.9936,-0.13937152,0.0,0.0,3.85422848,realized_exit,71.36163716,162.55846688,zero_realized_entry_approximation
HOME-USDT-SWAP,short,2026-08-03 04:13:37,2026-08-03 05:09:02,0.007665,0.007512,262.0,262.0,1,0,55.417,4.0086,-0.13977438,0.0,0.0,3.86882562,realized_exit,75.33507992,166.41704872,zero_realized_entry_approximation
HOME-USDT-SWAP,short,2026-08-03 05:09:02,2026-08-03 07:41:25,0.00770331,0.00755,968.0,968.0,3,2,152.383,14.84,-0.3549131,0.0,0.0,14.4850869,realized_exit,79.3155591,170.2709873,zero_realized_entry_approximation
HOME-USDT-SWAP,short,2026-08-03 07:41:25,2026-08-03 07:56:44,0.00750231,0.007353,267.0,267.0,1,0,15.317,3.9866,-0.13942087,0.0,0.0,3.84717913,realized_exit,84.0134101,174.03147932,zero_realized_entry_approximation
HOME-USDT-SWAP,short,2026-08-03 07:56:44,2026-08-03 08:00:32,0.007311,0.007165,272.0,272.0,1,0,3.8,3.9712,-0.1384072,-0.03124589,0.0,3.80154691,realized_exit,98.60708625,188.62515547,zero_realized_entry_approximation
HOME-USDT-SWAP,short,2026-08-03 08:00:32,2026-08-03 08:22:19,0.00725765,0.007113,641.0,641.0,2,1,21.783,9.2718,-0.24369801,0.0,0.0,9.02810199,realized_exit,102.42374574,192.44181496,zero_realized_entry_approximation
HOME-USDT-SWAP,short,2026-08-03 08:22:19,2026-08-03 08:30:40,0.00710901,0.006967,283.0,283.0,1,0,8.35,4.0189,-0.14002572,0.0,0.0,3.87887428,realized_exit,106.20345879,196.22152801,zero_realized_entry_approximation
HOME-USDT-SWAP,short,2026-08-03 08:30:40,2026-08-03 08:40:40,0.006917,0.006779,286.0,286.0,1,0,10.0,3.9468,-0.07834112,0.0,0.0,3.86845888,realized_exit,115.28347763,205.30154685,zero_realized_entry_approximation
HOME-USDT-SWAP,short,2026-08-03 08:40:40,2026-08-03 09:22:31,0.006794,0.006659,296.0,296.0,1,0,41.85,3.996,-0.13997248,0.0,0.0,3.85602752,realized_exit,79.55557188,209.24144839,zero_realized_entry_approximation
HOME-USDT-SWAP,short,2026-08-03 09:22:31,2026-08-03 10:32:25,0.00666565,0.006533,301.0,301.0,1,0,69.9,3.99279999,-0.13964671,0.0,0.0,3.85315328,realized_exit,64.96885948,213.04892131,zero_realized_entry_approximation
UB-USDT-SWAP,short,2026-08-03 09:48:49,2026-08-03 10:12:43,0.17138594,0.1734042,138.0,138.0,1,0,23.9,-27.85200022,-2.379052,0.0,0.0,-30.23105222,realized_exit,0.0,29.65772796,zero_realized_entry_approximation
HOME-USDT-SWAP,short,2026-08-03 10:32:25,2026-08-03 11:36:12,0.00664351,0.006511,703.0,703.0,2,1,63.783,9.31539997,-0.24508836,0.0,0.0,9.07031161,realized_exit,46.63419468,216.90518198,zero_realized_entry_approximation
HOME-USDT-SWAP,short,2026-08-03 11:36:12,2026-08-03 12:14:03,0.00650723,0.006563,309.0,309.0,1,0,37.85,-1.72320001,-0.2019351,-0.00766492,0.0,-1.93280003,realized_exit,46.61757453,221.11980381,zero_realized_entry_approximation
UB-USDT-SWAP,short,2026-08-03 12:44:44,2026-08-03 12:47:34,0.16935251,0.1682397,263.0,263.0,1,0,2.833,29.26699988,-4.4393375,0.0,0.0,24.82766238,realized_exit,-30.23105222,-0.57332426,zero_realized_entry_approximation
UB-USDT-SWAP,short,2026-08-03 12:50:21,2026-08-03 17:19:29,0.17367489,0.17645148,88.0,88.0,3,2,269.133,-24.43400007,-1.1878259,0.0773124,0.0,-25.54451357,realized_exit,-5.40338984,24.25433812,zero_realized_entry_approximation
ALLO-USDT-SWAP,short,2026-08-03 17:27:02,2026-08-03 17:48:03,0.27767514,0.28383937,2008.0,2008.0,2,1,21.017,-123.77770042,-5.63760575,0.0,0.0,-129.41530617,realized_exit,0.0,0.0,zero_realized_entry_approximation
ALLO-USDT-SWAP,short,2026-08-03 18:25:33,2026-08-03 19:04:33,0.29287794,0.3046224,5634.0,5634.0,2,1,39.0,-661.68300036,-16.8315845,0.0,0.0,-678.51458486,realized_exit,-129.41530617,-129.41530617,zero_realized_entry_approximation
ALLO-USDT-SWAP,long,2026-08-03 19:04:36,2026-08-03 19:43:03,0.30477442,0.28539613,3200.0,3200.0,2,1,38.45,-620.10510072,-9.44272875,0.0,0.0,-629.54782947,realized_exit,-807.92989103,-807.92989103,zero_realized_entry_approximation
ALLO-USDT-SWAP,short,2026-08-03 19:43:10,2026-08-03 19:46:25,0.28409672,0.29110906,2445.0,2445.0,1,0,3.25,-171.45170038,-7.03189065,0.0,0.0,-178.48359103,realized_exit,-1437.4777205,-1437.4777205,zero_realized_entry_approximation
ALLO-USDT-SWAP,long,2026-08-03 19:46:29,2026-08-03 20:34:02,0.29163986,0.29432062,1150.0,1150.0,1,0,47.55,30.82869988,-3.36927275,0.56098217,0.0,28.0204093,realized_exit,-1615.96131153,-1615.96131153,zero_realized_entry_approximation
ALLO-USDT-SWAP,long,2026-08-03 20:34:05,2026-08-03 20:41:55,0.29460875,0.0,1322.0,0.0,1,0,7.833,0.0,-1.94736385,0.0,-194.73638501,-196.68374886,liquidation,-1587.94090223,-1587.94090223,zero_realized_entry_approximation
UB-USDT-SWAP,long,2026-08-03 21:43:45,2026-08-04 00:59:07,0.18351243,0.19811308,625.0,312.0,1,0,195.367,455.54012085,-8.8253275,-0.58296875,0.0,446.1318246,realized_exit,-25.13307417,-30.94790341,zero_realized_entry_approximation
BICO-USDT-SWAP,short,2026-08-04 00:00:05,2026-08-04 09:28:52,0.01827006,0.01693675,1085386.0,130246.0,6,5,568.783,173.65781281,-11.0180072,-15.11862234,0.0,147.52118327,realized_exit,0.0,0.0,zero_realized_entry_approximation
UB-USDT-SWAP,short,2026-08-04 01:12:37,2026-08-04 01:48:59,0.19657131,0.19795207,145.0,145.0,1,0,36.367,-20.0210002,-2.8602945,0.0,0.0,-22.8812947,realized_exit,854.5209993,823.57309589,zero_realized_entry_approximation
UB-USDT-SWAP,short,2026-08-04 01:56:47,2026-08-04 05:17:23,0.19543977,0.1890786,86.0,86.0,1,0,200.6,54.70599991,-1.653429,0.0815452,0.0,53.13411611,realized_exit,831.6397046,800.69180119,zero_realized_entry_approximation
PIPPIN-USDT-SWAP,short,2026-08-04 05:17:41,2026-08-04 10:49:14,0.01888605,0.01855425,121306.0,60653.0,3,2,331.55,201.2480995,-17.0818143,2.40263562,0.0,186.56892082,realized_exit,0.0,0.0,zero_realized_entry_approximation
UB-USDT-SWAP,short,2026-08-04 11:45:24,2026-08-04 14:23:17,0.19207092,0.19572066,1080.0,778.0,5,4,157.883,-281.55000062,-16.8397575,0.09949275,0.0,-298.29026537,realized_exit,0.0,884.05696952,zero_realized_entry_approximation
BICO-USDT-SWAP,long,2026-08-04 17:17:39,2026-08-04 18:11:24,0.01860222,0.0171748,629436.0,380000.0,4,3,53.75,-542.42006746,-9.11766551,0.0,0.0,-551.53773297,realized_exit,0.0,1367.65753822,zero_realized_entry_approximation
HOME-USDT-SWAP,long,2026-08-04 19:28:07,2026-08-04 20:49:47,0.00918759,0.01048984,7797.0,7797.0,2,1,81.667,1015.36199964,-7.6712485,68.747817,0.0,1076.43856814,realized_exit,0.0,0.0,zero_realized_entry_approximation
HOME-USDT-SWAP,short,2026-08-04 20:58:25,2026-08-04 21:25:01,0.01093856,0.01072202,9494.0,4747.0,3,2,26.6,102.79414981,-7.73740595,-17.52400524,0.0,77.53273862,realized_exit,1076.43856814,1076.43856814,zero_realized_entry_approximation
UB-USDT-SWAP,short,2026-08-04 21:09:11,2026-08-04 23:22:40,0.20452875,0.19339,432.0,734.0,4,3,133.483,438.95799997,-4.6060936,0.0,0.0,434.35190637,realized_exit,0.5877373,587.07129264,zero_realized_entry_approximation
HOME-USDT-SWAP,short,2026-08-04 22:00:06,2026-08-04 23:24:29,0.01086419,0.01045776,6757.0,5752.0,1,0,84.383,251.43127483,-6.67811945,-24.54060378,0.0,220.2125516,realized_exit,1136.99225757,1136.99225757,zero_realized_entry_approximation
UB-USDT-SWAP,short,2026-08-04 23:22:40,2026-08-04 23:26:05,0.19221971,0.18646,102.0,102.0,1,0,3.417,58.74899998,-1.3606989,0.0,0.0,57.38830108,realized_exit,434.64824387,1027.15796251,zero_realized_entry_approximation
UB-USDT-SWAP,short,2026-08-04 23:26:05,2026-08-04 23:28:10,0.18604019,0.18408811,106.0,106.0,1,0,2.083,20.69199983,-1.96168,0.0,0.0,18.73031983,realized_exit,492.03654495,1084.54626359,zero_realized_entry_approximation
UB-USDT-SWAP,short,2026-08-05 00:07:46,2026-08-05 00:22:19,0.17566626,0.17005,340.0,340.0,2,1,14.55,190.95299997,-3.2728105,0.0,0.0,187.68018947,realized_exit,510.76686478,1103.85955217,zero_realized_entry_approximation
UB-USDT-SWAP,short,2026-08-05 00:22:19,2026-08-05 00:25:07,0.17195587,0.16646,521.0,521.0,3,2,2.8,286.33499998,-4.4383825,0.0,0.0,281.89661748,realized_exit,508.65039428,1101.74308167,zero_realized_entry_approximation
UB-USDT-SWAP,short,2026-08-05 00:25:07,2026-08-05 00:26:39,0.16773107,0.16237,534.0,534.0,3,2,1.533,286.28099999,-3.5254794,0.0,0.0,282.75552059,realized_exit,695.74318495,1288.83587234,zero_realized_entry_approximation
UB-USDT-SWAP,short,2026-08-05 00:26:39,2026-08-05 00:28:01,0.16292129,0.15771,364.0,364.0,2,1,1.367,189.691,-3.2475347,0.0,0.0,186.4434653,realized_exit,978.55230393,1571.64499132,zero_realized_entry_approximation
UB-USDT-SWAP,short,2026-08-05 00:28:01,2026-08-05 00:30:45,0.15866632,0.15359,375.0,375.0,2,1,2.733,190.362,-3.2598018,0.0,0.0,187.1021982,realized_exit,1260.99978642,1854.09247381,zero_realized_entry_approximation
UB-USDT-SWAP,short,2026-08-05 00:30:45,2026-08-05 00:32:15,0.15341335,0.14851,200.0,200.0,1,0,1.5,98.067,-2.1281735,0.0,0.0,95.9388265,realized_exit,1447.43478082,2040.52746821,zero_realized_entry_approximation
UB-USDT-SWAP,short,2026-08-05 00:32:15,2026-08-05 00:34:12,0.14927211,0.1445,398.0,398.0,2,1,1.95,189.92999999,-3.2509033,0.0,0.0,186.67909669,realized_exit,1635.11072232,2228.20340971,zero_realized_entry_approximation
UB-USDT-SWAP,short,2026-08-05 00:34:12,2026-08-05 00:35:06,0.14584532,0.14118,616.0,616.0,3,2,0.9,287.38399998,-4.4523646,0.0,0.0,282.93163538,realized_exit,1730.48299902,2323.57568641,zero_realized_entry_approximation
UB-USDT-SWAP,short,2026-08-05 00:35:06,2026-08-05 00:38:00,0.14274732,0.13818,630.0,630.0,3,2,2.9,287.74099998,-4.4576002,0.0,0.0,283.28339978,realized_exit,1916.54975201,2509.6424394,zero_realized_entry_approximation
UB-USDT-SWAP,short,2026-08-05 00:38:00,2026-08-05 00:38:51,0.13824814,0.13520427,220.0,220.0,1,0,0.85,66.96499992,-3.0079765,0.0,0.0,63.95702342,realized_exit,2199.47788219,2792.57056958,zero_realized_entry_approximation
UB-USDT-SWAP,long,2026-08-05 00:42:15,2026-08-05 00:45:57,0.14298779,0.14977303,666.0,666.0,1,0,3.7,451.89699967,-9.7489355,0.0,0.0,442.14806417,realized_exit,2549.43483759,3142.52752498,zero_realized_entry_approximation
BICO-USDT-SWAP,short,2026-08-05 01:58:09,2026-08-05 13:28:35,0.02311638,0.02466363,706854.0,380000.0,4,3,690.433,-587.95566622,-12.85604367,-0.089909,0.0,-600.90161889,realized_exit,0.0,465.87892788,zero_realized_entry_approximation
BICO-USDT-SWAP,short,2026-08-05 13:30:24,2026-08-05 13:31:03,0.02499998,0.02535024,356500.0,356500.0,1,0,0.65,-124.86707035,-8.97492661,0.0,0.0,-133.84199696,realized_exit,-1116.21219847,-2024.50494318,zero_realized_entry_approximation
BICO-USDT-SWAP,short,2026-08-05 13:32:10,2026-08-05 15:11:23,0.0259503,0.02600801,1386608.0,380000.0,6,5,99.217,-21.92938089,-22.93296623,0.0,0.0,-44.86234712,realized_exit,-1250.05419543,-2158.34694014,zero_realized_entry_approximation
GRVT-USDT-SWAP,short,2026-08-05 16:48:50,2026-08-05 17:09:05,0.34224918,0.33028,510.0,510.0,2,1,20.25,61.0428,-0.93466212,0.0,0.0,60.10813788,realized_exit,0.0,0.0,zero_realized_entry_approximation
GRVT-USDT-SWAP,short,2026-08-05 17:09:06,2026-08-05 20:12:59,0.33595823,0.3242,1105.0,1105.0,4,3,183.883,129.92839998,-1.7054355,-5.58641559,0.0,122.63654889,realized_exit,60.10813788,60.10813788,zero_realized_entry_approximation
UB-USDT-SWAP,short,2026-08-05 18:32:39,2026-08-05 19:26:31,0.16286261,0.15668,1081.0,1081.0,8,7,53.867,668.33999998,-7.4376488,0.0,0.0,660.90235118,realized_exit,0.0,2991.58290176,zero_realized_entry_approximation
ETH-USDT-SWAP,long,2026-08-05 18:40:26,2026-08-05 19:49:31,1874.6,1868.68,17.16,17.16,1,0,69.083,-10.15872,-3.21173424,0.0,0.0,-13.37045424,realized_exit,0.0,0.0,zero_realized_entry_approximation
UB-USDT-SWAP,short,2026-08-05 19:26:31,2026-08-05 19:28:07,0.15638125,0.15044,112.0,112.0,1,0,1.6,66.542,-1.2127206,0.0,0.0,65.3292794,realized_exit,-4.0502272,2987.53267456,zero_realized_entry_approximation
UB-USDT-SWAP,short,2026-08-05 19:28:07,2026-08-05 19:30:14,0.15045487,0.14474,115.0,115.0,1,0,2.117,65.72099999,-1.1980175,0.0,0.0,64.52298249,realized_exit,660.02661618,3651.60951794,zero_realized_entry_approximation
UB-USDT-SWAP,short,2026-08-05 19:30:14,2026-08-05 19:31:39,0.1499771,0.14428,675.0,675.0,5,4,1.417,384.554,-4.4968114,0.0,0.0,380.0571886,realized_exit,725.36651508,3716.94941684,zero_realized_entry_approximation
UB-USDT-SWAP,short,2026-08-05 19:31:39,2026-08-05 19:33:26,0.14476567,0.13927,254.0,254.0,2,1,1.783,139.58999999,-1.964513,0.0,0.0,137.62548699,realized_exit,788.20558167,3779.78848343,zero_realized_entry_approximation
UB-USDT-SWAP,short,2026-08-05 19:33:26,2026-08-05 19:35:00,0.13938656,0.13409,125.0,125.0,1,0,1.567,66.207,-1.206391,0.0,0.0,65.000609,realized_exit,1169.55478027,4161.13768203,zero_realized_entry_approximation
UB-USDT-SWAP,short,2026-08-05 19:35:00,2026-08-05 20:10:07,0.14109251,0.13574,1246.0,1246.0,8,7,35.117,666.92299995,-7.4213661,-7.13588459,0.0,652.36574926,realized_exit,1307.56612266,4299.14902442,zero_realized_entry_approximation
UB-USDT-SWAP,short,2026-08-05 20:10:07,2026-08-05 20:12:22,0.13642953,0.13125,128.0,128.0,1,0,2.25,66.29799999,-1.209149,0.0,0.0,65.08885099,realized_exit,1362.26328777,4353.54985203,zero_realized_entry_approximation
UB-USDT-SWAP,short,2026-08-05 20:12:23,2026-08-05 20:16:13,0.1328415,0.1278,432.0,432.0,3,2,3.833,217.79299996,-2.7781687,0.0,0.0,215.01483126,realized_exit,2090.89249791,5082.17906217,zero_realized_entry_approximation
GRVT-USDT-SWAP,short,2026-08-05 20:12:59,2026-08-05 22:04:18,0.32772553,0.31626,825.0,825.0,3,2,111.317,94.5906,-1.3096272,0.0,0.0,93.2809728,realized_exit,53.53276879,53.53276879,zero_realized_entry_approximation
UB-USDT-SWAP,short,2026-08-05 20:16:13,2026-08-05 20:21:45,0.13066448,0.1257,603.0,603.0,4,3,5.533,299.358,-3.6171129,0.0,0.0,295.7408871,realized_exit,2305.90732917,5297.19389343,zero_realized_entry_approximation
UB-USDT-SWAP,short,2026-08-05 20:21:45,2026-08-05 20:23:07,0.12643782,0.12164,293.0,293.0,2,1,1.367,140.5759999,-1.9808633,0.0,0.0,138.5951366,realized_exit,2303.80615827,5295.09272253,zero_realized_entry_approximation
UB-USDT-SWAP,short,2026-08-05 20:23:07,2026-08-05 20:42:52,0.12587302,0.12109,994.0,994.0,6,5,19.75,475.43199999,-5.4374904,0.0,0.0,469.99450959,realized_exit,2600.38016337,5591.66672763,zero_realized_entry_approximation
UB-USDT-SWAP,short,2026-08-05 20:42:52,2026-08-05 20:55:01,0.12370358,0.12243407,636.0,636.0,4,3,12.15,80.74099976,-5.9896763,0.0,0.0,74.75132346,realized_exit,2737.21313167,5728.49969593,zero_realized_entry_approximation
GRVT-USDT-SWAP,short,2026-08-05 22:04:18,2026-08-06 04:36:51,0.33105844,0.31948,4178.0,4178.0,7,6,392.55,483.74729998,-8.0624987,-0.56840664,0.0,475.11639464,realized_exit,181.95688857,181.95688857,zero_realized_entry_approximation
BICO-USDT-SWAP,short,2026-08-06 01:29:03,2026-08-06 01:38:24,0.02452705,0.02481,30000.0,30000.0,1,0,9.35,-8.48843003,-0.74005582,0.0,0.0,-9.22848585,realized_exit,0.0,657.0863303,zero_realized_entry_approximation
CAP-USDT-SWAP,short,2026-08-06 01:50:03,2026-08-06 02:28:49,0.02915658,0.02852818,2302.0,2302.0,1,0,38.767,144.65699977,-6.6395165,0.0,0.0,138.01748327,realized_exit,0.0,0.0,zero_realized_entry_approximation
BICO-USDT-SWAP,short,2026-08-06 02:46:37,2026-08-06 05:37:44,0.02754486,0.0270449,839297.0,380000.0,5,4,171.117,189.98481516,-16.69768826,0.0,0.0,173.2871269,realized_exit,-9.22848585,648.00681311,zero_realized_entry_approximation
GRVT-USDT-SWAP,short,2026-08-06 04:36:51,2026-08-06 06:00:37,0.31948,0.3083,259.0,259.0,1,0,83.767,28.9562,-0.573426,0.0,0.0,28.382774,realized_exit,-5.36970305,270.06432911,zero_realized_entry_approximation
UB-USDT-SWAP,short,2026-08-06 05:47:02,2026-08-06 10:25:46,0.1461659,0.14594644,205.0,205.0,5,4,278.733,4.49899981,-2.2726932,0.0563193,0.0,2.28262591,realized_exit,0.0,3284.98918592,zero_realized_entry_approximation
BICO-USDT-SWAP,short,2026-08-06 05:51:56,2026-08-06 11:17:38,0.02708899,0.02949577,78132.0,39066.0,1,0,325.7,-94.02327505,-1.63439931,-0.58253475,0.0,-96.24020911,realized_exit,355.02230438,1012.25760334,zero_realized_entry_approximation
GRVT-USDT-SWAP,short,2026-08-06 06:00:37,2026-08-06 08:21:43,0.30767212,0.29691,269.0,269.0,1,0,141.1,28.9501,-0.57355658,0.01861573,0.0,28.39515915,realized_exit,475.47048909,750.72832761,zero_realized_entry_approximation
GRVT-USDT-SWAP,short,2026-08-06 08:21:43,2026-08-06 08:25:34,0.29878592,0.28833,277.0,277.0,1,0,3.85,28.9629,-0.57355332,0.0,0.0,28.38934668,realized_exit,504.70312188,779.12962494,zero_realized_entry_approximation
GRVT-USDT-SWAP,short,2026-08-06 08:25:34,2026-08-06 09:59:57,0.28989039,0.28422,285.0,285.0,1,0,94.383,16.16059999,-0.8181073,0.0,0.0,15.34249269,realized_exit,533.0796658,807.50616886,zero_realized_entry_approximation
CAP-USDT-SWAP,short,2026-08-06 10:00:11,2026-08-06 10:45:20,0.03329174,0.03172583,1513.0,756.0,1,0,45.15,118.38241299,-3.7177565,0.0,0.0,114.66465649,realized_exit,0.0,138.01748327,zero_realized_entry_approximation
BICO-USDT-SWAP,short,2026-08-06 14:47:06,2026-08-06 14:47:35,0.02816267,0.0279808,263357.0,151211.0,1,0,0.483,6.52829007,-5.82392162,0.0,0.0,0.70436845,realized_exit,-94.59941592,2173.9511792,zero_realized_entry_approximation
HOME-USDT-SWAP,short,2026-08-06 18:16:33,2026-08-06 18:20:24,0.01007517,0.009925,1121.0,1121.0,1,0,3.85,16.83379999,-0.78723165,0.0,0.0,16.04656834,realized_exit,0.0,0.0,zero_realized_entry_approximation
HOME-USDT-SWAP,short,2026-08-06 18:20:24,2026-08-06 18:27:34,0.01005968,0.009909,2608.0,2608.0,2,1,7.167,39.29769999,-1.38022709,0.0,0.0,37.9174729,realized_exit,16.04656834,16.04656834,zero_realized_entry_approximation
HOME-USDT-SWAP,short,2026-08-06 18:27:34,2026-08-06 18:27:57,0.00987319,0.009726,1140.0,1140.0,1,0,0.383,16.78009999,-0.78452485,0.0,0.0,15.99557514,realized_exit,15.18319469,15.18319469,zero_realized_entry_approximation
HOME-USDT-SWAP,short,2026-08-06 18:27:57,2026-08-06 19:03:03,0.0098607,0.009713,2661.0,2661.0,2,1,35.1,39.30259999,-1.38037681,0.0,0.0,37.92222318,realized_exit,69.95961638,69.95961638,zero_realized_entry_approximation
HOME-USDT-SWAP,short,2026-08-06 19:03:03,2026-08-06 20:09:00,0.01033242,0.010082,12802.0,7398.0,6,5,65.95,112.88889998,-6.17245465,-17.50966074,0.0,89.20678459,realized_exit,69.09616543,69.09616543,zero_realized_entry_approximation
HOME-USDT-SWAP,short,2026-08-06 20:09:00,2026-08-06 20:09:40,0.01009522,0.009944,1118.0,1118.0,1,0,0.667,16.90619999,-0.78667054,0.0,0.0,16.11952945,realized_exit,85.69145689,85.69145689,zero_realized_entry_approximation
HOME-USDT-SWAP,short,2026-08-06 20:09:40,2026-08-06 20:30:55,0.01011017,0.009959,2592.0,2592.0,2,1,21.25,39.1832,-1.37804065,0.0,0.0,37.80515935,realized_exit,196.52430145,196.52430145,zero_realized_entry_approximation
HOME-USDT-SWAP,short,2026-08-06 20:30:55,2026-08-06 20:34:03,0.00996249,0.009814,1130.0,1130.0,1,0,3.133,16.77909999,-0.78467695,0.0,0.0,15.99442304,realized_exit,212.34638751,212.34638751,zero_realized_entry_approximation
HOME-USDT-SWAP,short,2026-08-06 20:34:03,2026-08-06 21:01:32,0.00991773,0.009769,2636.0,2636.0,2,1,27.483,39.20479998,-1.37380476,0.0,0.0,37.83099522,realized_exit,250.4504324,250.4504324,zero_realized_entry_approximation
HOME-USDT-SWAP,short,2026-08-06 21:01:32,2026-08-06 21:01:52,0.00976575,0.00962,1153.0,1153.0,1,0,0.333,16.80529999,-0.78483285,0.0,0.0,16.02046714,realized_exit,266.14895291,266.14895291,zero_realized_entry_approximation
HOME-USDT-SWAP,short,2026-08-06 21:01:52,2026-08-06 21:36:55,0.00976769,0.00991524,2686.0,5404.0,2,1,35.05,297.81899933,-3.54246789,0.0,0.0,294.27653144,realized_exit,304.27573556,304.27573556,zero_realized_entry_approximation
BICO-USDT-SWAP,short,2026-08-06 21:38:21,2026-08-07 03:46:37,0.03664729,0.03903485,1127084.0,380000.0,5,4,368.267,-1113.27122923,-28.06890783,-69.0255144,0.0,-1210.36565146,realized_exit,-2.13061222,261.65401559,zero_realized_entry_approximation
HOME-USDT-SWAP,short,2026-08-06 21:41:11,2026-08-06 23:01:17,0.01023603,0.01006557,3144.0,5830.0,2,1,80.1,-26.41890035,-3.57775641,0.0,0.0,-29.99665676,realized_exit,615.13572979,615.13572979,zero_realized_entry_approximation
BICO-USDT-SWAP,short,2026-08-07 03:47:18,2026-08-07 03:53:54,0.03910321,0.03862921,356500.0,356500.0,1,0,6.6,168.98281863,-13.85580519,0.0,0.0,155.12701344,realized_exit,-3812.09995463,-3543.73694174,zero_realized_entry_approximation
BICO-USDT-SWAP,short,2026-08-07 03:57:35,2026-08-07 08:08:54,0.03980462,0.03862,179439.0,179439.0,4,3,251.317,212.56738993,-3.26231673,-0.80815594,0.0,208.49691726,realized_exit,-3656.97294119,-3388.6099283,zero_realized_entry_approximation
CAP-USDT-SWAP,short,2026-08-07 03:59:35,2026-08-07 04:59:27,0.03164603,0.03086,627.0,627.0,1,0,59.867,49.28399999,-1.3790874,-0.05739771,0.0,47.84751488,realized_exit,0.0,366.50425404,zero_realized_entry_approximation
ZBT-USDT-SWAP,short,2026-08-07 04:55:08,2026-08-07 05:26:47,0.18170739,0.17840896,104851.0,52425.0,3,2,31.65,172.92041588,-14.20264597,0.0,0.0,158.71776991,realized_exit,0.0,0.0,zero_realized_entry_approximation
CAP-USDT-SWAP,short,2026-08-07 04:59:27,2026-08-07 06:09:24,0.03082977,0.03006,643.0,643.0,1,0,69.95,49.49599998,-1.3777486,0.0,0.0,48.11825138,realized_exit,47.84751488,414.35176892,zero_realized_entry_approximation
CAP-USDT-SWAP,short,2026-08-07 06:09:24,2026-08-07 09:21:06,0.03086614,0.0301,2390.0,2390.0,3,2,191.7,183.108,-3.5100005,0.232098,0.0,179.8300975,realized_exit,95.96576626,462.4700203,zero_realized_entry_approximation
BICO-USDT-SWAP,short,2026-08-07 08:08:54,2026-08-07 08:11:03,0.03866552,0.03751,38565.0,38565.0,1,0,2.15,44.56253,-1.03488249,0.0,0.0,43.52764751,realized_exit,-3375.96174163,-3547.47436315,zero_realized_entry_approximation
BICO-USDT-SWAP,short,2026-08-07 08:11:03,2026-08-07 08:22:18,0.03780895,0.03668,86144.0,86144.0,2,1,11.25,97.25267997,-1.2833553,0.0,0.0,95.96932467,realized_exit,-3376.70730949,-3548.21993101,zero_realized_entry_approximation
BICO-USDT-SWAP,short,2026-08-07 08:22:18,2026-08-07 10:05:05,0.0386075,0.03745,295167.0,295167.0,6,5,102.783,341.65646993,-4.93775516,0.0,0.0,336.71871477,realized_exit,-3236.46476945,-3407.97739097,zero_realized_entry_approximation
CAP-USDT-SWAP,short,2026-08-07 09:21:06,2026-08-07 10:27:56,0.03002293,0.02928,659.0,659.0,1,0,66.833,48.95899998,-1.3751659,0.0,0.0,47.58383408,realized_exit,94.12664376,460.6308978,zero_realized_entry_approximation
ZBT-USDT-SWAP,short,2026-08-07 09:21:40,2026-08-07 10:05:17,0.20246908,0.18895834,48615.0,75780.0,1,0,43.617,207.51300896,-12.08114904,0.0,0.0,195.43185992,realized_exit,157.27317264,157.27317264,zero_realized_entry_approximation
BICO-USDT-SWAP,short,2026-08-07 10:05:05,2026-08-07 10:07:39,0.03742818,0.03631,39841.0,39841.0,1,0,2.567,44.54941998,-1.03491341,0.0,0.0,43.51450657,realized_exit,685.81737084,-3071.2586762,zero_realized_entry_approximation
BICO-USDT-SWAP,short,2026-08-07 10:07:39,2026-08-07 10:10:18,0.03632438,0.03524,41113.0,41113.0,1,0,2.65,44.58214,-1.03646657,0.0,0.0,43.54567343,realized_exit,685.07178277,-3072.00426427,zero_realized_entry_approximation
BICO-USDT-SWAP,short,2026-08-07 10:10:18,2026-08-07 10:51:46,0.03632017,0.03524,196570.0,196570.0,4,3,41.467,212.32942996,-3.26028361,0.0,0.0,209.06914635,realized_exit,728.58517526,-3028.49087178,zero_realized_entry_approximation
CAP-USDT-SWAP,short,2026-08-07 10:27:56,2026-08-07 14:19:57,0.03044439,0.03048606,3374.0,3374.0,4,3,232.017,-14.05800028,-7.792561,0.1006152,0.0,-21.74994608,realized_exit,324.42919855,692.40247188,zero_realized_entry_approximation
BICO-USDT-SWAP,short,2026-08-07 10:51:46,2026-08-07 10:52:00,0.03520227,0.03415,42277.0,42277.0,1,0,0.233,44.487,-1.03287519,0.0,0.0,43.45412481,realized_exit,771.00269258,-2986.07335446,zero_realized_entry_approximation
BICO-USDT-SWAP,short,2026-08-07 10:52:00,2026-08-07 10:52:03,0.0339,0.03289,43345.0,43345.0,1,0,0.05,43.77845,-0.57900251,0.0,0.0,43.19944749,realized_exit,981.20257391,-2775.87347313,zero_realized_entry_approximation
BICO-USDT-SWAP,short,2026-08-07 10:52:03,2026-08-07 16:23:21,0.03670059,0.04341156,693648.0,693648.0,10,9,331.3,-4655.05168233,-22.65074107,-58.32165935,0.0,-4736.02408275,realized_exit,1025.1069429,-2731.96910414,zero_realized_entry_approximation
BICO-USDT-SWAP,long,2026-08-07 16:29:09,2026-08-07 18:05:09,0.04526991,0.05154427,623791.0,380000.0,2,1,96.0,2384.25402353,-23.91289325,0.0,0.0,2360.34113028,realized_exit,-4438.82168732,-7332.7723647,zero_realized_entry_approximation
KGEN-USDT-SWAP,short,2026-08-07 19:47:10,2026-08-07 21:11:28,0.24259199,0.24202892,1611.0,1300.0,3,2,84.3,7.31990304,-3.5272665,0.198153,0.0,3.99078954,realized_exit,0.0,0.0,zero_realized_entry_approximation
BICO-USDT-SWAP,short,2026-08-07 22:01:49,2026-08-08 09:37:08,0.05258984,0.05453679,754774.0,380000.0,6,5,695.317,-739.84027358,-30.20871559,-161.26834988,0.0,-931.31733905,realized_exit,-773.71302957,-3425.61792743,zero_realized_entry_approximation
BICO-USDT-SWAP,short,2026-08-08 10:23:14,2026-08-08 11:04:54,0.0574233,0.0546724,1100191.0,275047.0,5,4,41.667,756.62739446,-39.10704027,0.0,0.0,717.52035419,realized_exit,-1521.11222227,-2164.27594111,zero_realized_entry_approximation
BICO-USDT-SWAP,short,2026-08-08 11:17:21,2026-08-08 15:06:04,0.05722381,0.05611715,1228819.0,380000.0,5,4,228.717,420.52939318,-45.82111185,0.0,0.0,374.70828133,realized_exit,858.99026902,-78.65737893,zero_realized_entry_approximation
BICO-USDT-SWAP,short,2026-08-08 16:22:07,2026-08-08 16:38:00,0.0553109,0.05690051,142600.0,142600.0,1,0,15.883,-226.67744131,-8.0006742,0.0,0.0,-234.67811551,realized_exit,2780.17831955,384.61621044,zero_realized_entry_approximation
BICO-USDT-SWAP,short,2026-08-08 16:48:07,2026-08-08 19:32:06,0.05849856,0.05872923,623875.0,340326.0,2,1,163.983,-78.50276241,-28.24144052,0.0,0.0,-106.74420293,realized_exit,2577.08850435,4834.16543305,zero_realized_entry_approximation
MMT-USDT-SWAP,long,2026-08-08 20:19:24,2026-08-08 22:39:52,0.23132663,0.21274427,4972.0,4972.0,1,0,140.467,-923.91500007,-11.0396025,0.0,0.0,-934.95460257,realized_exit,0.0,0.0,zero_realized_entry_approximation
BEAT-USDT-SWAP,short,2026-08-08 20:47:36,2026-08-08 20:54:04,2.5318952,2.494,62.5,62.5,1,0,6.467,23.6845,-1.10296725,0.0,0.0,22.58153275,realized_exit,0.0,0.0,zero_realized_entry_approximation
BEAT-USDT-SWAP,short,2026-08-08 20:54:04,2026-08-09 00:54:25,2.71316181,2.76614705,1075.0,579.6,7,6,240.35,-25.79090042,-19.1261146,-5.55308343,0.0,-50.47009845,realized_exit,-0.79121725,-0.79121725,zero_realized_entry_approximation
BICO-USDT-SWAP,short,2026-08-08 22:45:19,2026-08-08 22:49:33,0.05542059,0.05482,42277.0,42277.0,2,1,4.233,25.39116997,-1.31897437,0.0,0.0,24.0721956,realized_exit,-113.73621024,814.86410379,zero_realized_entry_approximation
BICO-USDT-SWAP,short,2026-08-08 22:49:33,2026-08-08 23:13:50,0.05597273,0.05536,104171.0,104171.0,5,4,24.283,63.82884,-2.70639628,0.0,0.0,61.12244372,realized_exit,-79.60226454,838.93629939,zero_realized_entry_approximation
BICO-USDT-SWAP,short,2026-08-08 23:13:50,2026-08-08 23:14:45,0.05531615,0.05471,23231.0,23231.0,1,0,0.917,14.08141,-0.89671834,0.0,0.0,13.18469166,realized_exit,-81.15527951,837.38328442,zero_realized_entry_approximation
BICO-USDT-SWAP,short,2026-08-08 23:14:45,2026-08-08 23:18:10,0.05469181,0.0541,23575.0,23575.0,1,0,3.417,13.95182,-0.89976119,0.0,0.0,13.05205881,realized_exit,-19.12234556,899.41621837,zero_realized_entry_approximation
BICO-USDT-SWAP,short,2026-08-08 23:18:10,2026-08-08 23:19:35,0.05409456,0.0535,23845.0,23845.0,1,0,1.417,14.17731,-0.90008397,0.0,0.0,13.27722603,realized_exit,-5.93980885,912.59875508,zero_realized_entry_approximation
BICO-USDT-SWAP,short,2026-08-08 23:19:35,2026-08-09 09:33:31,0.06130659,0.07003002,745766.0,280903.0,14,13,613.933,-3778.14444134,-29.21074174,-74.02575108,0.0,-3881.38093416,realized_exit,7.11198718,925.65055111,zero_realized_entry_approximation
BEAT-USDT-SWAP,short,2026-08-09 02:34:04,2026-08-09 09:33:22,2.86179763,3.05353647,547.9,1043.3,2,1,419.3,-3018.06470115,-22.96606272,-8.36585419,0.0,-3049.39661806,realized_exit,-27.8885657,-27.8885657,zero_realized_entry_approximation
BICO-USDT-SWAP,short,2026-08-09 11:02:07,2026-08-09 12:03:17,0.06929284,0.06811131,238833.0,238833.0,1,0,61.167,282.18929846,-16.40832307,0.0,0.0,265.78097539,realized_exit,-6325.53544008,-3766.49506913,zero_realized_entry_approximation
UB-USDT-SWAP,long,2026-08-09 12:04:35,2026-08-09 12:20:44,0.13995388,0.14073803,851.0,851.0,1,0,16.15,66.73099959,-11.9434405,0.0,0.0,54.78755909,realized_exit,0.0,0.0,zero_realized_entry_approximation
BEAT-USDT-SWAP,long,2026-08-09 13:59:28,2026-08-09 17:26:44,3.125903,3.20250219,720.0,720.0,3,2,207.267,551.51419789,-22.7822587,-0.28094378,0.0,528.45099541,realized_exit,-3042.37364391,-3077.28518376,zero_realized_entry_approximation
BICO-USDT-SWAP,short,2026-08-09 17:27:06,2026-08-09 17:28:16,0.05293024,0.05215803,199620.0,99810.0,1,0,1.167,77.07412973,-7.88591445,0.0,0.0,69.18821528,realized_exit,274.05568416,-6067.74084799,zero_realized_entry_approximation
MUBARAK-USDT-SWAP,short,2026-08-09 17:36:56,2026-08-09 17:48:31,0.019793,0.0189442,5468.0,2734.0,1,0,11.583,232.0624,-4.75423438,0.0,0.0,227.30816562,realized_exit,0.0,0.0,zero_realized_entry_approximation
ESP-USDT-SWAP,short,2026-08-09 21:11:40,2026-08-09 22:03:49,0.07093174,0.07212558,3654.0,1400.0,4,3,52.15,-167.13808867,-18.0080185,0.0,0.0,-185.14610717,realized_exit,0.0,0.0,zero_realized_entry_approximation
BICO-USDT-SWAP,short,2026-08-09 22:28:04,2026-08-09 22:29:43,0.04517268,0.04382935,118183.0,118183.0,1,0,1.65,158.75880905,-5.25926399,0.0,0.0,153.49954506,realized_exit,315.87909526,-5648.18729259,zero_realized_entry_approximation
SHELL-USDT-SWAP,short,2026-08-09 22:30:37,2026-08-09 23:05:43,0.02406907,0.02237251,12022.0,8000.0,2,1,35.1,135.72470253,-2.3416925,0.0,0.0,133.38301003,realized_exit,0.0,0.0,zero_realized_entry_approximation
MUBARAK-USDT-SWAP,short,2026-08-09 23:24:58,2026-08-10 00:20:44,0.02168837,0.02236241,5738.0,1434.0,3,2,55.767,-96.65644383,-7.8257782,-0.12968878,0.0,-104.61191081,realized_exit,301.94931662,301.94931662,zero_realized_entry_approximation
MUBARAK-USDT-SWAP,short,2026-08-10 00:46:09,2026-08-10 08:38:12,0.02412571,0.027586,9572.0,2900.0,5,4,472.05,-1133.2253069,-13.14655425,-8.24278964,0.0,-1154.61465079,realized_exit,-266.31740409,35.63191253,zero_realized_entry_approximation
BICO-USDT-SWAP,short,2026-08-10 09:24:05,2026-08-10 10:16:34,0.04653918,0.04404545,1043028.0,260757.0,4,3,52.483,650.25870154,-30.01341471,0.0,0.0,620.24528683,realized_exit,0.0,-5525.99569235,zero_realized_entry_approximation
MUBARAK-USDT-SWAP,short,2026-08-10 10:16:57,2026-08-10 13:22:15,0.02424576,0.0238732,10102.0,2900.0,4,3,185.3,108.04160017,-14.10077815,-2.18325225,0.0,91.75756977,realized_exit,-4589.13892829,-4572.37944971,zero_realized_entry_approximation
HOME-USDT-SWAP,short,2026-08-10 13:36:55,2026-08-10 14:07:35,0.00991649,0.00974471,9493.0,9493.0,1,0,30.667,163.06989961,-9.33219045,0.0,0.0,153.73770916,realized_exit,0.0,0.0,zero_realized_entry_approximation
CAP-USDT-SWAP,short,2026-08-10 14:52:06,2026-08-10 15:23:35,0.05144947,0.04823925,4941.0,2470.0,2,1,31.483,792.92552625,-18.668139,0.0,0.0,774.25738725,realized_exit,0.0,0.0,zero_realized_entry_approximation
CAP-USDT-SWAP,short,2026-08-10 15:53:37,2026-08-10 18:49:41,0.05042418,0.04509462,4018.0,2009.0,1,0,176.067,1070.7094998,-14.659973,-25.86267055,0.0,1030.18685625,realized_exit,819.21592307,819.21592307,zero_realized_entry_approximation
DOS-USDT-SWAP,long,2026-08-10 20:12:16,2026-08-10 20:43:46,0.38736499,0.3658871,5355.0,5355.0,2,1,31.5,-1150.14100014,-20.1683245,0.0,0.0,-1170.30932464,realized_exit,0.0,0.0,zero_realized_entry_approximation
DOS-USDT-SWAP,short,2026-08-10 20:44:04,2026-08-10 20:44:19,0.36509326,0.35094427,10016.0,10016.0,1,0,0.25,1417.16299855,-35.8591595,0.0,0.0,1381.30383905,realized_exit,-1170.30932464,-1170.30932464,zero_realized_entry_approximation
ROBO-USDT-SWAP,short,2026-08-10 22:29:24,2026-08-10 22:53:48,0.01623444,0.01527601,4967.0,2483.0,1,0,24.4,237.97827784,-5.9283395,0.0,0.0,232.04993834,realized_exit,0.0,0.0,zero_realized_entry_approximation
MUBARAK-USDT-SWAP,short,2026-08-10 23:21:48,2026-08-10 23:34:39,0.02163053,0.02147144,2797.0,2797.0,1,0,12.85,44.49689949,-6.02780945,0.0,0.0,38.46909004,realized_exit,0.0,-4557.29435196,zero_realized_entry_approximation
HOME-USDT-SWAP,short,2026-08-10 23:42:27,2026-08-10 23:46:30,0.01131173,0.01156066,11178.0,11178.0,1,0,4.05,-278.25000054,-12.7833753,0.0,0.0,-291.03337584,realized_exit,0.0,153.73770916,zero_realized_entry_approximation
HOME-USDT-SWAP,short,2026-08-11 00:04:37,2026-08-11 00:42:53,0.01171845,0.01187231,42440.0,16000.0,5,4,38.267,-246.18469523,-34.3643965,0.0,0.0,-280.54909173,realized_exit,-291.03337584,-137.29566668,zero_realized_entry_approximation
HOME-USDT-SWAP,short,2026-08-11 00:44:47,2026-08-11 00:51:50,0.01199297,0.011514,986.0,986.0,1,0,7.05,47.22689999,-0.81830973,0.0,0.0,46.40859026,realized_exit,-1040.87885111,-887.14114195,zero_realized_entry_approximation
ETH-USDT-SWAP,long,2026-08-11 00:48:24,2026-08-11 01:07:10,1871.81,1868.96,92.22,92.22,1,0,18.767,-26.2827,-17.24869047,0.0,0.0,-43.53139047,realized_exit,0.0,0.0,zero_realized_entry_approximation
HOME-USDT-SWAP,short,2026-08-11 00:51:50,2026-08-11 01:01:04,0.01170909,0.011241,2342.0,2342.0,2,1,9.233,109.62629999,-1.42793154,0.0,0.0,108.19836845,realized_exit,-1041.47010476,-887.7323956,zero_realized_entry_approximation
HOME-USDT-SWAP,short,2026-08-11 01:01:04,2026-08-11 01:07:50,0.01142143,0.010965,2399.0,2399.0,2,1,6.767,109.49769995,-1.42649138,0.0,0.0,108.07120857,realized_exit,-995.37166395,-841.63395479,zero_realized_entry_approximation
HOME-USDT-SWAP,short,2026-08-11 01:07:51,2026-08-11 01:30:05,0.01086766,0.010433,16066.0,2489.0,3,2,22.233,108.1187,-8.77953783,0.0,0.0,99.33916217,realized_exit,-778.20068383,-624.46297467,zero_realized_entry_approximation
HOME-USDT-SWAP,short,2026-08-11 01:30:05,2026-08-11 01:30:23,0.01045255,0.01058538,1123.0,13577.0,1,0,0.3,383.32639945,-7.77279435,0.0,0.0,375.5536051,realized_exit,-786.46086692,-632.72315776,zero_realized_entry_approximation
ETH-USDT-SWAP,long,2026-08-11 01:34:18,2026-08-11 10:20:47,1875.62,1876.85,432.0,432.0,1,0,526.483,53.136,-81.05335202,-7.51960677,0.0,-35.43695879,realized_exit,-43.53139047,-43.53139047,zero_realized_entry_approximation
MUBARAK-USDT-SWAP,short,2026-08-11 10:13:31,2026-08-11 10:20:46,0.01996397,0.02011373,2331.0,2331.0,1,0,7.25,-34.90960045,-4.6710553,0.0,0.0,-39.58065575,realized_exit,0.0,355.50350441,zero_realized_entry_approximation
GRVT-USDT-SWAP,short,2026-08-11 10:51:57,2026-08-11 12:06:16,0.33985199,0.34431066,6343.0,6343.0,2,1,74.317,-282.81330089,-21.69821835,0.62165037,0.0,-303.88986887,realized_exit,0.0,0.0,zero_realized_entry_approximation
BICO-USDT-SWAP,short,2026-08-11 12:52:18,2026-08-11 13:01:49,0.04934345,0.04677571,356500.0,178250.0,1,0,9.517,457.70075458,-12.96435559,0.0,0.0,444.73639899,realized_exit,0.0,0.0,zero_realized_entry_approximation
DOS-USDT-SWAP,short,2026-08-11 15:15:43,2026-08-11 15:25:45,0.51087985,0.50818822,3906.0,3906.0,1,0,10.033,105.13499958,-19.9023995,0.0,0.0,85.23260008,realized_exit,0.0,210.99451441,zero_realized_entry_approximation
DOS-USDT-SWAP,short,2026-08-11 15:38:32,2026-08-11 15:57:02,0.51290998,0.52096389,3916.0,3916.0,1,0,18.5,-315.39100051,-20.2432505,0.0,0.0,-335.63425101,realized_exit,85.23260008,296.22711449,zero_realized_entry_approximation
DOS-USDT-SWAP,long,2026-08-11 15:57:16,2026-08-11 16:18:34,0.52239296,0.52412923,3253.0,3253.0,1,0,21.3,56.48099948,-17.0216835,168.27769,0.0,207.73700598,realized_exit,-250.40165093,-39.40713652,zero_realized_entry_approximation
DOS-USDT-SWAP,short,2026-08-11 16:40:23,2026-08-11 16:44:00,0.5135,0.5033,232.0,232.0,1,0,3.617,23.664,-0.8291912,0.0,0.0,22.8348088,realized_exit,-42.66464495,168.32986946,zero_realized_entry_approximation
DOS-USDT-SWAP,short,2026-08-11 16:44:00,2026-08-11 18:48:24,0.51567891,0.5054,607.0,607.0,2,1,124.4,62.39299999,-1.5950826,-11.57090902,0.0,49.22700837,realized_exit,-43.26030495,167.73420946,zero_realized_entry_approximation
CAP-USDT-SWAP,short,2026-08-11 18:27:58,2026-08-11 18:43:18,0.05069928,0.05183303,2949.0,2949.0,1,0,15.333,-334.34500033,-15.1183895,0.0,0.0,-349.46338983,realized_exit,0.0,2435.19135203,zero_realized_entry_approximation
MMT-USDT-SWAP,short,2026-08-11 18:34:16,2026-08-11 19:13:38,0.22562739,0.22019328,10173.0,5086.0,2,1,39.367,276.37886282,-17.076052,0.0,0.0,259.30281082,realized_exit,0.0,0.0,zero_realized_entry_approximation
CAP-USDT-SWAP,short,2026-08-11 18:47:28,2026-08-11 18:54:29,0.05177963,0.05321456,3394.0,3394.0,1,0,7.017,-487.01200041,-17.817514,0.0,0.0,-504.82951441,realized_exit,-349.46338983,2085.7279622,zero_realized_entry_approximation
DOS-USDT-SWAP,short,2026-08-11 18:48:24,2026-08-11 18:48:34,0.5022661,0.4923,236.0,236.0,1,0,0.167,23.51999999,-0.8250396,0.0,0.0,22.69496039,realized_exit,-32.38227217,178.61224224,zero_realized_entry_approximation
DOS-USDT-SWAP,short,2026-08-11 18:48:41,2026-08-11 18:49:12,0.4888,0.4791,241.0,241.0,1,0,0.517,23.377,-0.4665278,0.0,0.0,22.9104722,realized_exit,52.09213261,263.08664702,zero_realized_entry_approximation
DOS-USDT-SWAP,short,2026-08-11 18:49:29,2026-08-11 18:50:16,0.479912,0.4704,650.0,650.0,2,1,0.783,61.828,-1.5874181,0.0,0.0,60.2405819,realized_exit,75.00260481,285.99711922,zero_realized_entry_approximation
DOS-USDT-SWAP,short,2026-08-11 18:50:17,2026-08-11 19:41:42,0.50123329,0.50470307,5978.0,4494.0,5,4,51.417,-41.50400094,-24.4822231,0.0,0.0,-65.98622404,realized_exit,135.24318671,346.23770112,zero_realized_entry_approximation
DOS-USDT-SWAP,short,2026-08-11 20:06:25,2026-08-11 20:26:12,0.4833,0.4737,245.0,245.0,1,0,19.783,23.52,-0.8241555,0.0,0.0,22.6958445,realized_exit,25.36588435,236.36039876,zero_realized_entry_approximation
CAP-USDT-SWAP,short,2026-08-11 20:09:58,2026-08-11 20:45:40,0.04896649,0.05113109,2985.0,2985.0,1,0,35.7,-646.13400058,-14.939563,0.0,0.0,-661.07356358,realized_exit,-854.29290424,516.60212262,zero_realized_entry_approximation
DOS-USDT-SWAP,short,2026-08-11 20:26:12,2026-08-11 20:39:32,0.4751008,0.4656,251.0,251.0,1,0,13.333,23.84699999,-0.8299827,0.0,0.0,23.01701729,realized_exit,169.10422019,384.2477811,zero_realized_entry_approximation
DOS-USDT-SWAP,short,2026-08-11 20:39:33,2026-08-11 20:54:40,0.47234479,0.467,7015.0,658.0,3,2,15.117,62.078,-16.5981239,0.0,0.0,45.4798761,realized_exit,215.40912448,430.55268539,zero_realized_entry_approximation
DOS-USDT-SWAP,short,2026-08-11 20:54:40,2026-08-11 20:58:07,0.46749922,0.46545649,255.0,6357.0,1,0,3.45,410.97999906,-15.390596,0.0,0.0,395.58940306,realized_exit,199.42557258,199.42557258,zero_realized_entry_approximation
DOS-USDT-SWAP,short,2026-08-11 20:59:21,2026-08-11 20:59:38,0.45781385,0.45917038,260.0,260.0,1,0,0.283,-3.52700008,-1.1920795,0.0,0.0,-4.71907958,realized_exit,656.47840364,656.47840364,zero_realized_entry_approximation
UB-USDT-SWAP,short,2026-08-11 21:08:29,2026-08-11 23:24:05,0.14725757,0.1464536,1500.0,1000.0,2,1,135.6,80.39666643,-18.3669975,0.0,0.0,62.02966893,realized_exit,0.0,0.0,zero_realized_entry_approximation
CAP-USDT-SWAP,short,2026-08-11 23:44:29,2026-08-12 00:17:30,0.05049298,0.05304671,7332.0,7300.0,2,1,33.017,-1864.21755043,-37.872776,-8.29264432,0.0,-1910.38297075,realized_exit,-1515.36646782,-1515.36646782,zero_realized_entry_approximation
CAP-USDT-SWAP,short,2026-08-12 00:18:18,2026-08-12 01:11:12,0.05218875,0.05239972,7160.0,7160.0,1,0,52.9,-151.057,-37.4426735,0.0,0.0,-188.4996735,realized_exit,-3434.60906521,-3434.60906521,zero_realized_entry_approximation
CAP-USDT-SWAP,long,2026-08-12 01:17:48,2026-08-12 01:21:42,0.0521831,0.05130614,10537.0,7300.0,2,1,3.9,-640.1802895,-46.2194055,0.0,0.0,-686.399695,realized_exit,-2768.81583447,-3623.10873871,zero_realized_entry_approximation
CAP-USDT-SWAP,short,2026-08-12 01:21:46,2026-08-12 01:25:01,0.05101431,0.05166777,13576.0,7300.0,3,2,3.25,-477.02530129,-53.48725,0.0,0.0,-530.51255129,realized_exit,-3757.11227656,-4611.4051808,zero_realized_entry_approximation
ETH-USDT-SWAP,long,2026-08-12 01:25:17,2026-08-12 13:19:57,1865.5,1889.55,1006.69,1006.69,1,0,714.667,2421.08945,-189.00856426,-12.32135838,0.0,2219.75952736,realized_exit,0.0,-35.43695879,zero_realized_entry_approximation
APR-USDT-SWAP,short,2026-08-12 13:38:14,2026-08-12 15:57:54,0.28788716,0.32665533,5857.0,1464.0,9,8,139.667,-567.56596821,-8.5182015,0.0,0.0,-576.08416971,realized_exit,0.0,0.0,zero_realized_entry_approximation
CAP-USDT-SWAP,short,2026-08-12 14:24:57,2026-08-12 16:27:30,0.05503976,0.05593411,5995.0,5995.0,2,1,122.55,-536.16700099,-28.0230107,-3.47112366,0.0,-567.66113535,realized_exit,0.0,-5662.59693311,zero_realized_entry_approximation
APR-USDT-SWAP,short,2026-08-12 16:07:54,2026-08-12 18:58:08,0.34819351,0.365497,6291.0,1500.0,6,5,170.233,-340.4670166,-12.2412945,0.0,0.0,-352.7083111,realized_exit,-2050.24766891,-2050.24766891,zero_realized_entry_approximation
AEON-USDT-SWAP,long,2026-08-12 18:59:57,2026-08-12 20:56:16,0.06077495,0.06066583,44034.0,44034.0,2,1,116.317,-48.04840127,-26.7376179,-1.37187927,0.0,-76.15789844,realized_exit,0.0,0.0,zero_realized_entry_approximation
AEON-USDT-SWAP,long,2026-08-12 20:58:58,2026-08-12 21:25:37,0.06055045,0.05897804,86937.0,86937.0,3,2,26.65,-1367.00560188,-51.9572449,0.0,0.0,-1418.96284678,realized_exit,-76.15789844,-76.15789844,zero_realized_entry_approximation
APR-USDT-SWAP,short,2026-08-12 22:02:58,2026-08-12 22:16:14,0.418,0.40838204,3341.0,835.0,1,0,13.267,80.31,-4.498071,0.0,0.0,75.811929,realized_exit,-1610.9298106,-3661.17747951,zero_realized_entry_approximation
APR-USDT-SWAP,short,2026-08-12 23:33:26,2026-08-12 23:39:53,0.44,0.42696705,3130.0,792.0,1,0,6.45,101.02238795,-4.4451895,0.0,0.0,96.57719845,realized_exit,-1250.3447461,-3304.63662051,zero_realized_entry_approximation
APR-USDT-SWAP,short,2026-08-13 05:08:28,2026-08-13 08:52:08,0.50363745,0.4908752,4553.0,1500.0,2,1,223.667,187.44951159,-9.90018345,0.94605315,0.0,178.49538129,realized_exit,449.45161113,-2908.75640788,zero_realized_entry_approximation
APR-USDT-SWAP,short,2026-08-13 14:37:51,2026-08-13 14:42:58,0.4732813,0.45494107,845.0,845.0,1,0,5.117,154.97499977,-3.52956555,0.0,0.0,151.44543422,realized_exit,641.23841271,-2267.87566552,zero_realized_entry_approximation
ACU-USDT-SWAP,short,2026-08-13 16:02:48,2026-08-13 16:04:29,0.12946774,0.1302423,3156.0,3156.0,1,0,1.683,-24.44520051,-3.68840224,0.0,0.0,-28.13360275,realized_exit,0.0,0.0,zero_realized_entry_approximation
GPS-USDT-SWAP,long,2026-08-13 21:09:42,2026-08-13 22:41:23,0.01144991,0.01108083,70945.0,20000.0,1,0,91.683,-73.81601151,-2.42104401,0.0,0.0,-76.23705552,realized_exit,0.0,0.0,zero_realized_entry_approximation
ACU-USDT-SWAP,short,2026-08-13 22:39:47,2026-08-13 22:46:27,0.12941378,0.1301117,3139.0,3139.0,1,0,6.667,-21.90790012,-3.66592723,0.0,0.0,-25.57382735,realized_exit,0.0,-28.13360275,zero_realized_entry_approximation
AVNT-USDT-SWAP,short,2026-08-13 23:30:25,2026-08-13 23:39:26,0.11171953,0.10799932,141495.0,70747.0,3,2,9.017,263.19302504,-10.55177222,0.0,0.0,252.64125282,realized_exit,0.0,0.0,zero_realized_entry_approximation
APR-USDT-SWAP,short,2026-08-14 10:23:07,2026-08-14 11:36:17,0.45891939,0.50194815,918.0,918.0,1,0,73.167,-395.0040001,-3.9693438,0.0,0.0,-398.9733439,realized_exit,0.0,151.44543422,zero_realized_entry_approximation
EDEN-USDT-SWAP,short,2026-08-14 10:39:58,2026-08-14 13:19:52,0.07661973,0.06597407,58407.0,29203.0,1,0,159.9,310.88521,-2.88079608,-2.38323095,0.0,305.62118297,realized_exit,0.0,0.0,zero_realized_entry_approximation
APR-USDT-SWAP,short,2026-08-14 11:40:54,2026-08-14 13:19:22,0.5209,0.43461248,1618.0,809.0,1,0,98.467,698.066,-2.93071267,0.41259,0.0,695.54787733,realized_exit,-398.9733439,-247.52790968,zero_realized_entry_approximation
CAP-USDT-SWAP,long,2026-08-14 19:38:19,2026-08-14 19:46:25,0.06637,0.06669,12.0,12.0,1,0,8.1,0.384,-0.0718524,0.0,0.0,0.3121476,realized_exit,0.0,0.0,zero_realized_entry_approximation
CAP-USDT-SWAP,short,2026-08-14 19:46:33,2026-08-14 20:40:49,0.06677806,0.06801388,1188.0,1188.0,1,0,54.267,-146.81500027,-7.20597735,-6.74110617,0.0,-160.76208379,realized_exit,0.3121476,0.3121476,zero_realized_entry_approximation
AEON-USDT-SWAP,long,2026-08-14 20:41:23,2026-08-14 21:49:58,0.06530298,0.06545963,14877.0,14877.0,2,1,68.583,23.30529932,-8.75409911,0.0,0.0,14.55120021,realized_exit,0.0,0.0,zero_realized_entry_approximation
APR-USDT-SWAP,short,2026-08-14 22:57:56,2026-08-15 08:33:08,0.53572938,0.5305608,2539.0,1500.0,4,3,575.2,77.52872427,-9.70226145,1.82234985,0.0,69.64881267,realized_exit,0.0,891.86981233,zero_realized_entry_approximation
H-USDT-SWAP,short,2026-08-15 06:38:59,2026-08-15 08:47:15,0.11760159,0.11715016,704.2,704.2,2,1,128.267,31.78929989,-7.43904853,1.48055472,0.0,25.83080608,realized_exit,0.0,0.0,zero_realized_entry_approximation
BICO-USDT-SWAP,long,2026-08-15 09:04:04,2026-08-15 09:04:42,0.02692598,0.02782584,356500.0,356500.0,1,0,0.633,320.80168946,-8.78356077,0.0,0.0,312.01812869,realized_exit,0.0,0.0,zero_realized_entry_approximation
ROBO-USDT-SWAP,long,2026-08-15 09:41:11,2026-08-15 10:09:25,0.01810864,0.01902139,2695.0,1347.0,1,0,28.233,122.94743185,-3.34910655,0.0,0.0,119.5983253,realized_exit,0.0,0.0,zero_realized_entry_approximation
CAP-USDT-SWAP,short,2026-08-15 10:30:11,2026-08-15 11:18:37,0.06803457,0.06948367,1113.0,1113.0,1,0,48.433,-161.28400016,-6.887601,0.0,0.0,-168.17160116,realized_exit,0.0,-160.44993619,zero_realized_entry_approximation
AEON-USDT-SWAP,long,2026-08-15 12:29:09,2026-08-15 13:14:01,0.06484484,0.06581268,9647.0,9647.0,1,0,44.867,93.36719986,-5.6720391,0.0,0.0,87.69516076,realized_exit,0.0,14.55120021,zero_realized_entry_approximation
ROBO-USDT-SWAP,short,2026-08-15 12:29:39,2026-08-15 13:24:13,0.02023625,0.01969893,12747.0,6373.0,5,4,54.567,342.43168739,-17.25717195,0.0,0.0,325.17451544,realized_exit,147.13453189,147.13453189,zero_realized_entry_approximation
CAP-USDT-SWAP,short,2026-08-15 13:31:34,2026-08-15 17:09:09,0.06643412,0.06461343,204.0,204.0,1,0,217.583,37.14199993,-1.2030165,-8.4089165,0.0,27.53006693,realized_exit,-168.17160116,-328.62153735,zero_realized_entry_approximation
H-USDT-SWAP,short,2026-08-15 15:33:09,2026-08-15 15:41:03,0.1173967,0.12000339,568.7,568.7,1,0,7.9,-148.24250106,-6.07542471,0.0,0.0,-154.31792577,realized_exit,0.0,25.83080608,zero_realized_entry_approximation
CAP-USDT-SWAP,short,2026-08-15 17:36:33,2026-08-15 21:29:43,0.06550259,0.06535695,3154.0,1577.0,3,2,233.167,22.96799971,-13.93483905,-76.29360282,0.0,-67.26044216,realized_exit,27.53006693,-301.09147042,zero_realized_entry_approximation
H-USDT-SWAP,short,2026-08-15 22:16:46,2026-08-15 22:18:02,0.14700094,0.14806765,381.7,381.7,1,0,1.267,-40.71660034,-5.06824576,0.0,0.0,-45.7848461,realized_exit,0.0,-128.48711969,zero_realized_entry_approximation
CAP-USDT-SWAP,short,2026-08-15 22:51:09,2026-08-16 08:09:58,0.0677821,0.06209095,1086.0,1086.0,2,1,558.817,618.05899973,-4.21216641,-29.56660617,0.0,584.28022715,realized_exit,89.78730565,-87.40307721,zero_realized_entry_approximation
H-USDT-SWAP,short,2026-08-15 23:46:13,2026-08-15 23:51:12,0.13971554,0.13780141,826.7,826.7,1,0,4.983,158.24179916,-10.32404733,0.0,0.0,147.91775183,realized_exit,-45.7848461,-174.27196579,zero_realized_entry_approximation
H-USDT-SWAP,short,2026-08-16 03:39:57,2026-08-16 09:02:02,0.15359516,0.15207436,2317.9,579.4,4,3,322.083,88.11478592,-16.7432058,1.76024524,0.0,73.13182536,realized_exit,102.13290573,-26.35421396,zero_realized_entry_approximation
CAP-USDT-SWAP,short,2026-08-16 09:56:27,2026-08-16 10:20:01,0.06523646,0.06515262,1008.0,504.0,2,1,23.567,4.22549994,-2.96109315,0.0,0.0,1.26440679,realized_exit,587.52562133,496.87714994,zero_realized_entry_approximation
CAP-USDT-SWAP,short,2026-08-16 11:02:55,2026-08-16 11:56:45,0.0675,0.06603502,858.0,295.0,1,0,53.833,34.66660936,-1.80325485,0.0,0.0,32.86335451,realized_exit,604.57418681,505.56382605,zero_realized_entry_approximation
H-USDT-SWAP,short,2026-08-16 12:45:23,2026-08-16 12:45:44,0.15664607,0.15392475,452.3,452.3,1,0,0.35,123.08519913,-6.32120351,0.0,0.0,116.76399562,realized_exit,183.92924633,130.69516021,zero_realized_entry_approximation
H-USDT-SWAP,short,2026-08-16 13:16:08,2026-08-16 16:30:02,0.16507737,0.16533602,1825.9,910.0,4,3,193.9,-23.5378241,-20.33417486,5.81479072,0.0,-38.05720824,realized_exit,300.69324195,247.45915583,zero_realized_entry_approximation
H-USDT-SWAP,short,2026-08-16 16:30:37,2026-08-16 16:49:45,0.16713186,0.16399668,1551.7,775.8,3,2,19.133,243.22689012,-17.39552163,0.0,0.0,225.83136849,realized_exit,21.27549036,306.28857634,zero_realized_entry_approximation
AEON-USDT-SWAP,long,2026-08-16 18:44:48,2026-08-16 22:31:20,0.07604742,0.07199704,14227.0,14227.0,2,1,226.533,-576.24780047,-9.47802893,1.65987135,0.0,-584.06595805,realized_exit,0.0,0.0,zero_realized_entry_approximation
H-USDT-SWAP,short,2026-08-16 19:46:15,2026-08-16 20:35:48,0.15870142,0.15432894,985.0,492.5,2,1,49.55,215.34479956,-10.45475575,0.78696575,0.0,205.67700956,realized_exit,204.08400148,601.45457215,zero_realized_entry_approximation
CAP-USDT-SWAP,short,2026-08-16 21:02:41,2026-08-16 21:24:20,0.06886,0.06882276,1109.0,554.0,1,0,21.65,2.063,-2.93760329,0.0,0.0,-0.87460329,realized_exit,0.0,793.74461816,zero_realized_entry_approximation
CAP-USDT-SWAP,short,2026-08-16 22:22:10,2026-08-16 22:31:22,0.06820606,0.06869052,1172.0,1727.0,1,0,9.2,-47.37300037,-8.93547135,0.0,0.0,-56.30847172,realized_exit,-0.87460329,654.04117193,zero_realized_entry_approximation
CAP-USDT-SWAP,short,2026-08-16 22:34:01,2026-08-16 23:22:27,0.06853704,0.06835925,159.0,159.0,1,0,48.433,2.82699996,-0.97949295,0.0,0.0,1.84750701,realized_exit,-57.18307501,597.73270021,zero_realized_entry_approximation
AEON-USDT-SWAP,long,2026-08-16 22:53:10,2026-08-17 10:51:22,0.07121506,0.07634696,5764.0,5764.0,2,1,718.2,295.80289971,-3.82746362,-0.58971622,0.0,291.38571987,realized_exit,-584.06595805,-584.06595805,zero_realized_entry_approximation
GPS-USDT-SWAP,short,2026-08-17 12:36:05,2026-08-17 12:58:24,0.015,0.01435,101250.0,20000.0,1,0,22.317,129.99914,-3.72150043,0.0,0.0,126.27763957,realized_exit,0.0,0.0,zero_realized_entry_approximation
GPS-USDT-SWAP,short,2026-08-17 13:13:56,2026-08-17 13:48:11,0.01519091,0.0145069,21514.0,10757.0,2,1,34.25,73.57904991,-2.17290563,0.0,0.0,71.40614428,realized_exit,623.23519154,623.23519154,zero_realized_entry_approximation
GPS-USDT-SWAP,short,2026-08-17 20:40:48,2026-08-17 20:43:43,0.01670287,0.01605416,18565.0,18565.0,1,0,2.917,120.43399996,-2.73660423,0.0,0.0,117.69739573,realized_exit,0.6703601,728.47366544,zero_realized_entry_approximation
GPS-USDT-SWAP,short,2026-08-17 21:16:09,2026-08-17 21:27:16,0.014552,0.01444825,101250.0,20000.0,1,0,11.117,20.75077,-3.65776623,0.0,0.0,17.09300377,realized_exit,118.36775583,846.17106117,zero_realized_entry_approximation
CAP-USDT-SWAP,short,2026-08-17 21:56:16,2026-08-17 22:07:32,0.06625,0.06521665,899.0,899.0,1,0,11.267,92.898,-3.6316259,0.0,0.0,89.2663741,realized_exit,0.0,-54.46096471,zero_realized_entry_approximation
GPS-USDT-SWAP,short,2026-08-17 21:59:01,2026-08-17 22:06:56,0.0161,0.01495201,41658.0,10414.0,1,0,7.917,119.55148,-1.77380622,0.0,0.0,117.77767378,realized_exit,198.27606335,926.74972879,zero_realized_entry_approximation
GPS-USDT-SWAP,short,2026-08-17 22:49:34,2026-08-18 00:06:10,0.01574696,0.01554026,107741.0,20000.0,3,2,76.6,41.34130584,-7.0117446,-14.85624922,0.0,19.47331202,realized_exit,638.5373398,1367.01100524,zero_realized_entry_approximation
GPS-USDT-SWAP,short,2026-08-18 00:27:43,2026-08-18 02:43:36,0.01656,0.01647612,37584.0,20000.0,1,0,135.883,16.77521,-2.56065384,0.0,0.0,14.21455616,realized_exit,812.62591176,1541.0995772,zero_realized_entry_approximation
CAP-USDT-SWAP,short,2026-08-18 02:42:32,2026-08-18 02:43:18,0.07266673,0.07147416,1443.0,1443.0,1,0,0.767,172.08799981,-9.3597885,0.0,0.0,162.72821131,realized_exit,89.2663741,89.2663741,zero_realized_entry_approximation
GPS-USDT-SWAP,short,2026-08-18 02:49:42,2026-08-18 09:38:05,0.01679665,0.015853,107597.0,17113.0,4,3,408.383,142.72675,-5.79525209,-0.5757538,0.0,136.35574411,realized_exit,720.4849734,1566.65603457,zero_realized_entry_approximation
GPS-USDT-SWAP,short,2026-08-18 09:38:05,2026-08-18 09:38:41,0.01585708,0.01609703,5481.0,10858.0,1,0,0.6,78.21667356,-1.17762383,0.0,0.0,77.03904973,realized_exit,-5.54347292,1560.7190965,zero_realized_entry_approximation
GPS-USDT-SWAP,short,2026-08-18 09:42:01,2026-08-18 10:30:03,0.01725446,0.01625,45610.0,51091.0,7,6,48.033,436.59690995,-2.58752722,0.0,0.0,434.00938273,realized_exit,759.40859815,2325.67116757,zero_realized_entry_approximation
GPS-USDT-SWAP,short,2026-08-18 10:30:03,2026-08-18 16:27:16,0.01696724,0.01703777,29680.0,29680.0,5,4,357.217,-20.93366024,-3.33357201,-6.67905972,0.0,-30.94629197,realized_exit,758.32973513,2324.41200635,zero_realized_entry_approximation
EDEN-USDT-SWAP,short,2026-08-18 15:56:54,2026-08-18 16:01:51,0.05680024,0.05607349,112819.0,79000.0,1,0,4.95,57.41291898,-3.26870297,-12.97248207,0.0,41.17173394,realized_exit,0.0,0.0,zero_realized_entry_approximation
GPS-USDT-SWAP,short,2026-08-18 20:12:43,2026-08-18 22:35:34,0.018,0.01774104,63492.0,20000.0,1,0,142.85,51.79253,-3.42526306,0.0,0.0,48.36726694,realized_exit,-27.00286707,2000.26059289,zero_realized_entry_approximation
ZRO-USDT-SWAP,short,2026-08-19 18:53:29,2026-08-19 19:54:41,0.84907587,0.83652535,10574.0,5287.0,1,0,61.2,66.35459992,-6.03037705,0.0,0.0,60.32422287,realized_exit,0.0,0.0,zero_realized_entry_approximation
CAP-USDT-SWAP,short,2026-08-19 19:01:06,2026-08-19 21:28:56,0.07095283,0.07188583,1651.0,1651.0,2,1,147.833,-154.03700034,-10.61219835,-1.65862021,0.0,-166.3078189,realized_exit,0.0,0.0,zero_realized_entry_approximation
SNDK-USDT-SWAP,short,2026-08-19 21:35:22,2026-08-19 21:36:15,1659.68409674,1640.37584403,4.052,4.052,1,0,0.883,78.23703999,-6.01732929,0.0,0.0,72.2197107,realized_exit,0.0,0.0,zero_realized_entry_approximation
CAP-USDT-SWAP,short,2026-08-19 23:07:32,2026-08-19 23:41:58,0.07398136,0.07340424,1736.0,868.0,2,1,34.433,50.09399978,-8.6465934,0.0,0.0,41.44740638,realized_exit,-166.3078189,-166.3078189,zero_realized_entry_approximation
MUBARAK-USDT-SWAP,short,2026-08-19 23:42:57,2026-08-20 01:03:07,0.02364293,0.02350434,11287.0,2900.0,3,2,80.167,40.19011946,-12.90546797,0.8242913,0.0,28.10894279,realized_exit,0.0,0.0,zero_realized_entry_approximation
RE-USDT-SWAP,short,2026-08-20 03:23:05,2026-08-20 03:34:12,0.545,0.52841967,1825.0,912.0,1,0,11.117,151.2126,-3.7600344,0.0,0.0,147.4525656,realized_exit,0.0,0.0,zero_realized_entry_approximation
CAP-USDT-SWAP,short,2026-08-20 09:37:38,2026-08-20 09:48:21,0.0705,0.07091,560.0,560.0,1,0,10.717,-22.96,-2.418612,0.0,0.0,-25.378612,realized_exit,0.0,-34.64924798,zero_realized_entry_approximation
BOME-USDT-SWAP,short,2026-08-20 16:05:29,2026-08-20 19:37:09,0.00118272,0.00128971,53448.0,13362.0,5,4,211.667,-1429.59812551,-36.20111074,0.0,0.0,-1465.79923625,realized_exit,0.0,0.0,zero_realized_entry_approximation
BOME-USDT-SWAP,short,2026-08-20 21:32:10,2026-08-20 22:03:34,0.00124963,0.00124559,10128.0,25000.0,1,0,31.4,-1010.28261547,-19.70817302,0.0,0.0,-1029.99078849,realized_exit,-3674.06450076,-3674.06450076,zero_realized_entry_approximation
LIT-USDT-SWAP,short,2026-08-20 22:57:43,2026-08-20 23:19:48,2.70037679,2.73405279,6863.0,6863.0,1,0,22.083,-231.1184004,-16.78342075,0.0,0.0,-247.90182115,realized_exit,0.0,0.0,zero_realized_entry_approximation
LIT-USDT-SWAP,long,2026-08-20 23:42:54,2026-08-20 23:47:00,2.76534564,2.77977075,23924.0,23924.0,1,0,4.1,345.10639881,-59.69761451,0.0,0.0,285.4087843,realized_exit,-247.90182115,-247.90182115,zero_realized_entry_approximation
PUMP-USDT-SWAP,short,2026-08-21 13:45:42,2026-08-21 14:16:21,0.0039,0.00387482,5218.0,5218.0,1,0,30.65,131.368,-12.3545064,0.0,0.0,119.0134936,realized_exit,0.0,0.0,zero_realized_entry_approximation
PEPE-USDT-SWAP,long,2026-08-21 14:19:16,2026-08-21 17:02:18,3.43e-06,3.48e-06,1971.3,1971.3,2,1,163.033,889.38295276,-61.31869605,-6.7970424,0.0,821.26721431,realized_exit,0.0,0.0,zero_realized_entry_approximation
BOME-USDT-SWAP,short,2026-08-21 17:03:09,2026-08-21 17:33:46,0.00137056,0.0012856,5289.0,5289.0,1,0,30.617,449.32109987,-6.32180254,0.0,0.0,442.99929733,realized_exit,0.0,-4904.46773074,zero_realized_entry_approximation
TURBO-USDT-SWAP,long,2026-08-21 18:00:54,2026-08-21 20:33:52,0.00107412,0.0010121,2770.3,750.0,5,4,152.967,-465.15974412,-16.80620372,-1.43335322,0.0,-483.39930106,realized_exit,0.0,0.0,zero_realized_entry_approximation
ZORA-USDT-SWAP,short,2026-08-21 20:34:48,2026-08-21 23:26:40,0.00706333,0.00683709,558082.0,81000.0,9,8,171.867,183.25734368,-20.23074799,0.0,0.0,163.02659569,realized_exit,0.0,0.0,zero_realized_entry_approximation
BEAT-USDT-SWAP,short,2026-08-21 23:56:38,2026-08-22 01:01:50,0.18809044,0.17359685,2076.3,2076.3,2,1,65.2,300.93029977,-3.3793711,7.093e-05,0.0,297.5509996,realized_exit,0.0,0.0,zero_realized_entry_approximation
ENA-USDT-SWAP,short,2026-08-22 00:04:14,2026-08-22 00:07:21,0.15066122,0.14953627,3508.0,3508.0,1,0,3.117,39.46319973,-4.73891776,0.0,0.0,34.72428197,realized_exit,0.0,0.0,zero_realized_entry_approximation
BCH-USDT-SWAP,short,2026-08-22 01:10:01,2026-08-22 02:26:39,296.22471688,294.88303074,556.3,556.3,2,1,76.633,74.63799987,-14.7974958,0.0,0.0,59.84050407,realized_exit,0.0,0.0,zero_realized_entry_approximation
PEPE-USDT-SWAP,short,2026-08-22 07:56:26,2026-08-22 08:43:08,4.14e-06,4.08e-06,437.1,437.1,1,0,46.7,257.38300172,-16.16129235,1.90217835,0.0,243.12388772,realized_exit,0.0,821.26721431,zero_realized_entry_approximation
PEPE-USDT-SWAP,long,2026-08-22 13:36:10,2026-08-22 15:47:38,4.06e-06,4.16e-06,672.6,672.6,2,1,131.467,688.88698936,-24.88682385,0.0,0.0,664.00016551,realized_exit,243.12388772,1064.39110203,zero_realized_entry_approximation
MOVE-USDT-SWAP,long,2026-08-22 16:10:19,2026-08-22 17:24:27,0.00902324,0.0090767,119008.0,77000.0,2,1,74.133,41.16632204,-7.97734455,0.0,0.0,33.18897749,realized_exit,0.0,0.0,zero_realized_entry_approximation
ETH-USDT-SWAP,long,2026-08-22 17:57:11,2026-08-22 20:38:26,2405.00352653,2428.5,234.65,234.65,3,2,161.25,551.34474994,-40.75586905,0.0,0.0,510.58888089,realized_exit,0.0,0.0,zero_realized_entry_approximation
