timestamp,symbol,net_pnl,cumulative_net_pnl,drawdown,policy
2026-07-22 02:58:19,ONE-USDT-SWAP,11.72250379,11.72250379,0.0,any_no_recent_24h_loss
2026-07-22 03:01:26,ONE-USDT-SWAP,0.51123823,12.23374202,0.0,any_no_recent_24h_loss
2026-07-22 03:35:40,ONE-USDT-SWAP,0.51130656,12.74504858,0.0,any_no_recent_24h_loss
2026-07-22 03:44:08,ONE-USDT-SWAP,0.51599029,13.26103887,0.0,any_no_recent_24h_loss
2026-07-22 03:45:32,ONE-USDT-SWAP,0.5193719,13.78041077,0.0,any_no_recent_24h_loss
2026-07-22 04:02:44,ONE-USDT-SWAP,0.37334319,14.15375396,0.0,any_no_recent_24h_loss
2026-07-22 04:07:31,ONE-USDT-SWAP,0.5368671,14.69062106,0.0,any_no_recent_24h_loss
2026-07-22 04:08:27,ONE-USDT-SWAP,0.50394561,15.19456667,0.0,any_no_recent_24h_loss
2026-07-22 04:28:21,ONE-USDT-SWAP,1.38026943,16.5748361,0.0,any_no_recent_24h_loss
2026-07-22 04:32:56,ONE-USDT-SWAP,0.5054049,17.080241,0.0,any_no_recent_24h_loss
2026-07-22 04:32:56,ONE-USDT-SWAP,0.50973279,17.58997379,0.0,any_no_recent_24h_loss
2026-07-22 04:36:49,ONE-USDT-SWAP,0.52739028,18.11736407,0.0,any_no_recent_24h_loss
2026-07-22 06:07:30,ONE-USDT-SWAP,2.36459787,20.48196194,0.0,any_no_recent_24h_loss
2026-07-22 06:28:26,ONE-USDT-SWAP,0.51517102,20.99713296,0.0,any_no_recent_24h_loss
2026-07-22 06:32:22,ONE-USDT-SWAP,0.5194,21.51653296,0.0,any_no_recent_24h_loss
2026-07-22 06:32:29,ONE-USDT-SWAP,0.52498992,22.04152288,0.0,any_no_recent_24h_loss
2026-07-22 06:33:13,ONE-USDT-SWAP,0.52912932,22.5706522,0.0,any_no_recent_24h_loss
2026-07-22 06:33:38,ONE-USDT-SWAP,0.53636632,23.10701852,0.0,any_no_recent_24h_loss
2026-07-22 07:09:08,ONE-USDT-SWAP,0.50154675,23.60856527,0.0,any_no_recent_24h_loss
2026-07-22 08:22:39,ONE-USDT-SWAP,1.32646016,24.93502543,0.0,any_no_recent_24h_loss
2026-07-22 08:23:04,ONE-USDT-SWAP,0.50794452,25.44296995,0.0,any_no_recent_24h_loss
2026-07-22 08:56:37,ONE-USDT-SWAP,0.51194225,25.9549122,0.0,any_no_recent_24h_loss
2026-07-22 09:05:06,ONE-USDT-SWAP,0.5183564,26.4732686,0.0,any_no_recent_24h_loss
2026-07-22 09:05:10,ONE-USDT-SWAP,0.52236687,26.99563547,0.0,any_no_recent_24h_loss
2026-07-22 09:10:19,ONE-USDT-SWAP,0.5275901,27.52322557,0.0,any_no_recent_24h_loss
2026-07-22 09:47:36,ONE-USDT-SWAP,1.39752921,28.92075478,0.0,any_no_recent_24h_loss
2026-07-22 10:00:03,ONE-USDT-SWAP,-0.3230766,28.59767818,-0.3230766,any_no_recent_24h_loss
2026-07-22 13:52:40,LAB-USDT-SWAP,0.5098685,29.10754668,0.0,any_no_recent_24h_loss
2026-07-22 13:53:45,LAB-USDT-SWAP,0.50394887,29.61149555,0.0,any_no_recent_24h_loss
2026-07-22 14:01:01,LAB-USDT-SWAP,1.20732585,30.8188214,0.0,any_no_recent_24h_loss
2026-07-22 14:02:02,LAB-USDT-SWAP,0.49314089,31.31196229,0.0,any_no_recent_24h_loss
2026-07-22 14:02:03,LAB-USDT-SWAP,0.4970534,31.80901569,0.0,any_no_recent_24h_loss
2026-07-22 14:02:15,LAB-USDT-SWAP,0.49446675,32.30348244,0.0,any_no_recent_24h_loss
2026-07-22 14:02:16,LAB-USDT-SWAP,0.49652352,32.80000596,0.0,any_no_recent_24h_loss
2026-07-22 14:02:18,LAB-USDT-SWAP,0.5078202,33.30782616,0.0,any_no_recent_24h_loss
2026-07-22 14:02:18,LAB-USDT-SWAP,0.50359128,33.81141744,0.0,any_no_recent_24h_loss
2026-07-22 14:05:55,LAB-USDT-SWAP,1.22616354,35.03758098,0.0,any_no_recent_24h_loss
2026-07-22 14:11:34,LAB-USDT-SWAP,0.50979747,35.54737845,0.0,any_no_recent_24h_loss
2026-07-22 14:11:35,LAB-USDT-SWAP,0.5134704,36.06084885,0.0,any_no_recent_24h_loss
2026-07-22 14:11:35,LAB-USDT-SWAP,0.48914976,36.54999861,0.0,any_no_recent_24h_loss
2026-07-22 14:11:35,LAB-USDT-SWAP,0.49500732,37.04500593,0.0,any_no_recent_24h_loss
2026-07-22 14:21:47,LAB-USDT-SWAP,1.92314119,38.96814712,0.0,any_no_recent_24h_loss
2026-07-22 14:22:41,LAB-USDT-SWAP,0.48910048,39.4572476,0.0,any_no_recent_24h_loss
2026-07-22 14:22:44,LAB-USDT-SWAP,0.5106249,39.9678725,0.0,any_no_recent_24h_loss
2026-07-22 15:06:48,LAB-USDT-SWAP,1.91449271,41.88236521,0.0,any_no_recent_24h_loss
2026-07-22 15:14:25,LAB-USDT-SWAP,0.49955568,42.38192089,0.0,any_no_recent_24h_loss
2026-07-22 15:15:33,LAB-USDT-SWAP,0.50550291,42.8874238,0.0,any_no_recent_24h_loss
2026-07-22 15:17:29,LAB-USDT-SWAP,0.50859465,43.39601845,0.0,any_no_recent_24h_loss
2026-07-22 16:10:33,LAB-USDT-SWAP,1.8911351,45.28715355,0.0,any_no_recent_24h_loss
2026-07-22 16:26:13,LAB-USDT-SWAP,1.1838845,46.47103805,0.0,any_no_recent_24h_loss
2026-07-22 16:32:02,LAB-USDT-SWAP,0.50542668,46.97646473,0.0,any_no_recent_24h_loss
2026-07-22 17:01:06,LAB-USDT-SWAP,1.15193286,48.12839759,0.0,any_no_recent_24h_loss
2026-07-22 17:07:37,LAB-USDT-SWAP,0.51145854,48.63985613,0.0,any_no_recent_24h_loss
2026-07-22 17:15:43,LAB-USDT-SWAP,0.51458157,49.1544377,0.0,any_no_recent_24h_loss
2026-07-22 17:16:09,LAB-USDT-SWAP,0.49286632,49.64730402,0.0,any_no_recent_24h_loss
2026-07-22 20:12:34,LAB-USDT-SWAP,3.43747395,53.08477797,0.0,any_no_recent_24h_loss
2026-07-22 20:12:34,LAB-USDT-SWAP,0.49040964,53.57518761,0.0,any_no_recent_24h_loss
2026-07-22 20:41:18,LAB-USDT-SWAP,1.14959986,54.72478747,0.0,any_no_recent_24h_loss
2026-07-23 01:05:26,LAB-USDT-SWAP,5.07908145,59.80386892,0.0,any_no_recent_24h_loss
2026-07-23 01:05:27,LAB-USDT-SWAP,0.50213422,60.30600314,0.0,any_no_recent_24h_loss
2026-07-23 02:01:50,LAB-USDT-SWAP,2.6177372,62.92374034,0.0,any_no_recent_24h_loss
2026-07-23 02:22:52,LAB-USDT-SWAP,1.43411064,64.35785098,0.0,any_no_recent_24h_loss
2026-07-23 02:27:36,LAB-USDT-SWAP,0.49642278,64.85427376,0.0,any_no_recent_24h_loss
2026-07-23 02:29:50,LAB-USDT-SWAP,0.49958081,65.35385457,0.0,any_no_recent_24h_loss
2026-07-23 03:01:24,LAB-USDT-SWAP,-1.76557189,63.58828268,-1.76557189,any_no_recent_24h_loss
2026-07-23 04:00:34,RE-USDT-SWAP,-0.65096062,62.93732206,-2.41653251,any_no_recent_24h_loss
2026-07-23 11:18:59,O-USDT-SWAP,8.75206854,71.6893906,0.0,any_no_recent_24h_loss
2026-07-23 14:15:14,O-USDT-SWAP,24.21837998,95.90777058,0.0,any_no_recent_24h_loss
2026-07-23 19:37:08,WLFI-USDT-SWAP,-7.39985985,88.50791073,-7.39985985,any_no_recent_24h_loss
2026-07-24 08:16:57,ZAMA-USDT-SWAP,-1.04317246,87.46473827,-8.44303231,any_no_recent_24h_loss
2026-07-25 11:15:24,RE-USDT-SWAP,72.7660937,160.23083197,0.0,any_no_recent_24h_loss
2026-07-25 14:20:05,ZAMA-USDT-SWAP,-25.4286984,134.80213357,-25.4286984,any_no_recent_24h_loss
2026-07-25 23:13:32,RE-USDT-SWAP,59.18857032,193.99070389,0.0,any_no_recent_24h_loss
2026-07-26 09:50:00,RE-USDT-SWAP,31.85561924,225.84632313,0.0,any_no_recent_24h_loss
2026-07-26 12:02:55,SHIB-USDT-SWAP,-83.38519287,142.46113026,-83.38519287,any_no_recent_24h_loss
2026-07-27 00:08:36,KAITO-USDT-SWAP,5.31387545,147.77500571,-78.07131742,any_no_recent_24h_loss
2026-07-27 02:00:50,KAITO-USDT-SWAP,32.78793117,180.56293688,-45.28338625,any_no_recent_24h_loss
2026-07-27 03:15:22,ESP-USDT-SWAP,-467.70146532,-287.13852844,-512.98485157,any_no_recent_24h_loss
2026-07-27 19:25:12,IRYS-USDT-SWAP,-17.1859462,-304.32447464,-530.17079777,any_no_recent_24h_loss
2026-07-27 22:48:11,UB-USDT-SWAP,4.81971164,-299.504763,-525.35108613,any_no_recent_24h_loss
2026-07-28 00:38:42,UB-USDT-SWAP,-0.111503,-299.616266,-525.46258913,any_no_recent_24h_loss
2026-07-28 00:47:32,KAITO-USDT-SWAP,-64.14059821,-363.75686421,-589.60318734,any_no_recent_24h_loss
2026-07-28 13:36:33,KAITO-USDT-SWAP,-35.1326675,-398.88953171,-624.73585484,any_no_recent_24h_loss
2026-07-28 16:11:01,KAITO-USDT-SWAP,5.27491484,-393.61461687,-619.46094,any_no_recent_24h_loss
2026-07-28 19:16:19,KAITO-USDT-SWAP,52.20156886,-341.41304801,-567.25937114,any_no_recent_24h_loss
2026-07-28 20:45:55,BEAT-USDT-SWAP,-17.39478519,-358.8078332,-584.65415633,any_no_recent_24h_loss
2026-07-28 22:38:30,KAITO-USDT-SWAP,0.96510155,-357.84273165,-583.68905478,any_no_recent_24h_loss
2026-07-29 00:52:02,SOON-USDT-SWAP,4.26006948,-353.58266217,-579.4289853,any_no_recent_24h_loss
2026-07-29 12:46:47,BTC-USDT-SWAP,-4.71963641,-358.30229858,-584.14862171,any_no_recent_24h_loss
2026-07-29 13:41:13,AEON-USDT-SWAP,62.90739896,-295.39489962,-521.24122275,any_no_recent_24h_loss
2026-07-29 14:10:17,UB-USDT-SWAP,24.59512899,-270.79977063,-496.64609376,any_no_recent_24h_loss
2026-07-29 14:10:42,ETH-USDT-SWAP,0.11485885,-270.68491178,-496.53123491,any_no_recent_24h_loss
2026-07-29 19:50:29,KAITO-USDT-SWAP,0.70869623,-269.97621555,-495.82253868,any_no_recent_24h_loss
2026-07-30 00:01:42,KAITO-USDT-SWAP,-25.26819183,-295.24440738,-521.09073051,any_no_recent_24h_loss
2026-07-30 00:27:17,ALLO-USDT-SWAP,-3.54650703,-298.79091441,-524.63723754,any_no_recent_24h_loss
2026-07-30 01:30:48,BEAT-USDT-SWAP,17.38676309,-281.40415132,-507.25047445,any_no_recent_24h_loss
2026-07-30 02:09:19,BEAT-USDT-SWAP,19.18566883,-262.21848249,-488.06480562,any_no_recent_24h_loss
2026-07-30 03:37:12,UB-USDT-SWAP,84.0101924,-178.20829009,-404.05461322,any_no_recent_24h_loss
2026-07-30 23:55:41,BEAT-USDT-SWAP,11.49926456,-166.70902553,-392.55534866,any_no_recent_24h_loss
2026-07-30 23:55:42,ZAMA-USDT-SWAP,33.95121157,-132.75781396,-358.60413709,any_no_recent_24h_loss
2026-07-31 00:51:35,BEAT-USDT-SWAP,9.68998605,-123.06782791,-348.91415104,any_no_recent_24h_loss
2026-07-31 00:54:36,CAP-USDT-SWAP,4.79859879,-118.26922912,-344.11555225,any_no_recent_24h_loss
2026-07-31 01:32:42,UB-USDT-SWAP,-10.24170959,-128.51093871,-354.35726184,any_no_recent_24h_loss
2026-07-31 01:56:44,CAP-USDT-SWAP,3.5094906,-125.00144811,-350.84777124,any_no_recent_24h_loss
2026-07-31 01:56:47,CAP-USDT-SWAP,4.73325729,-120.26819082,-346.11451395,any_no_recent_24h_loss
2026-07-31 02:03:15,CAP-USDT-SWAP,7.84238219,-112.42580863,-338.27213176,any_no_recent_24h_loss
2026-07-31 02:03:17,CAP-USDT-SWAP,3.546062,-108.87974663,-334.72606976,any_no_recent_24h_loss
2026-07-31 07:18:15,CAP-USDT-SWAP,44.46340376,-64.41634287,-290.262666,any_no_recent_24h_loss
2026-07-31 09:36:54,CAP-USDT-SWAP,-10.39158647,-74.80792934,-300.65425247,any_no_recent_24h_loss
2026-07-31 13:23:38,CAP-USDT-SWAP,32.31251145,-42.49541789,-268.34174102,any_no_recent_24h_loss
2026-07-31 18:13:20,MMT-USDT-SWAP,-11.104871,-53.60028889,-279.44661202,any_no_recent_24h_loss
2026-07-31 20:09:07,BEAT-USDT-SWAP,-148.23565524,-201.83594413,-427.68226726,any_no_recent_24h_loss
2026-07-31 20:32:11,GIGGLE-USDT-SWAP,-145.71791885,-347.55386298,-573.40018611,any_no_recent_24h_loss
2026-07-31 23:30:22,MMT-USDT-SWAP,-125.30641156,-472.86027454,-698.70659767,any_no_recent_24h_loss
2026-08-01 01:03:29,CAP-USDT-SWAP,109.03431022,-363.82596432,-589.67228745,any_no_recent_24h_loss
2026-08-01 08:59:46,CAP-USDT-SWAP,174.43642733,-189.38953699,-415.23586012,any_no_recent_24h_loss
2026-08-01 11:26:04,SATS-USDT-SWAP,122.49174945,-66.89778754,-292.74411067,any_no_recent_24h_loss
2026-08-01 16:49:12,SATS-USDT-SWAP,121.00804667,54.11025913,-171.736064,any_no_recent_24h_loss
2026-08-01 19:06:32,SATS-USDT-SWAP,-34.59766025,19.51259888,-206.33372425,any_no_recent_24h_loss
2026-08-01 22:47:24,BEAT-USDT-SWAP,-9.12403031,10.38856857,-215.45775456,any_no_recent_24h_loss
2026-08-02 00:22:22,BEAT-USDT-SWAP,-3.42416123,6.96440734,-218.88191579,any_no_recent_24h_loss
2026-08-02 00:34:28,AEVO-USDT-SWAP,50.13427631,57.09868365,-168.74763948,any_no_recent_24h_loss
2026-08-02 00:38:48,AEVO-USDT-SWAP,-2.45187342,54.64681023,-171.1995129,any_no_recent_24h_loss
2026-08-02 00:58:57,AEVO-USDT-SWAP,25.23051907,79.8773293,-145.96899383,any_no_recent_24h_loss
2026-08-02 01:30:46,BEAT-USDT-SWAP,21.93996855,101.81729785,-124.02902528,any_no_recent_24h_loss
2026-08-02 01:53:02,BEAT-USDT-SWAP,95.35291875,197.1702166,-28.67610653,any_no_recent_24h_loss
2026-08-02 11:40:20,HOME-USDT-SWAP,-3.0717761,194.0984405,-31.74788263,any_no_recent_24h_loss
2026-08-02 14:28:19,HOME-USDT-SWAP,-27.77157461,166.32686589,-59.51945724,any_no_recent_24h_loss
2026-08-02 17:29:11,CAP-USDT-SWAP,29.53014771,195.8570136,-29.98930953,any_no_recent_24h_loss
2026-08-02 17:54:01,HOME-USDT-SWAP,3.87516329,199.73217689,-26.11414624,any_no_recent_24h_loss
2026-08-02 17:58:58,HOME-USDT-SWAP,3.86925084,203.60142773,-22.2448954,any_no_recent_24h_loss
2026-08-02 17:59:00,HOME-USDT-SWAP,3.8743873,207.47581503,-18.3705081,any_no_recent_24h_loss
2026-08-02 17:59:56,HOME-USDT-SWAP,3.85814001,211.33395504,-14.51236809,any_no_recent_24h_loss
2026-08-02 18:01:51,HOME-USDT-SWAP,9.06444344,220.39839848,-5.44792465,any_no_recent_24h_loss
2026-08-02 19:37:48,HOME-USDT-SWAP,20.32890673,240.72730521,0.0,any_no_recent_24h_loss
2026-08-02 20:50:59,UB-USDT-SWAP,29.65772796,270.38503317,0.0,any_no_recent_24h_loss
2026-08-02 21:09:15,HOME-USDT-SWAP,8.83176593,279.2167991,0.0,any_no_recent_24h_loss
2026-08-03 02:35:21,HOME-USDT-SWAP,38.48813308,317.70493218,0.0,any_no_recent_24h_loss
2026-08-03 03:08:35,HOME-USDT-SWAP,14.52545448,332.23038666,0.0,any_no_recent_24h_loss
2026-08-03 03:12:24,HOME-USDT-SWAP,3.86860593,336.09899259,0.0,any_no_recent_24h_loss
2026-08-03 03:55:38,HOME-USDT-SWAP,14.5299539,350.62894649,0.0,any_no_recent_24h_loss
2026-08-03 04:00:05,HOME-USDT-SWAP,3.75429815,354.38324464,0.0,any_no_recent_24h_loss
2026-08-03 04:13:37,HOME-USDT-SWAP,3.85422848,358.23747312,0.0,any_no_recent_24h_loss
2026-08-03 05:09:02,HOME-USDT-SWAP,3.86882562,362.10629874,0.0,any_no_recent_24h_loss
2026-08-03 07:41:25,HOME-USDT-SWAP,14.4850869,376.59138564,0.0,any_no_recent_24h_loss
2026-08-03 07:56:44,HOME-USDT-SWAP,3.84717913,380.43856477,0.0,any_no_recent_24h_loss
2026-08-03 08:00:32,HOME-USDT-SWAP,3.80154691,384.24011168,0.0,any_no_recent_24h_loss
2026-08-03 08:22:19,HOME-USDT-SWAP,9.02810199,393.26821367,0.0,any_no_recent_24h_loss
2026-08-03 08:30:40,HOME-USDT-SWAP,3.87887428,397.14708795,0.0,any_no_recent_24h_loss
2026-08-03 08:40:40,HOME-USDT-SWAP,3.86845888,401.01554683,0.0,any_no_recent_24h_loss
2026-08-03 09:22:31,HOME-USDT-SWAP,3.85602752,404.87157435,0.0,any_no_recent_24h_loss
2026-08-03 10:12:43,UB-USDT-SWAP,-30.23105222,374.64052213,-30.23105222,any_no_recent_24h_loss
2026-08-03 10:32:25,HOME-USDT-SWAP,3.85315328,378.49367541,-26.37789894,any_no_recent_24h_loss
2026-08-03 11:36:12,HOME-USDT-SWAP,9.07031161,387.56398702,-17.30758733,any_no_recent_24h_loss
2026-08-03 12:14:03,HOME-USDT-SWAP,-1.93280003,385.63118699,-19.24038736,any_no_recent_24h_loss
2026-08-03 17:19:29,UB-USDT-SWAP,-25.54451357,360.08667342,-44.78490093,any_no_recent_24h_loss
2026-08-03 17:48:03,ALLO-USDT-SWAP,-129.41530617,230.67136725,-174.2002071,any_no_recent_24h_loss
2026-08-04 01:48:59,UB-USDT-SWAP,-22.8812947,207.79007255,-197.0815018,any_no_recent_24h_loss
2026-08-04 05:17:23,UB-USDT-SWAP,53.13411611,260.92418866,-143.94738569,any_no_recent_24h_loss
2026-08-04 09:28:52,BICO-USDT-SWAP,147.52118327,408.44537193,0.0,any_no_recent_24h_loss
2026-08-04 10:49:14,PIPPIN-USDT-SWAP,186.56892082,595.01429275,0.0,any_no_recent_24h_loss
2026-08-04 14:23:17,UB-USDT-SWAP,-298.29026537,296.72402738,-298.29026537,any_no_recent_24h_loss
2026-08-04 18:11:24,BICO-USDT-SWAP,-551.53773297,-254.81370559,-849.82799834,any_no_recent_24h_loss
2026-08-04 20:49:47,HOME-USDT-SWAP,1076.43856814,821.62486255,0.0,any_no_recent_24h_loss
2026-08-04 21:25:01,HOME-USDT-SWAP,77.53273862,899.15760117,0.0,any_no_recent_24h_loss
2026-08-04 23:22:40,UB-USDT-SWAP,434.35190637,1333.50950754,0.0,any_no_recent_24h_loss
2026-08-04 23:24:29,HOME-USDT-SWAP,220.2125516,1553.72205914,0.0,any_no_recent_24h_loss
2026-08-04 23:26:05,UB-USDT-SWAP,57.38830108,1611.11036022,0.0,any_no_recent_24h_loss
2026-08-04 23:28:10,UB-USDT-SWAP,18.73031983,1629.84068005,0.0,any_no_recent_24h_loss
2026-08-05 00:22:19,UB-USDT-SWAP,187.68018947,1817.52086952,0.0,any_no_recent_24h_loss
2026-08-05 00:25:07,UB-USDT-SWAP,281.89661748,2099.417487,0.0,any_no_recent_24h_loss
2026-08-05 00:26:39,UB-USDT-SWAP,282.75552059,2382.17300759,0.0,any_no_recent_24h_loss
2026-08-05 00:28:01,UB-USDT-SWAP,186.4434653,2568.61647289,0.0,any_no_recent_24h_loss
2026-08-05 00:30:45,UB-USDT-SWAP,187.1021982,2755.71867109,0.0,any_no_recent_24h_loss
2026-08-05 00:32:15,UB-USDT-SWAP,95.9388265,2851.65749759,0.0,any_no_recent_24h_loss
2026-08-05 00:34:12,UB-USDT-SWAP,186.67909669,3038.33659428,0.0,any_no_recent_24h_loss
2026-08-05 00:35:06,UB-USDT-SWAP,282.93163538,3321.26822966,0.0,any_no_recent_24h_loss
2026-08-05 00:38:00,UB-USDT-SWAP,283.28339978,3604.55162944,0.0,any_no_recent_24h_loss
2026-08-05 00:38:51,UB-USDT-SWAP,63.95702342,3668.50865286,0.0,any_no_recent_24h_loss
2026-08-05 00:45:57,UB-USDT-SWAP,442.14806417,4110.65671703,0.0,any_no_recent_24h_loss
2026-08-05 13:28:35,BICO-USDT-SWAP,-600.90161889,3509.75509814,-600.90161889,any_no_recent_24h_loss
2026-08-05 17:09:05,GRVT-USDT-SWAP,60.10813788,3569.86323602,-540.79348101,any_no_recent_24h_loss
2026-08-05 19:26:31,UB-USDT-SWAP,660.90235118,4230.7655872,0.0,any_no_recent_24h_loss
2026-08-05 19:28:07,UB-USDT-SWAP,65.3292794,4296.0948666,0.0,any_no_recent_24h_loss
2026-08-05 19:30:14,UB-USDT-SWAP,64.52298249,4360.61784909,0.0,any_no_recent_24h_loss
2026-08-05 19:31:39,UB-USDT-SWAP,380.0571886,4740.67503769,0.0,any_no_recent_24h_loss
2026-08-05 19:33:26,UB-USDT-SWAP,137.62548699,4878.30052468,0.0,any_no_recent_24h_loss
2026-08-05 19:35:00,UB-USDT-SWAP,65.000609,4943.30113368,0.0,any_no_recent_24h_loss
2026-08-05 19:49:31,ETH-USDT-SWAP,-13.37045424,4929.93067944,-13.37045424,any_no_recent_24h_loss
2026-08-05 20:10:07,UB-USDT-SWAP,652.36574926,5582.2964287,0.0,any_no_recent_24h_loss
2026-08-05 20:12:22,UB-USDT-SWAP,65.08885099,5647.38527969,0.0,any_no_recent_24h_loss
2026-08-05 20:12:59,GRVT-USDT-SWAP,122.63654889,5770.02182858,0.0,any_no_recent_24h_loss
2026-08-05 20:16:13,UB-USDT-SWAP,215.01483126,5985.03665984,0.0,any_no_recent_24h_loss
2026-08-05 20:21:45,UB-USDT-SWAP,295.7408871,6280.77754694,0.0,any_no_recent_24h_loss
2026-08-05 20:23:07,UB-USDT-SWAP,138.5951366,6419.37268354,0.0,any_no_recent_24h_loss
2026-08-05 20:42:52,UB-USDT-SWAP,469.99450959,6889.36719313,0.0,any_no_recent_24h_loss
2026-08-05 20:55:01,UB-USDT-SWAP,74.75132346,6964.11851659,0.0,any_no_recent_24h_loss
2026-08-05 22:04:18,GRVT-USDT-SWAP,93.2809728,7057.39948939,0.0,any_no_recent_24h_loss
2026-08-06 01:38:24,BICO-USDT-SWAP,-9.22848585,7048.17100354,-9.22848585,any_no_recent_24h_loss
2026-08-06 02:28:49,CAP-USDT-SWAP,138.01748327,7186.18848681,0.0,any_no_recent_24h_loss
2026-08-06 04:36:51,GRVT-USDT-SWAP,475.11639464,7661.30488145,0.0,any_no_recent_24h_loss
2026-08-06 05:37:44,BICO-USDT-SWAP,173.2871269,7834.59200835,0.0,any_no_recent_24h_loss
2026-08-06 06:00:37,GRVT-USDT-SWAP,28.382774,7862.97478235,0.0,any_no_recent_24h_loss
2026-08-06 08:21:43,GRVT-USDT-SWAP,28.39515915,7891.3699415,0.0,any_no_recent_24h_loss
2026-08-06 08:25:34,GRVT-USDT-SWAP,28.38934668,7919.75928818,0.0,any_no_recent_24h_loss
2026-08-06 09:59:57,GRVT-USDT-SWAP,15.34249269,7935.10178087,0.0,any_no_recent_24h_loss
2026-08-06 10:25:46,UB-USDT-SWAP,2.28262591,7937.38440678,0.0,any_no_recent_24h_loss
2026-08-06 10:45:20,CAP-USDT-SWAP,114.66465649,8052.04906327,0.0,any_no_recent_24h_loss
2026-08-06 11:17:38,BICO-USDT-SWAP,-96.24020911,7955.80885416,-96.24020911,any_no_recent_24h_loss
2026-08-06 14:47:35,BICO-USDT-SWAP,0.70436845,7956.51322261,-95.53584066,any_no_recent_24h_loss
2026-08-06 18:20:24,HOME-USDT-SWAP,16.04656834,7972.55979095,-79.48927232,any_no_recent_24h_loss
2026-08-06 18:27:34,HOME-USDT-SWAP,37.9174729,8010.47726385,-41.57179942,any_no_recent_24h_loss
2026-08-06 18:27:57,HOME-USDT-SWAP,15.99557514,8026.47283899,-25.57622428,any_no_recent_24h_loss
2026-08-06 19:03:03,HOME-USDT-SWAP,37.92222318,8064.39506217,0.0,any_no_recent_24h_loss
2026-08-06 20:09:00,HOME-USDT-SWAP,89.20678459,8153.60184676,0.0,any_no_recent_24h_loss
2026-08-06 20:09:40,HOME-USDT-SWAP,16.11952945,8169.72137621,0.0,any_no_recent_24h_loss
2026-08-06 20:30:55,HOME-USDT-SWAP,37.80515935,8207.52653556,0.0,any_no_recent_24h_loss
2026-08-06 20:34:03,HOME-USDT-SWAP,15.99442304,8223.5209586,0.0,any_no_recent_24h_loss
2026-08-06 21:01:32,HOME-USDT-SWAP,37.83099522,8261.35195382,0.0,any_no_recent_24h_loss
2026-08-06 21:01:52,HOME-USDT-SWAP,16.02046714,8277.37242096,0.0,any_no_recent_24h_loss
2026-08-06 21:36:55,HOME-USDT-SWAP,294.27653144,8571.6489524,0.0,any_no_recent_24h_loss
2026-08-06 23:01:17,HOME-USDT-SWAP,-29.99665676,8541.65229564,-29.99665676,any_no_recent_24h_loss
2026-08-07 03:46:37,BICO-USDT-SWAP,-1210.36565146,7331.28664418,-1240.36230822,any_no_recent_24h_loss
2026-08-07 04:59:27,CAP-USDT-SWAP,47.84751488,7379.13415906,-1192.51479334,any_no_recent_24h_loss
2026-08-07 05:26:47,ZBT-USDT-SWAP,158.71776991,7537.85192897,-1033.79702343,any_no_recent_24h_loss
2026-08-07 06:09:24,CAP-USDT-SWAP,48.11825138,7585.97018035,-985.67877205,any_no_recent_24h_loss
2026-08-07 09:21:06,CAP-USDT-SWAP,179.8300975,7765.80027785,-805.84867455,any_no_recent_24h_loss
2026-08-07 10:05:17,ZBT-USDT-SWAP,195.43185992,7961.23213777,-610.41681463,any_no_recent_24h_loss
2026-08-07 10:27:56,CAP-USDT-SWAP,47.58383408,8008.81597185,-562.83298055,any_no_recent_24h_loss
2026-08-07 14:19:57,CAP-USDT-SWAP,-21.74994608,7987.06602577,-584.58292663,any_no_recent_24h_loss
2026-08-07 21:11:28,KGEN-USDT-SWAP,3.99078954,7991.05681531,-580.59213709,any_no_recent_24h_loss
2026-08-08 16:38:00,BICO-USDT-SWAP,-234.67811551,7756.3786998,-815.2702526,any_no_recent_24h_loss
2026-08-08 19:32:06,BICO-USDT-SWAP,-106.74420293,7649.63449687,-922.01445553,any_no_recent_24h_loss
2026-08-08 20:54:04,BEAT-USDT-SWAP,22.58153275,7672.21602962,-899.43292278,any_no_recent_24h_loss
2026-08-08 22:39:52,MMT-USDT-SWAP,-934.95460257,6737.26142705,-1834.38752535,any_no_recent_24h_loss
2026-08-08 22:49:33,BICO-USDT-SWAP,24.0721956,6761.33362265,-1810.31532975,any_no_recent_24h_loss
2026-08-08 23:13:50,BICO-USDT-SWAP,61.12244372,6822.45606637,-1749.19288603,any_no_recent_24h_loss
2026-08-08 23:14:45,BICO-USDT-SWAP,13.18469166,6835.64075803,-1736.00819437,any_no_recent_24h_loss
2026-08-08 23:18:10,BICO-USDT-SWAP,13.05205881,6848.69281684,-1722.95613556,any_no_recent_24h_loss
2026-08-08 23:19:35,BICO-USDT-SWAP,13.27722603,6861.97004287,-1709.67890953,any_no_recent_24h_loss
2026-08-09 09:33:31,BICO-USDT-SWAP,-3881.38093416,2980.58910871,-5591.05984369,any_no_recent_24h_loss
2026-08-09 12:20:44,UB-USDT-SWAP,54.78755909,3035.3766678,-5536.2722846,any_no_recent_24h_loss
2026-08-09 17:48:31,MUBARAK-USDT-SWAP,227.30816562,3262.68483342,-5308.96411898,any_no_recent_24h_loss
2026-08-09 22:03:49,ESP-USDT-SWAP,-185.14610717,3077.53872625,-5494.11022615,any_no_recent_24h_loss
2026-08-09 23:05:43,SHELL-USDT-SWAP,133.38301003,3210.92173628,-5360.72721612,any_no_recent_24h_loss
2026-08-10 00:20:44,MUBARAK-USDT-SWAP,-104.61191081,3106.30982547,-5465.33912693,any_no_recent_24h_loss
2026-08-10 08:38:12,MUBARAK-USDT-SWAP,-1154.61465079,1951.69517468,-6619.95377772,any_no_recent_24h_loss
2026-08-10 14:07:35,HOME-USDT-SWAP,153.73770916,2105.43288384,-6466.21606856,any_no_recent_24h_loss
2026-08-10 15:23:35,CAP-USDT-SWAP,774.25738725,2879.69027109,-5691.95868131,any_no_recent_24h_loss
2026-08-10 18:49:41,CAP-USDT-SWAP,1030.18685625,3909.87712734,-4661.77182506,any_no_recent_24h_loss
2026-08-10 20:43:46,DOS-USDT-SWAP,-1170.30932464,2739.5678027,-5832.0811497,any_no_recent_24h_loss
2026-08-10 22:53:48,ROBO-USDT-SWAP,232.04993834,2971.61774104,-5600.03121136,any_no_recent_24h_loss
2026-08-10 23:46:30,HOME-USDT-SWAP,-291.03337584,2680.5843652,-5891.0645872,any_no_recent_24h_loss
2026-08-11 01:07:10,ETH-USDT-SWAP,-43.53139047,2637.05297473,-5934.59597767,any_no_recent_24h_loss
2026-08-11 10:20:46,MUBARAK-USDT-SWAP,-39.58065575,2597.47231898,-5974.17663342,any_no_recent_24h_loss
2026-08-11 12:06:16,GRVT-USDT-SWAP,-303.88986887,2293.58245011,-6278.06650229,any_no_recent_24h_loss
2026-08-11 13:01:49,BICO-USDT-SWAP,444.73639899,2738.3188491,-5833.3301033,any_no_recent_24h_loss
2026-08-11 15:25:45,DOS-USDT-SWAP,85.23260008,2823.55144918,-5748.09750322,any_no_recent_24h_loss
2026-08-11 15:57:02,DOS-USDT-SWAP,-335.63425101,2487.91719817,-6083.73175423,any_no_recent_24h_loss
2026-08-11 16:44:00,DOS-USDT-SWAP,22.8348088,2510.75200697,-6060.89694543,any_no_recent_24h_loss
2026-08-11 18:43:18,CAP-USDT-SWAP,-349.46338983,2161.28861714,-6410.36033526,any_no_recent_24h_loss
2026-08-11 18:48:24,DOS-USDT-SWAP,49.22700837,2210.51562551,-6361.13332689,any_no_recent_24h_loss
2026-08-11 18:48:34,DOS-USDT-SWAP,22.69496039,2233.2105859,-6338.4383665,any_no_recent_24h_loss
2026-08-11 18:49:12,DOS-USDT-SWAP,22.9104722,2256.1210581,-6315.5278943,any_no_recent_24h_loss
2026-08-11 18:50:16,DOS-USDT-SWAP,60.2405819,2316.36164,-6255.2873124,any_no_recent_24h_loss
2026-08-11 18:54:29,CAP-USDT-SWAP,-504.82951441,1811.53212559,-6760.11682681,any_no_recent_24h_loss
2026-08-11 19:13:38,MMT-USDT-SWAP,259.30281082,2070.83493641,-6500.81401599,any_no_recent_24h_loss
2026-08-11 19:41:42,DOS-USDT-SWAP,-65.98622404,2004.84871237,-6566.80024003,any_no_recent_24h_loss
2026-08-11 20:26:12,DOS-USDT-SWAP,22.6958445,2027.54455687,-6544.10439553,any_no_recent_24h_loss
2026-08-11 20:39:32,DOS-USDT-SWAP,23.01701729,2050.56157416,-6521.08737824,any_no_recent_24h_loss
2026-08-11 20:45:40,CAP-USDT-SWAP,-661.07356358,1389.48801058,-7182.16094182,any_no_recent_24h_loss
2026-08-11 20:54:40,DOS-USDT-SWAP,45.4798761,1434.96788668,-7136.68106572,any_no_recent_24h_loss
2026-08-11 20:58:07,DOS-USDT-SWAP,395.58940306,1830.55728974,-6741.09166266,any_no_recent_24h_loss
2026-08-11 20:59:38,DOS-USDT-SWAP,-4.71907958,1825.83821016,-6745.81074224,any_no_recent_24h_loss
2026-08-11 23:24:05,UB-USDT-SWAP,62.02966893,1887.86787909,-6683.78107331,any_no_recent_24h_loss
2026-08-12 15:57:54,APR-USDT-SWAP,-576.08416971,1311.78370938,-7259.86524302,any_no_recent_24h_loss
2026-08-12 20:56:16,AEON-USDT-SWAP,-76.15789844,1235.62581094,-7336.02314146,any_no_recent_24h_loss
2026-08-13 16:04:29,ACU-USDT-SWAP,-28.13360275,1207.49220819,-7364.15674421,any_no_recent_24h_loss
2026-08-13 22:41:23,GPS-USDT-SWAP,-76.23705552,1131.25515267,-7440.39379973,any_no_recent_24h_loss
2026-08-13 23:39:26,AVNT-USDT-SWAP,252.64125282,1383.89640549,-7187.75254691,any_no_recent_24h_loss
2026-08-14 11:36:17,APR-USDT-SWAP,-398.9733439,984.92306159,-7586.72589081,any_no_recent_24h_loss
2026-08-14 13:19:52,EDEN-USDT-SWAP,305.62118297,1290.54424456,-7281.10470784,any_no_recent_24h_loss
2026-08-14 19:46:25,CAP-USDT-SWAP,0.3121476,1290.85639216,-7280.79256024,any_no_recent_24h_loss
2026-08-14 20:40:49,CAP-USDT-SWAP,-160.76208379,1130.09430837,-7441.55464403,any_no_recent_24h_loss
2026-08-14 21:49:58,AEON-USDT-SWAP,14.55120021,1144.64550858,-7427.00344382,any_no_recent_24h_loss
2026-08-15 08:33:08,APR-USDT-SWAP,69.64881267,1214.29432125,-7357.35463115,any_no_recent_24h_loss
2026-08-15 08:47:15,H-USDT-SWAP,25.83080608,1240.12512733,-7331.52382507,any_no_recent_24h_loss
2026-08-15 09:04:42,BICO-USDT-SWAP,312.01812869,1552.14325602,-7019.50569638,any_no_recent_24h_loss
2026-08-15 10:09:25,ROBO-USDT-SWAP,119.5983253,1671.74158132,-6899.90737108,any_no_recent_24h_loss
2026-08-15 13:14:01,AEON-USDT-SWAP,87.69516076,1759.43674208,-6812.21221032,any_no_recent_24h_loss
2026-08-15 13:24:13,ROBO-USDT-SWAP,325.17451544,2084.61125752,-6487.03769488,any_no_recent_24h_loss
2026-08-15 15:41:03,H-USDT-SWAP,-154.31792577,1930.29333175,-6641.35562065,any_no_recent_24h_loss
2026-08-16 10:20:01,CAP-USDT-SWAP,1.26440679,1931.55773854,-6640.09121386,any_no_recent_24h_loss
2026-08-16 11:56:45,CAP-USDT-SWAP,32.86335451,1964.42109305,-6607.22785935,any_no_recent_24h_loss
2026-08-16 12:45:44,H-USDT-SWAP,116.76399562,2081.18508867,-6490.46386373,any_no_recent_24h_loss
2026-08-16 16:30:02,H-USDT-SWAP,-38.05720824,2043.12788043,-6528.52107197,any_no_recent_24h_loss
2026-08-16 16:49:45,H-USDT-SWAP,225.83136849,2268.95924892,-6302.68970348,any_no_recent_24h_loss
2026-08-16 20:35:48,H-USDT-SWAP,205.67700956,2474.63625848,-6097.01269392,any_no_recent_24h_loss
2026-08-16 21:24:20,CAP-USDT-SWAP,-0.87460329,2473.76165519,-6097.88729721,any_no_recent_24h_loss
2026-08-16 22:31:20,AEON-USDT-SWAP,-584.06595805,1889.69569714,-6681.95325526,any_no_recent_24h_loss
2026-08-16 22:31:22,CAP-USDT-SWAP,-56.30847172,1833.38722542,-6738.26172698,any_no_recent_24h_loss
2026-08-16 23:22:27,CAP-USDT-SWAP,1.84750701,1835.23473243,-6736.41421997,any_no_recent_24h_loss
2026-08-17 12:58:24,GPS-USDT-SWAP,126.27763957,1961.512372,-6610.1365804,any_no_recent_24h_loss
2026-08-17 13:48:11,GPS-USDT-SWAP,71.40614428,2032.91851628,-6538.73043612,any_no_recent_24h_loss
2026-08-17 20:43:43,GPS-USDT-SWAP,117.69739573,2150.61591201,-6421.03304039,any_no_recent_24h_loss
2026-08-17 21:27:16,GPS-USDT-SWAP,17.09300377,2167.70891578,-6403.94003662,any_no_recent_24h_loss
2026-08-17 22:06:56,GPS-USDT-SWAP,117.77767378,2285.48658956,-6286.16236284,any_no_recent_24h_loss
2026-08-18 00:06:10,GPS-USDT-SWAP,19.47331202,2304.95990158,-6266.68905082,any_no_recent_24h_loss
2026-08-18 02:43:18,CAP-USDT-SWAP,162.72821131,2467.68811289,-6103.96083951,any_no_recent_24h_loss
2026-08-18 02:43:36,GPS-USDT-SWAP,14.21455616,2481.90266905,-6089.74628335,any_no_recent_24h_loss
2026-08-18 09:38:05,GPS-USDT-SWAP,136.35574411,2618.25841316,-5953.39053924,any_no_recent_24h_loss
2026-08-18 09:38:41,GPS-USDT-SWAP,77.03904973,2695.29746289,-5876.35148951,any_no_recent_24h_loss
2026-08-18 10:30:03,GPS-USDT-SWAP,434.00938273,3129.30684562,-5442.34210678,any_no_recent_24h_loss
2026-08-18 16:01:51,EDEN-USDT-SWAP,41.17173394,3170.47857956,-5401.17037284,any_no_recent_24h_loss
2026-08-18 16:27:16,GPS-USDT-SWAP,-30.94629197,3139.53228759,-5432.11666481,any_no_recent_24h_loss
2026-08-18 22:35:34,GPS-USDT-SWAP,48.36726694,3187.89955453,-5383.74939787,any_no_recent_24h_loss
2026-08-19 19:54:41,ZRO-USDT-SWAP,60.32422287,3248.2237774,-5323.425175,any_no_recent_24h_loss
2026-08-19 21:28:56,CAP-USDT-SWAP,-166.3078189,3081.9159585,-5489.7329939,any_no_recent_24h_loss
2026-08-19 21:36:15,SNDK-USDT-SWAP,72.2197107,3154.1356692,-5417.5132832,any_no_recent_24h_loss
2026-08-20 01:03:07,MUBARAK-USDT-SWAP,28.10894279,3182.24461199,-5389.40434041,any_no_recent_24h_loss
2026-08-20 03:34:12,RE-USDT-SWAP,147.4525656,3329.69717759,-5241.95177481,any_no_recent_24h_loss
2026-08-20 19:37:09,BOME-USDT-SWAP,-1465.79923625,1863.89794134,-6707.75101106,any_no_recent_24h_loss
2026-08-20 23:19:48,LIT-USDT-SWAP,-247.90182115,1615.99612019,-6955.65283221,any_no_recent_24h_loss
2026-08-21 14:16:21,PUMP-USDT-SWAP,119.0134936,1735.00961379,-6836.63933861,any_no_recent_24h_loss
2026-08-21 17:02:18,PEPE-USDT-SWAP,821.26721431,2556.2768281,-6015.3721243,any_no_recent_24h_loss
2026-08-21 20:33:52,TURBO-USDT-SWAP,-483.39930106,2072.87752704,-6498.77142536,any_no_recent_24h_loss
2026-08-21 23:26:40,ZORA-USDT-SWAP,163.02659569,2235.90412273,-6335.74482967,any_no_recent_24h_loss
2026-08-22 00:07:21,ENA-USDT-SWAP,34.72428197,2270.6284047,-6301.0205477,any_no_recent_24h_loss
2026-08-22 01:01:50,BEAT-USDT-SWAP,297.5509996,2568.1794043,-6003.4695481,any_no_recent_24h_loss
2026-08-22 02:26:39,BCH-USDT-SWAP,59.84050407,2628.01990837,-5943.62904403,any_no_recent_24h_loss
2026-08-22 08:43:08,PEPE-USDT-SWAP,243.12388772,2871.14379609,-5700.50515631,any_no_recent_24h_loss
2026-08-22 15:47:38,PEPE-USDT-SWAP,664.00016551,3535.1439616,-5036.5049908,any_no_recent_24h_loss
2026-08-22 17:24:27,MOVE-USDT-SWAP,33.18897749,3568.33293909,-5003.31601331,any_no_recent_24h_loss
2026-08-22 20:38:26,ETH-USDT-SWAP,510.58888089,4078.92181998,-4492.72713242,any_no_recent_24h_loss
