max_direction_bars,vol_target_annual,total_return,annual_return,max_drawdown,sharpe,calmar
1000000,1.0,0.3123393025065595,0.7053183200730317,-0.2492519821363044,1.563581652154436,2.8297400647643625
1000000,1.5,0.44505974584545527,1.0604657375086703,-0.3330438547658302,1.568982622625215,3.1841624528826844
1000000,2.0,0.5778400992188504,1.448687557945255,-0.38400007347945586,1.6236018451060226,3.772623126913959
1000000,2.5,0.6537377656990386,1.6853427881446787,-0.4294862352069413,1.61750632459234,3.924090343274034
240,1.0,0.31452726840762657,0.7109058581242473,-0.24275627093355256,1.5856534001919604,2.928475772800271
240,1.5,0.45010283401740003,1.074609914831147,-0.32382845393358795,1.593556210414371,3.318454267306394
240,2.0,0.5855304060557813,1.4721787259301378,-0.3763577800510124,1.6488537840451924,3.911646852977492
240,2.5,0.666141900853741,1.7250379969089074,-0.4294862352069403,1.6457747052149192,4.016515211663835
168,1.0,0.27083849000088356,0.6010345598278515,-0.23702240821019604,1.4406506220052075,2.5357710453048914
168,1.5,0.3850252641719871,0.8957383385602034,-0.3183989300834815,1.4540446429132063,2.8132580041187585
168,2.0,0.5082430714532631,1.2411015698284773,-0.3749569771152277,1.528519087804213,3.30998393302887
168,2.5,0.5859259707861337,1.4733900126022448,-0.42778789985403776,1.5432395283799143,3.4442068443379745
120,1.0,0.3199646937876819,0.7248305756567559,-0.22658470583633672,1.7111299204060286,3.1989386617307907
120,1.5,0.4551614713626142,1.08884540531609,-0.3061710194827263,1.6961009979396569,3.556330730307808
120,2.0,0.5913109449679934,1.4899086847299077,-0.3575570648778603,1.741566929985613,4.1669116095883965
120,2.5,0.6781428105001461,1.7637148523200117,-0.4038703130138329,1.7357903099734147,4.3670326723410415
96,1.0,0.3165604044962822,0.7161060381339561,-0.2047624995588051,1.7819625942155128,3.497251887806243
96,1.5,0.4554992332038197,1.089797600866505,-0.27947727142851075,1.7728036630539963,3.8994140571651856
96,2.0,0.5896352531542424,1.4847626349328218,-0.3295093385869484,1.808933980065877,4.505980441404194
96,2.5,0.6631898622582226,1.715565083705203,-0.3748737851672863,1.775111099224004,4.576380508814819
72,1.0,0.14772824429155085,0.31070543121077954,-0.20899179680453173,1.0525503960579803,1.486687209552917
72,1.5,0.19551861638138957,0.4200258458088644,-0.2848405983026656,1.0289279475729005,1.4745996473527758
72,2.0,0.25245480422667255,0.5558722081726295,-0.3336204491907101,1.0872999400186178,1.6661814631598673
72,2.5,0.2831499079635542,0.6316339380759124,-0.3718313456671224,1.093364098554892,1.6987108414506162
60,1.0,0.1280412870845491,0.26692184005484365,-0.19731653528768156,1.014495302625436,1.3527596137124527
60,1.5,0.1686920293148948,0.3581309744136494,-0.26770704826183256,0.9859342085169008,1.3377719291999257
60,2.0,0.22372335654810693,0.4865595292556131,-0.3098985353681365,1.0618073570696152,1.5700607577174135
60,2.5,0.2514327904449345,0.553380083866525,-0.341802936241417,1.067061404490464,1.6190033062667142
36,1.0,-0.030923228016281556,-0.05981835815961434,-0.17133135380890685,-0.19626681557353104,-0.34913841996679895
36,1.5,-0.05830885748820824,-0.1112809751560967,-0.2381720073382525,-0.24955638744424724,-0.46722944648174025
36,2.0,-0.08107439343215106,-0.15297901284148285,-0.28341718321181675,-0.26209690624626897,-0.5397661888663657
36,2.5,-0.10891695946974456,-0.20263886423718702,-0.3185976370529774,-0.31391525271130977,-0.6360337952019763
