split,symbol,trades,wins,win_rate,total_r,avg_r
train,ALLO,2,0,0.0,-2.1012,-1.0506
train,ASTER,1,0,0.0,-1.1499,-1.1499
train,BEAT,1,0,0.0,-1.0283,-1.0283
train,BSB,1,1,1.0,2.4893,2.4893
train,CHIP,1,1,1.0,2.4612,2.4612
train,EDGE,1,0,0.0,-1.0267,-1.0267
train,ENA,2,1,0.5,1.3574,0.6787
train,ENJ,1,0,0.0,-1.1586,-1.1586
train,FIL,2,1,0.5,1.2808,0.6404
train,H,1,0,0.0,-1.0247,-1.0247
train,INJ,3,1,0.3333,0.2405,0.0802
train,KAITO,1,1,1.0,2.401,2.401
train,LAB,2,1,0.5,1.4454,0.7227
train,LIT,2,2,1.0,4.9333,2.4666
train,ONDO,1,0,0.0,-1.1053,-1.1053
train,ONT,3,0,0.0,-3.2801,-1.0934
train,OPN,1,0,0.0,-1.0432,-1.0432
train,ORDI,3,2,0.6667,3.8144,1.2715
train,PENGU,1,0,0.0,-1.0593,-1.0593
train,PEPE,3,0,0.0,-3.1991,-1.0664
train,SHIB,3,0,0.0,-3.2764,-1.0921
train,WLD,1,0,0.0,-1.0151,-1.0151
train,WLFI,3,0,0.0,-3.154,-1.0513
train,XLM,3,1,0.3333,0.1335,0.0445
train,XPL,1,1,1.0,2.4425,2.4425
test,AAVE,1,0,0.0,-1.0728,-1.0728
test,ALLO,1,0,0.0,-1.0244,-1.0244
test,BEAT,1,0,0.0,-1.0535,-1.0535
test,BILL,2,0,0.0,-2.0631,-1.0316
test,BSB,1,0,0.0,-1.0491,-1.0491
test,CHZ,1,0,0.0,-1.0564,-1.0564
test,DASH,2,1,0.5,1.2889,0.6444
test,ICP,1,0,0.0,-1.0585,-1.0585
test,LIT,1,1,1.0,2.4105,2.4105
test,ONDO,2,1,0.5,1.3692,0.6846
test,OPN,2,1,0.5,1.359,0.6795
test,PENGU,1,0,0.0,-1.078,-1.078
test,PEPE,1,0,0.0,-1.0963,-1.0963
test,PIEVERSE,2,1,0.5,1.4255,0.7127
test,PUMP,2,1,0.5,1.4061,0.703
test,RE,1,0,0.0,-1.0706,-1.0706
test,RIVER,1,0,0.0,-1.0602,-1.0602
test,SLX,1,0,0.0,-1.0718,-1.0718
test,TRUMP,1,1,1.0,2.4443,2.4443
test,UB,1,0,0.0,-1.0439,-1.0439
