symbol,index,timestamp,intraday_gain,thirty_day_low,low_multiple
ALLO,5659,1780033500000,1.6872874849182846,0.0809,3.0284301606922126
ALLO,5661,1780035300000,1.663477045478981,0.0809,3.062175525339926
ALLO,5662,1780036200000,1.6971899750461104,0.0809,3.072929542645241
ALLO,5663,1780037100000,1.6804302944691951,0.0809,3.0491965389369593
ALLO,5664,1780038000000,1.7729542001302367,0.0809,3.158220024721879
ALLO,5665,1780038900000,1.9451259583789704,0.0809,3.323733003708282
ALLO,5666,1780039800000,2.808280047686138,0.0809,4.343510506798516
ALLO,5667,1780040700000,2.449903246613631,0.0809,3.9667490729295425
ALLO,5668,1780041600000,2.3500108766586907,0.0809,3.80716934487021
ALLO,5669,1780042500000,2.345964297448253,0.0809,3.776514215080346
ALLO,5670,1780043400000,2.084379819343468,0.0809,3.4610630407911005
ALLO,5671,1780044300000,2.0692817679558013,0.0809,3.4334981458590854
ALLO,5672,1780045200000,2.302014165559983,0.0809,3.6881334981458593
ALLO,5673,1780046100000,2.1750163363101724,0.0809,3.603584672435105
ALLO,5674,1780047000000,2.0669763422275036,0.0809,3.5093943139678614
ALLO,5675,1780047900000,2.013002114164905,0.0809,3.523238566131026
ALLO,5676,1780048800000,2.057388208189339,0.0809,3.6087762669962915
ALLO,5677,1780049700000,2.0291683905668183,0.0809,3.620024721878863
ALLO,5678,1780050600000,2.22969596001666,0.0809,3.8341161928306553
ALLO,5679,1780051500000,2.233156856638638,0.0809,3.849814585908529
ALLO,5680,1780052400000,2.1393803047346354,0.0809,3.7948084054388134
ALLO,5681,1780053300000,1.9189216683621568,0.0809,3.5467243510506803
ALLO,5682,1780054200000,1.9158641662442983,0.0809,3.5556242274412857
ALLO,5683,1780055100000,1.7917255297679118,0.0809,3.419777503090235
ALLO,5684,1780056000000,1.7512833417211882,0.0809,3.3787391841779977
ALLO,5685,1780056900000,1.7298592698347952,0.0809,3.3088998763906057
ALLO,5686,1780057800000,1.7663410212508812,0.0809,3.3951792336217554
ALLO,5687,1780058700000,1.8359303391384052,0.0809,3.442027194066749
ALLO,5688,1780059600000,1.854219430655455,0.0809,3.4825710754017303
ALLO,5689,1780060500000,1.8586945589862212,0.0809,3.5134734239802223
ALLO,5690,1780061400000,1.692543512658228,0.0809,3.3655129789864033
ALLO,5691,1780062300000,1.6382191095547771,0.0809,3.2594561186650184
ALLO,5692,1780063200000,1.7120645542216102,0.0809,3.4066749072929543
ALLO,5693,1780064100000,1.633326897084379,0.0809,3.3715698393077873
ALLO,5694,1780065000000,1.636890951276102,0.0809,3.3715698393077873
ALLO,5695,1780065900000,1.5506943123454442,0.0809,3.3149567367119896
ALLO,5696,1780066800000,1.6595460614152207,0.0809,3.4472187886279357
ALLO,5697,1780067700000,1.5502880347530459,0.0809,3.3380716934487022
ALLO,5698,1780068600000,1.5159745879753248,0.0809,3.3777503090234857
ALLO,5699,1780069500000,1.5278570770789206,0.0809,3.393077873918418
ALLO,5700,1780070400000,1.527030602345886,0.0809,3.5419035846724354
ALLO,5701,1780071300000,1.2973229706390326,0.0809,3.288380716934487
ALLO,5702,1780072200000,1.232677863110811,0.0809,3.2700865265760197
ALLO,5703,1780073100000,1.1717365869964897,0.0809,3.2122373300370826
ALLO,5704,1780074000000,1.1505627344726972,0.0809,3.1886279357231153
ALLO,5705,1780074900000,1.0436754176610976,0.0809,3.1754017305315205
ALLO,5706,1780075800000,1.113070051716032,0.0809,3.3333745364647718
ALLO,5707,1780076700000,1.0651247237132937,0.0809,3.2337453646477132
ALLO,5708,1780077600000,0.8665288646094789,0.0809,3.1253399258343637
ALLO,5709,1780078500000,0.8651002781437565,0.0809,3.149690976514215
ALLO,5710,1780079400000,0.8314582891105922,0.0809,3.199505562422744
ALLO,5711,1780080300000,0.7899205697069298,0.0809,3.2311495673671202
ALLO,5712,1780081200000,0.8440929172010829,0.0809,3.1990111248454878
ALLO,5713,1780082100000,0.7286914765906363,0.0809,3.2039555006180467
ALLO,5714,1780083000000,0.7406096897114862,0.0809,3.161928306551298
ALLO,5715,1780083900000,0.7538041624019107,0.0809,3.1770086526576025
ALLO,5716,1780084800000,0.7179673561091655,0.0809,3.2135970333745365
ALLO,5717,1780085700000,0.6597343699384519,0.0809,3.166625463535229
ALLO,5718,1780086600000,0.7048033154426252,0.0809,3.1017305315203956
ALLO,5719,1780087500000,0.6822225263446011,0.0809,3.038813349814586
ALLO,5721,1780089300000,0.6326649795600545,0.0809,3.1101359703337454
ALLO,5722,1780090200000,0.6383456235973068,0.0809,3.158220024721879
ALLO,5723,1780091100000,0.6211240310077522,0.0809,3.1019777503090236
ALLO,5724,1780092000000,0.6472458314409915,0.0809,3.13831891223733
ALLO,5725,1780092900000,0.6569819531549979,0.0809,3.2004944375772557
ALLO,5726,1780093800000,0.6024194051256466,0.0809,3.176514215080346
ALLO,5728,1780095600000,0.6427253720329604,0.0809,3.3021013597033373
ALLO,5731,1780098300000,0.6047186708665309,0.0809,3.211619283065513
ALLO,5732,1780099200000,0.6270950604009866,0.0809,3.179975278121137
ALLO,5733,1780100100000,0.7893578212466195,0.0809,3.5165636588380718
ALLO,5734,1780101000000,0.821015304217992,0.0809,3.618170580964154
ALLO,5735,1780101900000,0.7244338080784498,0.0809,3.651792336217553
ALLO,5736,1780102800000,0.6988783433994823,0.0809,3.650803461063041
ALLO,5737,1780103700000,0.809763016370191,0.0809,3.785290482076638
ALLO,5738,1780104600000,0.7855784092260136,0.0809,3.712855377008653
ALLO,5739,1780105500000,0.7353857000176252,0.0809,3.6511742892459824
ALLO,5740,1780106400000,0.6085227272727274,0.0809,3.4993819530284305
ALLO,6442,1780738200000,0.6606840870656268,0.0809,3.76291718170581
ALLO,6443,1780739100000,0.7641872394998397,0.0809,4.080964153275649
ALLO,6444,1780740000000,0.9185674696226815,0.0809,4.449938195302843
ALLO,6445,1780740900000,0.9845999683560995,0.0809,4.651421508034611
ALLO,6446,1780741800000,1.0364971327509513,0.0809,4.697033374536464
ALLO,6447,1780742700000,1.1508996875336708,0.0809,4.935105067985167
ALLO,6448,1780743600000,1.2932761087267521,0.0809,5.151792336217552
ALLO,6449,1780744500000,1.3818495923986398,0.0809,5.453522867737949
ALLO,6450,1780745400000,1.5024701965417249,0.0809,5.760321384425216
ALLO,6451,1780746300000,1.2984471389066155,0.0809,5.34239802224969
ALLO,6452,1780747200000,1.3292269144438067,0.0809,5.51557478368356
ALLO,6453,1780748100000,1.2363467588056314,0.0809,5.360321384425216
ALLO,6454,1780749000000,1.130389556353045,0.0809,5.063164400494437
ALLO,6455,1780749900000,1.2278427874271922,0.0809,5.2479604449938195
ALLO,6456,1780750800000,1.2396594944641737,0.0809,5.300988875154512
ALLO,6457,1780751700000,1.2889144771276038,0.0809,5.405686032138442
ALLO,6458,1780752600000,1.2972718227993925,0.0809,5.422867737948084
ALLO,6459,1780753500000,1.2788152980167289,0.0809,5.35451174289246
ALLO,6460,1780754400000,1.2095337873232062,0.0809,5.213844252163165
ALLO,6461,1780755300000,1.1802127439843022,0.0809,5.219035846724351
ALLO,6462,1780756200000,1.0979231568016612,0.0809,4.994561186650185
ALLO,6463,1780757100000,1.1784143276078765,0.0809,5.142027194066749
ALLO,6464,1780758000000,1.2118521577534587,0.0809,5.296415327564895
ALLO,6465,1780758900000,1.2000414057243414,0.0809,5.254264524103832
ALLO,6466,1780759800000,1.3360998016494414,0.0809,5.532138442521632
ALLO,6467,1780760700000,1.3174825901673421,0.0809,5.512113720642769
ALLO,6468,1780761600000,1.3829698641544788,0.0809,5.659332509270705
ALLO,6469,1780762500000,1.4009142382213913,0.0809,5.713226205191595
ALLO,6470,1780763400000,1.3720348926184767,0.0809,5.7477132262051915
ALLO,6471,1780764300000,1.344126853799969,0.0809,5.646477132262052
ALLO,6472,1780765200000,1.2779640039193438,0.0809,5.4600741656365885
ALLO,6473,1780766100000,1.2932521562658552,0.0809,5.587144622991348
ALLO,6474,1780767000000,1.3186189028947237,0.0809,5.7524103831891225
ALLO,6475,1780767900000,1.3461141931366294,0.0809,5.907045735475896
ALLO,6476,1780768800000,1.2145867254094438,0.0809,5.716316440049444
ALLO,6477,1780769700000,1.237108836843141,0.0809,5.620148331273177
ALLO,6478,1780770600000,1.222563952353056,0.0809,5.627564894932015
ALLO,6479,1780771500000,1.2507201748286483,0.0809,5.601483312731768
ALLO,6480,1780772400000,1.3046528058134839,0.0809,5.645117428924598
ALLO,6481,1780773300000,1.1067158602652718,0.0809,5.575896168108776
ALLO,6482,1780774200000,1.0513823331085637,0.0809,5.640667490729296
ALLO,6483,1780775100000,1.0617391304347827,0.0809,5.568479604449938
ALLO,6484,1780776000000,1.0053264075362063,0.0809,5.631025957972806
ALLO,6485,1780776900000,1.0919653671885516,0.0809,5.764153275648949
ALLO,6486,1780777800000,1.079596212256566,0.0809,5.7550061804697155
ALLO,6487,1780778700000,1.0904439819632326,0.0809,5.9597033374536466
ALLO,6488,1780779600000,1.0894612144612141,0.0809,5.886650185414092
ALLO,6489,1780780500000,1.0124119567084695,0.0809,5.791965389369592
ALLO,6490,1780781400000,1.0125624919882066,0.0809,5.822002472187886
ALLO,6491,1780782300000,0.9905752494162599,0.0809,5.795797280593326
ALLO,6492,1780783200000,0.9243580554032971,0.0809,5.641532756489493
ALLO,6493,1780784100000,0.9757119301216632,0.0809,5.479975278121137
ALLO,6494,1780785000000,0.8975832789026781,0.0809,5.386650185414092
ALLO,6495,1780785900000,0.8390927341847847,0.0809,5.3220024721878865
ALLO,6496,1780786800000,0.7756454687229251,0.0809,5.066625463535228
ALLO,6497,1780787700000,0.769807884123336,0.0809,5.044499381953028
ALLO,6498,1780788600000,0.7446578890567668,0.0809,4.995673671199011
ALLO,6499,1780789500000,0.9780858676207516,0.0809,5.4672435105067985
ALLO,6500,1780790400000,1.0807029815511058,0.0809,5.883065512978986
ALLO,6501,1780791300000,1.0997839239412275,0.0809,6.006056860321384
ALLO,6502,1780792200000,0.835560426590229,0.0809,5.382571075401731
ALLO,6503,1780793100000,1.0041401551468665,0.0809,5.68442521631644
ALLO,6504,1780794000000,1.0533486684950897,0.0809,5.73770086526576
ALLO,6505,1780794900000,1.0770838893336894,0.0809,5.772187886279357
ALLO,6506,1780795800000,1.0477052074139452,0.0809,5.735599505562423
ALLO,6507,1780796700000,0.9985926642624681,0.0809,5.617305315203955
ALLO,6508,1780797600000,0.9095149638802891,0.0809,5.717923362175525
ALLO,6509,1780798500000,0.9953106177938391,0.0809,5.732880098887515
ALLO,6510,1780799400000,1.201844262295082,0.0809,5.844004944375772
ALLO,6511,1780800300000,1.1221733668341711,0.0809,5.846600741656366
ALLO,6512,1780801200000,1.1013882669055084,0.0809,5.800247218788628
ALLO,6513,1780802100000,1.2001299243654588,0.0809,5.860939431396786
ALLO,6514,1780803000000,1.1402250414668043,0.0809,5.901359703337453
ALLO,6515,1780803900000,0.8982839313572542,0.0809,5.264276885043263
ALLO,6516,1780804800000,0.6352967625899282,0.0809,4.495550061804697
ALLO,6631,1780908300000,0.6035326806033343,0.0809,5.992336217552534
ALLO,6633,1780910100000,0.6034349736674383,0.0809,5.908529048207663
ALLO,6634,1780911000000,0.6125304536774874,0.0809,6.054264524103832
ALLO,6635,1780911900000,0.6229333688167396,0.0809,6.0305315203955505
ALLO,6638,1780914600000,0.7332578884303023,0.0809,6.436835599505562
ALLO,6639,1780915500000,0.8148689014271489,0.0809,6.75920889987639
ALLO,6640,1780916400000,0.8261935905820796,0.0809,6.902966625463535
ALLO,6641,1780917300000,0.8182059536056816,0.0809,6.772311495673672
ALLO,6642,1780918200000,0.7798789712556731,0.0809,6.689616810877626
ALLO,6643,1780919100000,0.6918010976218194,0.0809,6.287268232385661
ALLO,6651,1780926300000,0.640153040676601,0.0809,6.040791100123609
ALLO,6652,1780927200000,0.6338412784033445,0.0809,5.990482076637824
APR,12898,1786548600000,1.2355289421157685,0.1471,3.045547246770904
APR,12900,1786550400000,1.2216108054027015,0.1471,3.019034670292318
APR,12901,1786551300000,1.2189378757515033,0.1471,3.0108769544527534
APR,12903,1786553100000,1.2011952191235058,0.1471,3.0047586675730793
APR,12904,1786554000000,1.2384957941613064,0.1471,3.0754588715159756
APR,12905,1786554900000,1.2257902659307574,0.1471,3.0156356220258327
APR,12906,1786555800000,1.1994076999012835,0.1471,3.0292318150917743
APR,12910,1786559400000,1.2022417153996101,0.1471,3.0720598232494902
APR,12911,1786560300000,1.2206527033609351,0.1471,3.099252209381373
APR,12912,1786561200000,1.1897989210397255,0.1471,3.035350101971448
APR,12913,1786562100000,1.1900341963849534,0.1471,3.0475866757307952
APR,12914,1786563000000,1.1889266634288491,0.1471,3.063902107409925
APR,12915,1786563900000,1.1835443037974684,0.1471,3.0489462950373896
APR,12916,1786564800000,1.2125181950509463,0.1471,3.09993201903467
APR,12917,1786565700000,1.1565973900434994,0.1471,3.0333106730115564
APR,12918,1786566600000,1.1459040232670867,0.1471,3.0095173351461586
APR,12920,1786568400000,1.7244056283357594,0.1471,3.817131203263086
APR,12921,1786569300000,1.4000967585873245,0.1471,3.372535690006798
APR,12922,1786570200000,1.376333656644035,0.1471,3.331067301155676
APR,12923,1786571100000,1.3407658749394087,0.1471,3.2828008157715836
APR,12924,1786572000000,1.4752186588921279,0.1471,3.4629503738953087
APR,12925,1786572900000,1.5872093023255816,0.1471,3.6301835486063903
APR,12926,1786573800000,1.64437984496124,0.1471,3.7104010876954447
APR,12927,1786574700000,1.8460793804453046,0.1471,3.9972807613868113
APR,12928,1786575600000,1.929229277750848,0.1471,4.108089734874235
APR,12929,1786576500000,2.0043646944713873,0.1471,4.211420802175391
APR,12930,1786577400000,2.045960328979197,0.1471,4.280081577158396
APR,12931,1786578300000,2.0149541726965747,0.1471,4.2488103331067295
APR,12932,1786579200000,1.9581931763575207,0.1471,4.184908225696805
APR,12933,1786580100000,1.9613339777670373,0.1471,4.165193745751189
APR,12934,1786581000000,1.9841116995666828,0.1471,4.213460231135282
APR,12935,1786581900000,1.7642822851656264,0.1471,3.914343983684568
APR,12936,1786582800000,1.4737854737854739,0.1471,3.4962610469068656
APR,12937,1786583700000,1.504335260115607,0.1471,3.534330387491502
APR,12938,1786584600000,1.4149139579349903,0.1471,3.4343983684568316
APR,12939,1786585500000,1.8033573141486814,0.1471,3.973487423521414
APR,12940,1786586400000,1.8346909439386683,0.1471,4.021753908905507
APR,12941,1786587300000,1.9277456647398843,0.1471,4.131883072739632
APR,12942,1786588200000,1.8809638554216868,0.1471,4.063902107409925
APR,12943,1786589100000,1.7625240847784198,0.1471,3.8987083616587355
APR,12944,1786590000000,1.7378547378547382,0.1471,3.869476546566961
APR,12945,1786590900000,1.690567853705486,0.1471,3.8008157715839563
APR,12946,1786591800000,1.3219277108433736,0.1471,3.275322909585316
APR,12947,1786592700000,1.2435158501440924,0.1471,3.175390890550646
APR,12948,1786593600000,1.4288452323909921,0.1471,3.445955132562882
APR,12949,1786594500000,1.1911960871498444,0.1471,3.3501019714479945
APR,12950,1786595400000,1.0800326663944464,0.1471,3.4629503738953087
APR,12951,1786596300000,1.0200327064595256,0.1471,3.3589394969408564
APR,12952,1786597200000,0.98240589198036,0.1471,3.293677770224337
APR,12953,1786598100000,0.8550495049504949,0.1471,3.1842284160435077
APR,12954,1786599000000,0.821027287319422,0.1471,3.0849762066621342
APR,12955,1786599900000,0.8127222441722639,0.1471,3.1189666893269883
APR,12956,1786600800000,0.8606060606060606,0.1471,3.339225016995241
APR,12957,1786601700000,0.9283088235294115,0.1471,3.5656016315431676
APR,12958,1786602600000,0.8645045045045043,0.1471,3.517335146159075
BEAT,6589,1780870500000,0.6408068609433795,0.4764,7.871326616288832
BEAT,6590,1780871400000,0.6126954921803125,0.4764,7.727329974811083
BEAT,6591,1780872300000,0.6204235463029433,0.4764,7.581024349286315
BEAT,6592,1780873200000,0.6638350065870169,0.4764,7.688077246011755
BEAT,6593,1780874100000,0.6550450450450449,0.4764,7.712426532325777
BEAT,6594,1780875000000,0.6203442879499217,0.4764,7.606842989084803
BEAT,6599,1780879500000,0.6216507744746949,0.4764,7.889378673383712
BEAT,6600,1780880400000,0.6745058684933898,0.4764,8.05583543240974
BEAT,6601,1780881300000,0.6664021863704488,0.4764,7.93534844668346
BEAT,6602,1780882200000,0.7174391032550118,0.4764,8.361880772460118
BEAT,6603,1780883100000,0.7002945822482178,0.4764,8.359781696053737
BEAT,6604,1780884000000,0.6682849286819044,0.4764,8.150923593618808
BEAT,6609,1780888500000,0.6802427867698801,0.4764,8.01889168765743
BEAT,6610,1780889400000,0.6846425920265493,0.4764,8.09823677581864
BEAT,6611,1780890300000,0.6728566314659032,0.4764,7.847397145256088
BEAT,6612,1780891200000,0.6731073247848234,0.4764,7.997481108312343
BEAT,6613,1780892100000,0.7522031906720297,0.4764,8.138329135180522
BEAT,6614,1780893000000,0.780854934060937,0.4764,8.220193115029387
BEAT,6615,1780893900000,0.7852552498189718,0.4764,8.28022670025189
BEAT,6616,1780894800000,0.82124305112549,0.4764,8.389798488664988
BEAT,6617,1780895700000,0.8102461622309018,0.4764,8.366498740554157
BEAT,6618,1780896600000,0.9450033216285472,0.4764,8.60390428211587
BEAT,6619,1780897500000,0.9753847647715688,0.4764,8.540512174643156
BEAT,6620,1780898400000,0.9748879356051476,0.4764,8.600545759865659
BEAT,6621,1780899300000,1.111709286675639,0.4764,8.892317380352646
BEAT,6622,1780900200000,1.0325803649000869,0.4764,8.839420654911839
BEAT,6623,1780901100000,1.0389560173997103,0.4764,8.855163727959699
BEAT,6624,1780902000000,1.1068533529845248,0.4764,9.001889168765743
BEAT,6625,1780902900000,1.0472812113132082,0.4764,9.025398824517211
BEAT,6626,1780903800000,1.1296074318249922,0.4764,8.950251889168765
BEAT,6627,1780904700000,1.0182546113149993,0.4764,8.888539042821158
BEAT,6628,1780905600000,0.9595996526666972,0.4764,9.000419815281276
BEAT,6629,1780906500000,0.9100915055248617,0.4764,9.28904282115869
BEAT,6630,1780907400000,0.9308459452366371,0.4764,9.265952980688496
BEAT,6631,1780908300000,0.8481708606470713,0.4764,9.172963895885811
BEAT,6632,1780909200000,0.8631224132781499,0.4764,9.165827036104114
BEAT,6633,1780910100000,0.8740438551759306,0.4764,9.256926952141058
BEAT,6634,1780911000000,0.8408937889244235,0.4764,9.182829554995802
BEAT,6635,1780911900000,0.7953009068425392,0.4764,9.142317380352646
BEAT,6636,1780912800000,0.7730242880039453,0.4764,9.056045340050378
BEAT,6637,1780913700000,0.7531522793404462,0.4764,9.105793450881613
BEAT,6638,1780914600000,0.7252919855014095,0.4764,8.99223341729639
BEAT,6639,1780915500000,0.7071538648714413,0.4764,8.83606213266163
BEAT,6640,1780916400000,0.7555769153750649,0.4764,9.201301427371956
BEAT,6641,1780917300000,0.7677862895305441,0.4764,9.445633921074728
BEAT,6642,1780918200000,0.8006906565161089,0.4764,9.632031905961378
BEAT,6643,1780919100000,0.7930775909700847,0.4764,9.536733837111672
BEAT,6644,1780920000000,0.75316356819247,0.4764,9.422334172963897
BEAT,6645,1780920900000,0.8273670916051623,0.4764,9.71872376154492
BEAT,6646,1780921800000,0.732744783306581,0.4764,9.517002518891688
BEAT,6647,1780922700000,0.7264827533867113,0.4764,9.55037783375315
BEAT,6648,1780923600000,0.6881647174595966,0.4764,9.362510495382033
BEAT,6649,1780924500000,0.7080982156474,0.4764,9.403862300587743
BEAT,6650,1780925400000,0.6914523449319212,0.4764,9.387489504617967
BEAT,6651,1780926300000,0.6704270139309512,0.4764,9.26238455079765
BEAT,6652,1780927200000,0.6280342516753536,0.4764,9.179051217464314
BEAT,6655,1780929900000,0.6330704060765413,0.4764,9.387069689336693
BEAT,6656,1780930800000,0.6122085845014162,0.4764,9.31926952141058
BEAT,6869,1781122500000,0.627421789817999,0.5324,14.57832456799399
BEAT,6870,1781123400000,0.6469790253574037,0.5324,14.822501878287003
BEAT,6872,1781125200000,0.6125667556742325,0.5324,14.519158527422992
BEAT,6873,1781126100000,0.747775365095585,0.5324,15.420736288504886
BEAT,6874,1781127000000,0.7078438074080402,0.5324,15.017092411720512
BEAT,6875,1781127900000,0.7508109139477199,0.5324,15.511645379413975
BEAT,6876,1781128800000,0.6999663143711317,0.5324,15.166228399699476
BEAT,6877,1781129700000,0.7085933246785878,0.5324,15.326634109691962
BEAT,6898,1781148600000,0.6323569325845044,0.5324,14.685386927122465
BEAT,6899,1781149500000,0.6582198556184624,0.5324,14.798459804658153
BEAT,6900,1781150400000,0.6848836961842133,0.5324,14.870586025544704
BEAT,6901,1781151300000,0.6663838812301168,0.5324,14.757700976709241
BEAT,6902,1781152200000,0.7090980085903944,0.5324,14.798271975957926
BEAT,6903,1781153100000,0.756576580389833,0.5324,15.58978211870774
BEAT,6904,1781154000000,0.7771832930617881,0.5324,15.472577009767093
BEAT,6905,1781154900000,0.9116535262987362,0.5324,16.622839969947407
BEAT,6906,1781155800000,0.9208581644815257,0.5324,16.64876033057851
BEAT,6907,1781156700000,0.9189287861867539,0.5324,16.78305785123967
BEAT,6908,1781157600000,0.9246733953772885,0.5324,16.54770848985725
BEAT,6909,1781158500000,0.8131817707790177,0.5324,16.328512396694215
BEAT,6910,1781159400000,0.6425004728579533,0.5324,16.310856498873026
BEAT,6911,1781160300000,0.7086761477522192,0.5324,16.81235912847483
BEAT,6912,1781161200000,0.7198036454666352,0.5324,16.517092411720512
BEAT,6913,1781162100000,0.7622353214922828,0.5324,17.0702479338843
BEAT,6914,1781163000000,0.741130243846065,0.5324,16.978963185574756
BEAT,6915,1781163900000,0.7028224865873571,0.5324,16.453794139744552
BEAT,6916,1781164800000,0.6459528423152927,0.5324,16.11419984973704
BEAT,6917,1781165700000,0.6552311116930729,0.5324,16.620398196844477
BEAT,6918,1781166600000,0.6357443027195144,0.5324,16.596168294515405
BEAT,6919,1781167500000,0.6231131728149619,0.5324,16.561607813673927
BEAT,6920,1781168400000,0.6435174913098143,0.5324,16.69571750563486
BEAT,6921,1781169300000,0.6324034452994436,0.5324,16.69534184823441
BEAT,6924,1781172000000,0.6111716168571057,0.5324,16.394064613072878
BEAT,6925,1781172900000,0.6344497786412122,0.5324,16.43444778362134
BEAT,6929,1781176500000,0.6148566142460685,0.5324,16.394252441773105
BEAT,6930,1781177400000,0.6235653031233142,0.5324,16.393313298271977
BEAT,6931,1781178300000,0.6457092884787139,0.5324,16.612885048835462
BEAT,6932,1781179200000,0.6539668556956448,0.5324,16.927685950413224
BEAT,6933,1781180100000,0.6823663086903933,0.5324,17.24267468069121
BEAT,6934,1781181000000,0.6653494555122554,0.5324,17.177122464312546
BEAT,6935,1781181900000,0.661958396008365,0.5324,17.01728024042074
BEAT,6936,1781182800000,0.708649273872253,0.5324,17.480277986476334
BEAT,6937,1781183700000,0.6918649411592181,0.5324,17.336213373403456
BEAT,6938,1781184600000,0.7297632058287795,0.5324,17.836964688204358
BEAT,6939,1781185500000,0.6863857808233844,0.5324,17.749812171299773
BEAT,6940,1781186400000,0.6984379980873445,0.5324,18.01352366641623
BEAT,6941,1781187300000,0.6500305064063454,0.5324,17.778737791134485
BEAT,6942,1781188200000,0.6194664521980187,0.5324,17.77610818933133
BEAT,6946,1781191800000,0.6066328722398833,0.5324,17.56160781367393
BEAT,6947,1781192700000,0.6529790239054245,0.5324,17.806160781367396
BEAT,6948,1781193600000,0.602053977364331,0.5324,18.66435011269722
BEAT,6949,1781194500000,0.612481028770991,0.5324,18.558978211870777
BEAT,6950,1781195400000,0.6093875477325992,0.5324,18.444778362133736
BEAT,6951,1781196300000,0.6664051021771069,0.5324,18.747370398196843
BEAT,6952,1781197200000,0.6409912477784112,0.5324,18.383170548459805
BEAT,6953,1781198100000,0.6372968930586715,0.5324,18.093914350112698
BEAT,6954,1781199000000,0.6156326203296074,0.5324,18.54244928625094
BEAT,6955,1781199900000,0.6382051110067746,0.5324,18.350112697220137
BEAT,6956,1781200800000,0.6126036484245438,0.5324,18.264462809917358
BEAT,6959,1781203500000,0.6088076484866498,0.5324,18.300338091660407
BEAT,6960,1781204400000,0.625398503444061,0.5324,18.482344102178814
BICO,7817,1781975700000,0.6832061068702289,0.01716,3.3409090909090904
BICO,7818,1781976600000,0.6563513115237252,0.01716,3.275058275058275
BICO,7819,1781977500000,0.6889880952380953,0.01716,3.307109557109557
BICO,7820,1781978400000,0.7593278268299628,0.01716,3.599650349650349
BICO,7821,1781979300000,0.8502611723737667,0.01716,3.7156177156177153
BICO,7822,1781980200000,0.830359754314127,0.01716,3.646853146853146
BICO,7823,1781981100000,0.9376470588235291,0.01716,3.8391608391608383
BICO,7824,1781982000000,0.9349782293178517,0.01716,3.884615384615384
BICO,7825,1781982900000,0.8240846681922196,0.01716,3.7162004662004655
BICO,7826,1781983800000,0.8231447256184248,0.01716,3.736596736596736
BICO,7827,1781984700000,0.7779361459521095,0.01716,3.6346153846153846
BICO,7828,1781985600000,0.8215962441314555,0.01716,3.6177156177156173
BICO,7829,1781986500000,0.8073262186328236,0.01716,3.651515151515151
BICO,7830,1781987400000,0.7201017811704835,0.01716,3.545454545454545
BICO,7831,1781988300000,0.7216435185185184,0.01716,3.467365967365967
BICO,7832,1781989200000,0.7814569536423843,0.01716,3.6054778554778553
BICO,7833,1781990100000,0.7463870784924906,0.01716,3.591491841491841
BICO,7834,1781991000000,0.7555491496108391,0.01716,3.5489510489510487
BICO,7835,1781991900000,0.7908534809204777,0.01716,3.5827505827505823
BICO,7836,1781992800000,0.7238339021615472,0.01716,3.5320512820512815
BICO,7837,1781993700000,0.730627306273063,0.01716,3.5530303030303028
BICO,7838,1781994600000,0.7458068247541931,0.01716,3.5180652680652678
BICO,7839,1781995500000,0.7385189437428241,0.01716,3.529720279720279
BICO,7840,1781996400000,0.7345181893918356,0.01716,3.6398601398601396
BICO,7841,1781997300000,0.7088431590656286,0.01716,3.5810023310023307
BICO,7842,1781998200000,0.7170075651442982,0.01716,3.571095571095571
BICO,7843,1781999100000,0.8016458569807039,0.01716,3.69988344988345
BICO,7844,1782000000000,0.7277227722772275,0.01716,3.6608391608391604
BICO,7848,1782003600000,0.6212548015364918,0.01716,3.6893939393939394
BICO,7850,1782005400000,0.7077688692286423,0.01716,3.599650349650349
BICO,7851,1782006300000,0.7170329670329669,0.01716,3.642191142191142
BICO,7852,1782007200000,0.8377270064440543,0.01716,3.656177156177156
BICO,7853,1782008100000,0.8529150636282923,0.01716,3.6486013986013983
BICO,7854,1782009000000,0.9920804142552544,0.01716,3.811188811188811
BICO,7855,1782009900000,1.0181533646322376,0.01716,3.757575757575757
BICO,7856,1782010800000,0.9981452859350852,0.01716,3.766899766899767
BICO,7857,1782011700000,0.8972746331236896,0.01716,3.6917249417249414
BICO,7858,1782012600000,0.9065702230259192,0.01716,3.686480186480186
BICO,7859,1782013500000,1.0124921923797627,0.01716,3.7552447552447545
BICO,7860,1782014400000,0.9897896039603962,0.01716,3.7476689976689976
BICO,7861,1782015300000,0.9514800122062863,0.01716,3.726689976689977
BICO,7862,1782016200000,0.9142253095741468,0.01716,3.6934731934731935
BICO,7863,1782017100000,0.8725778038755139,0.01716,3.7167832167832167
BICO,7864,1782018000000,0.6889067524115757,0.01716,3.673076923076923
BICO,12320,1786028400000,0.6976641692375496,0.01121,3.4362176628010705
BICO,12321,1786029300000,0.677179150240911,0.01121,3.415700267618198
BICO,12322,1786030200000,0.6507726269315672,0.01121,3.3354148082069583
BICO,12323,1786031100000,0.6121212121212123,0.01121,3.322033898305085
BICO,12324,1786032000000,0.7425569176882663,0.01121,3.5504014272970568
BICO,12325,1786032900000,0.9349457881567971,0.01121,4.139161462979483
BICO,12326,1786033800000,0.8383381324557797,0.01121,3.986619090098127
BICO,12327,1786034700000,0.7127874142799515,0.01121,3.7876895628902765
BICO,12328,1786035600000,0.617798967024235,0.01121,3.632471008028546
BICO,12329,1786036500000,0.6008986928104578,0.01121,3.4959857270294386
BICO,12391,1786092300000,0.6518191091465488,0.01121,4.333630686886709
BICO,12392,1786093200000,0.7282377919320595,0.01121,4.356824264049956
BICO,12393,1786094100000,0.6502654867256636,0.01121,4.158786797502231
BICO,12394,1786095000000,0.738284066330209,0.01121,4.301516503122213
BICO,12395,1786095900000,0.6755899964776331,0.01121,4.243532560214095
BICO,12396,1786096800000,0.7932825484764545,0.01121,4.619982158786798
BICO,12397,1786097700000,0.8106113843991567,0.01121,4.59678858162355
BICO,12398,1786098600000,0.7178704645642591,0.01121,4.519179304192685
BICO,12399,1786099500000,0.7953681299688904,0.01121,4.633363068688671
BICO,12400,1786100400000,0.9252236135957066,0.01121,4.800178412132025
BICO,12401,1786101300000,0.9246817538896748,0.01121,4.855486173059768
BICO,12402,1786102200000,0.8615868577420482,0.01121,4.751115075825156
BICO,12403,1786103100000,0.7311126373626375,0.01121,4.496877787689564
BICO,12404,1786104000000,0.6733582851309969,0.01121,4.387154326494202
BICO,12408,1786107600000,0.6228351507376524,0.01121,4.513826940231936
BICO,12460,1786154400000,0.7805013927576603,0.01121,5.7020517395182875
BICO,12461,1786155300000,0.6351907768322811,0.01121,5.314005352363961
BICO,12463,1786157100000,0.718252820364478,0.01121,5.298840321141838
BICO,12464,1786158000000,0.6070925978046722,0.01121,5.093666369313113
BICO,12466,1786159800000,0.6958070704302548,0.01121,5.52007136485281
BIO,3103,1777733100000,0.6134412558253619,0.01612,4.080645161290323
BIO,3104,1777734000000,0.6456986573843859,0.01612,4.106079404466501
BOME,13644,1787220000000,0.6593961963026997,0.000407,3.0656019656019655
BOME,13645,1787220900000,0.6577967003725387,0.000407,3.061425061425061
BOME,13646,1787221800000,0.6491204690831558,0.000407,3.040540540540541
BOME,13647,1787222700000,0.6995060739554131,0.000407,3.128009828009828
BOME,13648,1787223600000,0.701462765957447,0.000407,3.1437346437346436
BOME,13649,1787224500000,0.7446808510638299,0.000407,3.2235872235872236
BOME,13650,1787225400000,0.7348213099508436,0.000407,3.208353808353808
BOME,13651,1787226300000,0.772018654230513,0.000407,3.2675675675675673
BOME,13652,1787227200000,0.7602067868504772,0.000407,3.262653562653562
BOME,13653,1787228100000,0.7129300118623962,0.000407,3.1931203931203926
BOME,13654,1787229000000,0.678379441457978,0.000407,3.145208845208845
BOME,13655,1787229900000,0.6402812133836742,0.000407,3.0955773955773953
BOME,13656,1787230800000,0.6343020982666492,0.000407,3.0810810810810807
BOME,13657,1787231700000,0.6250650026001039,0.000407,3.071253071253071
BOME,13658,1787232600000,0.6514581983149708,0.000407,3.13046683046683
BOME,13659,1787233500000,0.6666666666666667,0.000407,3.1646191646191646
BOME,13660,1787234400000,0.6636363636363638,0.000407,3.147420147420147
BSB,3048,1777867200000,0.6679152859818469,0.156,7.421153846153846
BSB,3049,1777868100000,0.6778687347407724,0.156,7.489102564102564
BSB,3050,1777869000000,0.7626108445995057,0.156,7.772435897435897
BSB,3051,1777869900000,0.801654113129523,0.156,7.819871794871795
BSB,3052,1777870800000,0.7584129316678914,0.156,7.670512820512821
BSB,3053,1777871700000,0.6553079947575362,0.156,7.286538461538462
BSB,3054,1777872600000,0.6623153062688278,0.156,7.4282051282051285
BSB,3055,1777873500000,0.6142837293316659,0.156,7.447435897435897
BSB,3062,1777879800000,0.6441243366186507,0.156,6.950641025641026
BSB,3063,1777880700000,0.720988820658164,0.156,7.006410256410256
BSB,3064,1777881600000,0.6612294215375323,0.156,7.050641025641026
BSB,3479,1778255100000,0.6416374781085816,0.1635,4.586544342507645
BSB,3480,1778256000000,0.6599216710182767,0.1635,4.66605504587156
BSB,3481,1778256900000,0.6642448260678115,0.1635,4.623241590214067
BSB,3482,1778257800000,0.7222713212549712,0.1635,4.767584097859327
BSB,3483,1778258700000,0.75,0.1635,4.820795107033639
BSB,3484,1778259600000,0.7367378384327539,0.1635,4.825688073394495
BSB,3485,1778260500000,0.7135313531353136,0.1635,4.763302752293578
BSB,3486,1778261400000,0.638662854629426,0.1635,4.557186544342508
BSB,4543,1779212700000,0.6828807898940032,0.2195,5.280182232346242
BSB,4544,1779213600000,0.6765975820379966,0.2195,5.307061503416857
BSB,4545,1779214500000,0.631209818819404,0.2195,5.086104783599089
BSB,4546,1779215400000,0.6246551473791202,0.2195,5.09749430523918
BSB,4547,1779216300000,0.6745166448611717,0.2195,5.247835990888382
BSB,4548,1779217200000,0.8603188532982304,0.2195,5.794533029612756
BSB,4549,1779218100000,0.8166812737364886,0.2195,5.666059225512528
BSB,4550,1779219000000,0.7299227517854541,0.2195,5.407289293849659
BSB,4551,1779219900000,0.7077168552364375,0.2195,5.363553530751709
BSB,4552,1779220800000,0.6486760237302849,0.2195,5.190888382687927
BSB,4644,1779303600000,1.1326382153249273,0.2554,10.33085356303837
BSB,4645,1779304500000,0.6499093029282197,0.2554,7.478856695379796
BSB,4720,1779372000000,0.6056849486601552,0.2676,4.79185351270553
BSB,4721,1779372900000,0.612112921278448,0.2676,4.8441704035874436
BSB,4896,1779530400000,0.6808988764044943,0.2984,5.013404825737266
BSB,4897,1779531300000,0.6991558806978053,0.2984,5.059316353887399
BSB,4898,1779532200000,0.6870884289746002,0.2984,4.8079758713136735
BSB,4908,1779541200000,0.6688602263753618,0.2984,4.249329758713137
BSB,4909,1779542100000,0.6342545638945234,0.2984,4.320040214477212
BSB,4910,1779543000000,0.6163505559189013,0.2984,4.141085790884719
BSB,4911,1779543900000,0.6953430005577246,0.2984,4.0747319034852545
BSB,4912,1779544800000,0.8309068850470125,0.2984,4.0459115281501346
BSB,4913,1779545700000,0.9357429718875501,0.2984,4.0382037533512065
BSB,4914,1779546600000,0.9034920634920636,0.2984,4.018766756032171
BSB,4915,1779547500000,0.9307162965279949,0.2984,4.137064343163539
BSB,4916,1779548400000,1.0120753501851554,0.2984,4.188002680965147
BSB,4917,1779549300000,1.2030008826125331,0.2984,4.18230563002681
BSB,4918,1779550200000,1.1654083733699383,0.2984,4.229222520107239
BSB,4919,1779551100000,1.3143939393939394,0.2984,4.095174262734584
BSB,4920,1779552000000,1.2517203911626225,0.2984,4.166890080428955
BSB,4921,1779552900000,1.1967815287738324,0.2984,4.208780160857909
BSB,4922,1779553800000,1.136340161817869,0.2984,4.158847184986596
BSB,4923,1779554700000,0.8591314873657132,0.2984,4.117627345844504
BSB,7225,1781626500000,0.6031570202160066,0.1854,3.1224379719525346
BSB,7226,1781627400000,0.6326241134751773,0.1854,3.1040992448759437
BSB,7227,1781628300000,0.6548821548821548,0.1854,3.181229773462783
BSB,7228,1781629200000,0.6183667858124828,0.1854,3.174757281553398
BSB,7229,1781630100000,0.6741446999439149,0.1854,3.2200647249190935
BSB,7230,1781631000000,0.7084523129640206,0.1854,3.2270765911542614
BSB,7231,1781631900000,0.606356968215159,0.1854,3.1893203883495147
BSB,7232,1781632800000,0.6110041265474553,0.1854,3.158576051779935
COAI,7140,1781366400000,0.8242820585726469,0.2072,3.0965250965250966
COAI,7141,1781367300000,0.8282411230388109,0.2072,3.2055984555984556
COAI,7142,1781368200000,0.6856449001618998,0.2072,3.0149613899613903
COAI,7146,1781371800000,0.706228281208233,0.2072,3.0805984555984556
COAI,7147,1781372700000,0.8560801144492134,0.2072,3.1307915057915063
COAI,7148,1781373600000,0.8833138856476079,0.2072,3.1158301158301156
COAI,7149,1781374500000,0.8246734397677797,0.2072,3.033783783783784
COAI,7150,1781375400000,0.8180494905385736,0.2072,3.013996138996139
COAI,7151,1781376300000,0.7970199606409896,0.2072,3.0849420849420848
COAI,7152,1781377200000,0.7504051863857377,0.2072,3.1274131274131274
COAI,7153,1781378100000,1.0149047750483025,0.2072,3.523166023166023
COAI,7154,1781379000000,0.9565336249316565,0.2072,3.4541505791505793
COAI,7155,1781379900000,0.8976099945681693,0.2072,3.372104247104247
COAI,7156,1781380800000,0.9052375809935205,0.2072,3.405888030888031
COAI,7157,1781381700000,0.8327922077922079,0.2072,3.2693050193050195
COAI,7158,1781382600000,0.7564625850340136,0.2072,3.11534749034749
COAI,7159,1781383500000,0.7023004059539919,0.2072,3.0357142857142856
COAI,7160,1781384400000,0.7380043620501633,0.2072,3.0767374517374515
COAI,7161,1781385300000,0.7440848517813432,0.2072,3.09507722007722
COAI,7162,1781386200000,0.7875888463641334,0.2072,3.1558880308880313
COAI,7163,1781387100000,0.8370266479663395,0.2072,3.160714285714286
COAI,7164,1781388000000,0.7437722419928825,0.2072,3.0743243243243246
EDEN,4877,1779329700000,0.6788222249599605,0.03339,4.0811620245582505
EDEN,4878,1779330600000,0.7335748188858355,0.03339,4.156633722671458
EDEN,4879,1779331500000,0.6861762125579647,0.03339,4.029350104821803
EDEN,4881,1779333300000,0.6007485963817842,0.03339,3.8424678047319554
EDEN,4894,1779345000000,0.6187476376464662,0.03339,3.8478586403114705
EDEN,4919,1779367500000,0.6539553251882018,0.03339,4.013776579814316
EDEN,4920,1779368400000,0.6418316831683168,0.03339,3.9730458221024256
EDEN,4928,1779375600000,0.6022027475130269,0.03339,4.051811919736448
H,5928,1780275600000,1.013813997442882,0.16719,4.333572582092231
H,5929,1780276500000,0.7782709487730408,0.16719,3.7622465458460432
H,5930,1780277400000,0.8661548269076196,0.16719,4.027094921945093
H,5931,1780278300000,0.8469342375896383,0.16719,3.9744601949877385
H,5932,1780279200000,0.9079987620628533,0.16719,4.05622345834081
H,5933,1780280100000,0.9127142619404225,0.16719,4.1247084155750935
H,5934,1780281000000,0.8763883118681624,0.16719,4.052096417249835
H,5935,1780281900000,0.916415876440861,0.16719,4.037322806387942
H,5936,1780282800000,0.8774028919761836,0.16719,3.9605239547819844
H,5937,1780283700000,0.908418820562783,0.16719,3.983491835636103
H,5938,1780284600000,0.8336886993603412,0.16719,3.8578862372151446
H,5939,1780285500000,0.769643109042178,0.16719,3.7517196004545723
H,5940,1780286400000,0.7483638563493373,0.16719,3.802918834858544
H,5941,1780287300000,0.7094203283566232,0.16719,3.8486751599976077
H,5942,1780288200000,0.6910365159822074,0.16719,3.9110592738800163
H,5943,1780289100000,0.7484622771275078,0.16719,4.029547221723787
H,5944,1780290000000,0.6775323072272466,0.16719,3.9830731503080328
H,5945,1780290900000,0.662213344401785,0.16719,3.8324660565823314
H,5946,1780291800000,0.6837307702353279,0.16719,3.8557928105747945
H,5947,1780292700000,0.6575028931464575,0.16719,3.8550152521083794
H,5948,1780293600000,0.6433395346466526,0.16719,3.856869429989832
H,5949,1780294500000,0.6729613951484119,0.16719,3.9476045218015434
H,5950,1780295400000,0.7224689049881852,0.16719,3.967581793169448
H,5951,1780296300000,0.7432360473666861,0.16719,4.1119684191638255
H,5952,1780297200000,0.7831095028159325,0.16719,4.185118727196603
H,5953,1780298100000,0.8036623879380602,0.16719,4.23583946408278
H,5954,1780299000000,0.7057723412858876,0.16719,4.036963933249596
H,5955,1780299900000,0.6652260131184218,0.16719,3.91769842693941
H,5956,1780300800000,0.6868961659717279,0.16719,3.968478976015312
H,5957,1780301700000,0.7163186427065553,0.16719,4.090256594293916
H,5958,1780302600000,0.6953552586164391,0.16719,4.113104850768586
H,5959,1780303500000,0.7949869345713778,0.16719,4.231891859560978
H,5960,1780304400000,0.8967791411042945,0.16719,4.438184101919971
H,5961,1780305300000,0.947775578914904,0.16719,4.532926610443208
H,5962,1780306200000,0.9128762797331025,0.16719,4.492553382379329
H,5963,1780307100000,0.9653191000331998,0.16719,4.6029068724206
H,5964,1780308000000,1.0315636252202558,0.16719,4.758298941324242
H,5965,1780308900000,1.0553003623743176,0.16719,4.817213948202644
H,5966,1780309800000,0.9996420078246864,0.16719,4.677313236437586
H,5967,1780310700000,1.0239370737188698,0.16719,4.632454094144387
H,5968,1780311600000,1.0206376016045606,0.16719,4.579580118428136
H,5969,1780312500000,1.0170037492739081,0.16719,4.569172797416114
H,5970,1780313400000,0.8995242675540072,0.16719,4.370416890962377
H,5971,1780314300000,0.9242197940413488,0.16719,4.392248340211735
H,5972,1780315200000,1.0776381707611113,0.16719,4.638554937496261
H,5973,1780316100000,1.1473103149691526,0.16719,4.7464561277588375
H,5974,1780317000000,1.1994329172960225,0.16719,4.964411747114061
H,5975,1780317900000,1.1754070111365449,0.16719,5.05903463125785
H,5976,1780318800000,1.1208676102396407,0.16719,4.965308929959926
H,5977,1780319700000,1.1201866379531351,0.16719,4.946468090196782
H,5978,1780320600000,1.2526107964877644,0.16719,5.186434595370536
H,5979,1780321500000,1.1708213820078224,0.16719,4.979424606734852
H,5980,1780322400000,1.193487592922207,0.16719,5.012261498893474
H,5981,1780323300000,1.1786159600997506,0.16719,5.016328727794725
H,5982,1780324200000,1.1000436087525332,0.16719,4.896584723966744
H,5983,1780325100000,1.058608986373537,0.16719,4.861415156408875
H,5984,1780326000000,1.0230985624693525,0.16719,4.688617740295472
H,5985,1780326900000,0.9184474487570868,0.16719,4.472934984149769
H,5986,1780327800000,0.8786902020977232,0.16719,4.392487588970632
H,5987,1780328700000,0.8669056458840096,0.16719,4.361026377175668
H,5988,1780329600000,0.7298297182242044,0.16719,4.08313894371673
H,5989,1780330500000,0.6458047117488424,0.16719,3.869250553262755
H,5990,1780331400000,0.6310793569788211,0.16719,3.8233147915545187
H,5994,1780335000000,0.643496038844876,0.16719,3.846521921167534
H,5996,1780336800000,0.6136837819958274,0.16719,3.7933488845026617
H,5997,1780337700000,0.6129097531363821,0.16719,3.814103714336982
H,5998,1780338600000,0.6455795379871605,0.16719,3.894311860757222
H,5999,1780339500000,0.6147572126953571,0.16719,3.8129672827322207
H,6000,1780340400000,0.725351932100823,0.16719,4.024582809976673
H,6001,1780341300000,0.7054233720900387,0.16719,3.9742209462288414
H,6002,1780342200000,0.6915374594497945,0.16719,3.9608828279203303
H,6003,1780343100000,0.7865635994761035,0.16719,4.160954602547999
H,6004,1780344000000,0.7884168688380735,0.16719,4.144625874753275
H,6005,1780344900000,0.8164715066354411,0.16719,4.175309528081823
H,6006,1780345800000,0.7515882276675743,0.16719,4.040313415874155
H,6007,1780346700000,0.7660905687471153,0.16719,4.119504755069083
H,6008,1780347600000,0.7604908541271711,0.16719,4.110233865661821
H,6009,1780348500000,0.7706291575686792,0.16719,4.1711824869908485
H,6010,1780349400000,0.7888299216578216,0.16719,4.2337460374424305
H,6011,1780350300000,0.8170849540420684,0.16719,4.386805430946827
H,6012,1780351200000,0.799265605875153,0.16719,4.396195944733536
H,6013,1780352100000,0.8193175902702192,0.16719,4.598839643519349
H,6014,1780353000000,0.7463608898654217,0.16719,4.563789700340929
H,6782,1781044200000,0.6739400899607619,0.05229,3.3449990437942243
H,6784,1781046000000,0.7608957622012453,0.05229,3.353413654618474
H,6785,1781046900000,0.9220614637237301,0.05229,3.480589022757697
H,6786,1781047800000,1.427233611743862,0.05229,3.6680053547523426
H,6787,1781048700000,1.7603610997127617,0.05229,3.8594377510040156
H,6788,1781049600000,2.359404741304724,0.05229,3.7127557850449415
H,6789,1781050500000,2.0840257093588335,0.05229,3.7622872442149546
H,6790,1781051400000,2.184563758389262,0.05229,3.629757123733027
H,6791,1781052300000,1.6373445227034318,0.05229,3.3656530885446547
H,6792,1781053200000,1.6113966142684402,0.05229,3.304073436603557
H,6793,1781054100000,1.064904413500118,0.05229,3.3463377318799004
H,6794,1781055000000,0.8971765228990662,0.05229,3.2639127940332755
H,6795,1781055900000,0.6111981205951449,0.05229,3.147829412889654
H,6797,1781057700000,1.216774357025212,0.05229,3.3461464907248035
H,6798,1781058600000,1.5959021058622653,0.05229,3.4890036335819463
H,6799,1781059500000,1.821653120687011,0.05229,3.5188372537770127
H,6800,1781060400000,1.4641703377386195,0.05229,3.2092178236756546
H,6801,1781061300000,1.610319721430833,0.05229,3.1539491298527444
H,6802,1781062200000,1.3229469602548125,0.05229,3.207879135589979
H,6803,1781063100000,1.2611491108071133,0.05229,3.1610250525913175
H,6804,1781064000000,0.9759651307596515,0.05229,3.0344234079173837
H,6805,1781064900000,1.012172400943982,0.05229,3.098106712564544
H,6806,1781065800000,0.8549618320610688,0.05229,3.1135972461273664
H,6807,1781066700000,0.7459559222668548,0.05229,3.0755402562631473
H,6808,1781067600000,0.8564636631197646,0.05229,3.1363549435838594
H,6809,1781068500000,1.067838312829526,0.05229,3.3752151462994835
H,6810,1781069400000,0.9253024723829564,0.05229,3.4997131382673548
H,6811,1781070300000,0.6851851851851851,0.05229,3.341365461847389
H,6812,1781071200000,0.614828544949027,0.05229,3.332185886402754
H,6813,1781072100000,0.6085256887565154,0.05229,3.30502964237904
H,6814,1781073000000,0.6004431314623337,0.05229,3.3153566647542547
H,6817,1781075700000,0.6911552866609048,0.05229,3.3677567412507172
H,6818,1781076600000,0.6761579347000761,0.05229,3.377318799005546
H,6851,1781106300000,0.6471300384560605,0.05229,4.423216676228724
H,6852,1781107200000,0.6024773973090338,0.05229,4.304838401223943
H,7004,1781244000000,0.6771644459825805,0.05229,5.560719066743162
H,7005,1781244900000,0.6344678674924711,0.05229,5.501051826353031
H,7006,1781245800000,0.6311577048810733,0.05229,5.534519028494931
H,7187,1781408700000,0.6636969379351652,0.05229,8.499521897112258
H,7188,1781409600000,0.7262186284232204,0.05229,8.655192197360872
H,7189,1781410500000,0.8100323498460458,0.05229,8.881239242685025
H,7190,1781411400000,0.7963708086785011,0.05229,8.708739720787912
H,7191,1781412300000,0.7806411550104788,0.05229,8.774144195830942
H,7192,1781413200000,0.7704943437161009,0.05229,8.739720787913559
H,7193,1781414100000,0.9487099540104453,0.05229,9.562057754828839
H,7194,1781415000000,0.9088806660499538,0.05229,9.471026965002869
H,7195,1781415900000,1.0970896758419433,0.05229,10.16982214572576
H,7196,1781416800000,1.1461198529715442,0.05229,9.937655383438516
H,7197,1781417700000,1.3371897349600337,0.05229,10.624402371390323
H,7198,1781418600000,1.3243901378440666,0.05229,10.222604704532415
H,7199,1781419500000,1.4131036046248013,0.05229,10.178045515394912
H,7200,1781420400000,1.1960095369557036,0.05229,10.040160642570282
H,7201,1781421300000,1.2394378122089575,0.05229,10.116657104608912
H,7202,1781422200000,1.3310225303292897,0.05229,10.28877414419583
H,7203,1781423100000,1.2887347484539529,0.05229,10.475043029259897
H,7204,1781424000000,1.5287757237530517,0.05229,11.091986995601452
H,7205,1781424900000,1.5295109612141649,0.05229,11.18760757314974
H,7206,1781425800000,1.5909512565356718,0.05229,11.751195257219353
H,7207,1781426700000,1.5466848242403608,0.05229,11.444253203289346
H,7208,1781427600000,1.5206654090207512,0.05229,11.243449990437941
H,7209,1781428500000,1.3977715185154502,0.05229,11.07037674507554
H,7210,1781429400000,1.354930506866829,0.05229,10.919869956014534
H,7211,1781430300000,1.3988252812706818,0.05229,11.090839548670873
H,7212,1781431200000,1.3868241890268322,0.05229,11.39778160260088
H,7213,1781432100000,1.4243020686884917,0.05229,11.541977433543698
H,7214,1781433000000,1.3810718911917097,0.05229,11.249187225090838
H,7215,1781433900000,1.26067519654694,0.05229,11.218206157965193
H,7216,1781434800000,1.283808205483139,0.05229,11.358768406961177
H,7217,1781435700000,1.2703387518029081,0.05229,11.138076113979727
H,7218,1781436600000,1.2972653479391596,0.05229,11.149359342130426
H,7219,1781437500000,1.3376995660309752,0.05229,11.228915662650602
H,7220,1781438400000,1.201283547257876,0.05229,10.82329317269076
H,7221,1781439300000,0.9041490006056936,0.05229,9.619430101357812
H,7222,1781440200000,0.8707009468208524,0.05229,9.559571619812584
H,7223,1781441100000,0.7704218437252159,0.05229,8.965194109772423
H,7224,1781442000000,0.6404677928346019,0.05229,8.45018167909734
H,7237,1781453700000,0.7250099059832136,0.05229,9.158156435264868
HMSTR,9131,1783158300000,0.9162884518406456,0.0001216,3.125
HMSTR,9133,1783160100000,0.84375,0.0001216,3.008223684210526
HMSTR,9134,1783161000000,0.87455919395466,0.0001216,3.060032894736842
HMSTR,9135,1783161900000,0.857358870967742,0.0001216,3.0304276315789473
HMSTR,9136,1783162800000,0.8387909319899243,0.0001216,3.001644736842105
HMSTR,9137,1783163700000,1.1435,0.0001262,3.3969889064976226
HMSTR,9138,1783164600000,1.0909090909090908,0.0001293,3.2552204176334105
HMSTR,9139,1783165500000,1.0255653883972466,0.0001326,3.1070889894419307
HMSTR,9140,1783166400000,1.1488736532810968,0.0001337,3.281974569932685
HMSTR,9141,1783167300000,1.0452358036573628,0.0001352,3.1434911242603545
HOME,5948,1780293600000,0.6055846422338569,0.01311,3.508771929824561
IOST,15586,1788967800000,0.9606666666666668,0.0005173,3.4111734003479603
IOST,15587,1788968700000,0.8753979580634539,0.0005173,3.3023390682389326
IOST,15588,1788969600000,0.9384138236597253,0.0005173,3.3829499323410013
IOST,15589,1788970500000,0.8425442010452575,0.0005173,3.203170307365165
IOST,15590,1788971400000,1.032982844493636,0.0005173,3.5507442489851146
IOST,15591,1788972300000,1.1407918149466192,0.0005173,3.7212449255751014
IOST,15592,1788973200000,1.0842596709648733,0.0005173,3.624589213222501
IOST,15593,1788974100000,1.077879221207788,0.0005173,3.6516528126812293
IOST,15594,1788975000000,1.056272362571831,0.0005173,3.666151169534119
IOST,15595,1788975900000,1.1136563876651984,0.0005173,3.7100328629421995
IOST,15596,1788976800000,1.0878400524418224,0.0005173,3.694181326116373
IOST,15597,1788977700000,1.1984825159445789,0.0005173,3.8648753141310643
IOST,15598,1788978600000,1.4517387427552388,0.0005173,4.2522714092402865
IOST,15599,1788979500000,1.354827894501565,0.0005173,4.073265029963271
IOST,15600,1788980400000,1.4098003213220105,0.0005173,4.059346607384496
IOST,15601,1788981300000,1.2200662024883004,0.0005173,3.759907210516141
IOST,15602,1788982200000,1.315705493503533,0.0005173,3.9277015271602544
IOST,15603,1788983100000,1.3167255729107286,0.0005173,3.928088150009665
IOST,15604,1788984000000,1.2812075983717777,0.0005173,3.9000579934274113
IOST,15605,1788984900000,1.4391185824625166,0.0005173,4.151169534119465
IOST,15606,1788985800000,1.3809849521203832,0.0005173,4.037502416392808
IOST,15607,1788986700000,1.284857401539158,0.0005173,3.9027643533732843
IOST,15608,1788987600000,1.4033556286135358,0.0005173,4.098202203750241
IOST,15609,1788988500000,1.4263038548752833,0.0005173,4.136864488691281
IOST,15610,1788989400000,1.396950939935809,0.0005173,4.042335202010438
IOST,15611,1788990300000,1.3923875432525952,0.0005173,4.00966557123526
IOST,15612,1788991200000,1.4320874065554916,0.0005173,4.087956698240866
IOST,15613,1788992100000,1.357009781089893,0.0005173,3.9130098588826594
IOST,15614,1788993000000,1.1654651162790697,0.0005173,3.6000386622849403
IOST,15615,1788993900000,1.2224936031635267,0.0005173,3.693988014691668
IOST,15616,1788994800000,1.1393394795191973,0.0005173,3.5437850376957276
IOST,15617,1788995700000,1.1369158878504675,0.0005173,3.5360525807075196
IOST,15618,1788996600000,1.1985724315469226,0.0005173,3.632128358786004
IOST,15619,1788997500000,1.2114506498068143,0.0005173,3.6512661898318184
IOST,15620,1788998400000,1.116331096196868,0.0005173,3.474579547651266
IOST,15621,1788999300000,1.1299564796905224,0.0005173,3.40595399188092
IOST,15622,1789000200000,0.9792125213988749,0.0005173,3.1289387202783683
IOST,15623,1789001100000,1.0609318996415769,0.0005173,3.223468006959211
IOST,15624,1789002000000,0.9613591756624142,0.0005173,3.0908563696114437
IOST,15625,1789002900000,0.8667626935541952,0.0005173,3.0063792770152715
IOST,15626,1789003800000,0.8319199057714957,0.0005173,3.0065725884399765
LAB,3042,1777678200000,0.6540509425816665,0.18941,6.068317406683914
LAB,3043,1777679100000,0.7953174375179546,0.18941,6.598912412227444
LAB,3044,1777680000000,0.7882642000289062,0.18941,6.532390053323478
LAB,3045,1777680900000,0.9175317185697809,0.18941,7.021804550974078
LAB,3046,1777681800000,0.8780768677126818,0.18941,6.888231877936751
LAB,3047,1777682700000,0.8950572546745905,0.18941,6.902486669130457
LAB,3048,1777683600000,0.8436231884057972,0.18941,6.716118473153477
LAB,3049,1777684500000,0.9266666666666667,0.18941,7.018636819597698
LAB,3050,1777685400000,0.9851670506912442,0.18941,7.277862837231403
LAB,3051,1777686300000,0.7752841317796,0.18941,6.514967530753392
LAB,3052,1777687200000,0.683457355466514,0.18941,6.21086531862098
LAB,3053,1777688100000,0.6994377973187258,0.18941,6.224064199355895
LAB,3054,1777689000000,0.767973383480399,0.18941,6.4526688136846
LAB,3055,1777689900000,0.8457392571012381,0.18941,6.689720711683649
LAB,3056,1777690800000,0.8795302986372862,0.18941,6.844939549126234
LAB,3057,1777691700000,1.0187527256868734,0.18941,7.331714270629851
LAB,3058,1777692600000,1.0843111690569316,0.18941,7.596219840557521
LAB,3059,1777693500000,1.1378807753971723,0.18941,7.7440473047885545
LAB,3060,1777694400000,1.2326906222611744,0.18941,8.069795681326223
LAB,3061,1777695300000,1.314868804664723,0.18941,8.38392904281717
LAB,3062,1777696200000,1.4744280926708435,0.18941,8.965735705612165
LAB,3063,1777697100000,1.6229364499634773,0.18941,9.478908188585608
LAB,3064,1777698000000,1.8890515222482436,0.18941,10.420780317829049
LAB,3065,1777698900000,1.9260023584905661,0.18941,10.479911303521462
LAB,3066,1777699800000,1.7337969813554306,0.18941,9.75397286310121
LAB,3067,1777700700000,2.504163623082542,0.18941,12.663534132305582
LAB,3068,1777701600000,2.1787693205016043,0.18941,11.50942400084473
LAB,3069,1777702500000,1.806451612903226,0.18941,10.059130985692413
LAB,3070,1777703400000,1.6108338226658834,0.18941,9.389683754817591
LAB,3071,1777704300000,1.5295162006213938,0.18941,9.026450556992767
LAB,3072,1777705200000,1.7414353219137624,0.18941,9.801488833746898
LAB,3073,1777706100000,1.4422735346358793,0.18941,8.711261285043028
LAB,3074,1777707000000,1.6835311572700293,0.18941,9.549126234095349
LAB,3075,1777707900000,1.7743992880450903,0.18941,9.875402565862416
LAB,3076,1777708800000,1.8626958321016849,0.18941,10.225964838181723
LAB,3077,1777709700000,1.8406245396965684,0.18941,10.181616598912413
LAB,3078,1777710600000,1.9182481751824816,0.18941,10.55382503563698
LAB,3079,1777711500000,1.7272464605605315,0.18941,9.966738820548017
LAB,3080,1777712400000,1.7613835376532396,0.18941,9.989440895412068
LAB,3081,1777713300000,2.0536052439912598,0.18941,11.067525473839817
LAB,3082,1777714200000,2.1483364811855292,0.18941,11.440789821023177
LAB,3083,1777715100000,2.1589316987740803,0.18941,11.427590940288264
LAB,3084,1777716000000,2.2661408121530826,0.18941,11.805078929306797
LAB,3085,1777716900000,2.18197598727036,0.18941,11.613431181035848
LAB,3086,1777717800000,2.116107000569152,0.18941,11.562219523784384
LAB,3087,1777718700000,2.0956112852664575,0.18941,11.469827358639987
LAB,3088,1777719600000,2.057199211045365,0.18941,11.456628477905074
LAB,3089,1777720500000,2.088636690130728,0.18941,11.351037432025764
LAB,3090,1777721400000,2.1172928018353883,0.18941,11.477746687080936
LAB,3091,1777722300000,2.237815366972477,0.18941,11.924924766379812
LAB,3092,1777723200000,2.175965665236052,0.18941,11.720606092603349
LAB,3093,1777724100000,2.2642634118648877,0.18941,12.142970276120584
LAB,3094,1777725000000,2.247244094488189,0.18941,11.975080513172484
LAB,3095,1777725900000,2.190743136409372,0.18941,11.719550182144555
LAB,3096,1777726800000,2.14293841558811,0.18941,11.6667546592049
LAB,3097,1777727700000,2.25597367291458,0.18941,12.014149200147827
LAB,3098,1777728600000,2.3751789292871455,0.18941,12.448656353941185
LAB,3099,1777729500000,2.29915014164306,0.18941,12.297133203104378
LAB,3100,1777730400000,2.673096014749681,0.18941,13.673512486141176
LAB,3101,1777731300000,2.954937138013844,0.18941,14.781162557415133
LAB,3102,1777732200000,2.891006635606381,0.18941,14.55044612216884
LAB,3103,1777733100000,3.0462427745664735,0.18941,15.152315083680906
LAB,3104,1777734000000,2.907134767836919,0.18941,14.571564331344701
LAB,3105,1777734900000,3.1358307120388904,0.18941,15.271632965524523
LAB,3106,1777735800000,3.2447924148829186,0.18941,15.600021118209177
LAB,3107,1777736700000,3.1271393643031784,0.18941,15.150203262763318
LAB,3108,1777737600000,3.6791769308795823,0.18941,17.048202312443905
LAB,3109,1777738500000,4.079027797991558,0.18941,18.424581595480703
LAB,3110,1777739400000,3.9136522753792296,0.18941,17.78575576791088
LAB,3111,1777740300000,3.9292693597783286,0.18941,17.844886753603294
LAB,3112,1777741200000,3.7586759988334792,0.18941,17.22981891135632
LAB,3113,1777742100000,3.7479912344777206,0.18941,17.158544955387782
LAB,3114,1777743000000,3.5732595397611417,0.18941,16.57779420305158
LAB,3115,1777743900000,3.0159767610748007,0.18941,14.59796209281453
LAB,3116,1777744800000,2.740897174482959,0.18941,13.560530067050314
LAB,3117,1777745700000,2.6034482758620685,0.18941,13.130774510321524
LAB,3118,1777746600000,1.7719837830280998,0.18941,10.468296288474738
LAB,3119,1777747500000,1.601007979840403,0.18941,9.80888020695845
LAB,3120,1777748400000,1.8555586359855836,0.18941,10.875877725568872
LAB,3121,1777749300000,1.5614867536575718,0.18941,10.260281928092498
LAB,3122,1777750200000,1.4961099585062243,0.18941,10.163138165883533
LAB,3123,1777751100000,1.7319714496677334,0.18941,11.720606092603349
LAB,3124,1777752000000,1.6925483833584423,0.18941,12.266511799799376
LAB,3125,1777752900000,1.7851868943239504,0.18941,12.745895148091442
LAB,3126,1777753800000,2.0673881512886307,0.18941,14.51507312179927
LAB,3127,1777754700000,2.158319513543394,0.18941,15.082097038171163
LAB,3128,1777755600000,2.3508211678832116,0.18941,15.511324639670557
LAB,3129,1777756500000,2.9639671780235464,0.18941,17.598331661475108
LAB,3130,1777757400000,3.722842990438889,0.18941,21.645636450029038
LAB,3131,1777758300000,3.1884542516438206,0.18941,19.842141386410432
LAB,3132,1777759200000,2.8941609914033712,0.18941,18.415078401351565
LAB,3133,1777760100000,2.499252615844544,0.18941,17.303204688242438
LAB,3134,1777761000000,2.3588516746411483,0.18941,17.048730267673303
LAB,3135,1777761900000,1.584639175257732,0.18941,13.236365556200834
LAB,3136,1777762800000,1.454718779790277,0.18941,13.594847156961091
LAB,3137,1777763700000,1.1247370827617744,0.19187,12.109240631677697
LAB,3138,1777764600000,0.9170659465110202,0.1919,11.46743095362168
LAB,3139,1777765500000,0.7045510657559049,0.1919,10.7931214174049
LAB,3140,1777766400000,0.7833361500760518,0.1919,10.997394476289735
LAB,3141,1777767300000,0.7263595699599781,0.1919,11.463783220427306
LAB,3143,1777769100000,0.645301204819277,0.1919,10.67430953621678
LAB,3242,1777858200000,1.0507453219156355,0.19261,13.428170915321115
LAB,3243,1777859100000,0.8517692750287686,0.19261,13.367426405690255
LAB,3244,1777860000000,0.934821620845596,0.19261,13.994081304189812
LAB,3245,1777860900000,1.1857577073382548,0.19261,13.067338144436945
LAB,3246,1777861800000,0.9850758782594111,0.19261,12.292196666839727
LAB,3247,1777862700000,1.556726378644187,0.19261,11.337417579564924
LAB,3248,1777863600000,1.8176334702258727,0.19261,11.398681273038783
LAB,3249,1777864500000,1.191078901704603,0.19261,11.144800373812366
LAB,3250,1777865400000,0.8986497749624938,0.19261,11.827007943512799
LAB,3251,1777866300000,0.8645330277482195,0.19261,11.826488759669799
LAB,3252,1777867200000,0.849746950966564,0.19261,11.575203779658375
LAB,3253,1777868100000,0.6969536624083452,0.19261,11.655158091480192
LAB,3254,1777869000000,0.794135613927917,0.19261,12.198743575099943
LAB,3255,1777869900000,0.9226556575954166,0.19261,11.84777529723275
LAB,3256,1777870800000,0.8207891112371384,0.19261,11.668137687555163
LAB,3257,1777871700000,0.8697983150370181,0.19261,11.407507398369763
LAB,3258,1777872600000,0.9280231192991963,0.19261,11.084055864181506
LAB,3259,1777873500000,1.007574358026972,0.19261,11.283941643736046
LAB,3260,1777874400000,0.9951129552789304,0.19261,11.233580810965162
LAB,3261,1777875300000,1.0495095749649694,0.19261,11.3908935153938
LAB,3262,1777876200000,1.0122524182404424,0.19261,11.340532682622916
LAB,3263,1777877100000,0.9581464872944694,0.19261,10.882093349254971
LAB,3264,1777878000000,1.091965340685309,0.19261,11.03057992835263
LAB,3265,1777878900000,0.986169280218175,0.19261,10.58719692643165
LAB,3266,1777879800000,1.0251848890665602,0.19261,10.520741394527803
LAB,3267,1777880700000,0.9808847077662131,0.19261,10.276205804475365
LAB,3268,1777881600000,0.6626844694307799,0.1932,9.797101449275361
LAB,3269,1777882500000,0.721550061371208,0.19351,10.147279210376725
LAB,3270,1777883400000,0.7681559110130538,0.1952,9.853483606557376
LAB,3369,1777972500000,0.6818874560375148,0.21763,13.184303634609199
LAB,3370,1777973400000,0.7024739583333335,0.21763,13.21738730873501
LAB,3371,1777974300000,0.6805917159763313,0.21763,13.050590451684052
LAB,3378,1777980600000,0.605291145971816,0.21763,11.096815696365391
LAB,3379,1777981500000,0.6550498838321717,0.21763,11.128980379543263
LAB,3381,1777983300000,0.6454331634653077,0.21763,11.572393511923908
LAB,3382,1777984200000,0.6401906274821285,0.21763,12.335155998713413
LAB,3385,1777986900000,0.6225786551511412,0.21848,12.038630538264371
LAB,3386,1777987800000,0.6882507507507507,0.21877,12.33487224025232
LAB,3388,1777989600000,0.6033594197365908,0.21877,11.518946839146135
LAB,3392,1777993200000,0.6548295454545456,0.21877,11.715500297115694
LAB,3399,1777999500000,0.6494585746663308,0.22491,11.649104086078877
LAB,3400,1778000400000,0.667552182163188,0.22848,11.538865546218489
LAB,3401,1778001300000,0.7385761171421357,0.2358,11.681933842239186
LAB,3402,1778002200000,0.6293727382388419,0.23775,11.362776025236593
LAB,3403,1778003100000,0.6803094584477165,0.23973,11.234305260084263
LAB,3404,1778004000000,0.6833840233380919,0.23973,11.313143953614484
LAB,3405,1778004900000,0.6922609646458511,0.23973,11.620573144787887
LAB,3406,1778005800000,0.6351242486211812,0.23973,11.006549034330288
LAB,3407,1778006700000,0.6936981861247895,0.23973,11.334417886789305
LAB,3408,1778007600000,0.6368583797155225,0.23973,11.040754181787843
LAB,3409,1778008500000,0.6336676305912754,0.23973,11.07579360113461
LAB,3410,1778009400000,0.6213924963924964,0.23973,11.248905018145413
LAB,3411,1778010300000,0.6473812423873326,0.23973,11.283527301547574
LAB,3412,1778011200000,0.7364375275660009,0.23973,11.495849497351188
LAB,3413,1778012100000,0.7152804152424357,0.23973,11.303549826888583
LAB,3414,1778013000000,0.7014399798780104,0.24032,11.25915446071904
LAB,3415,1778013900000,0.7724065847922656,0.24032,11.289946737683088
LAB,3416,1778014800000,0.9629214963119075,0.24032,12.402213715046605
LAB,3417,1778015700000,0.9720538720538721,0.24032,12.185835552596538
LAB,3418,1778016600000,0.9824598037168508,0.24032,11.85169773635153
LAB,3419,1778017500000,0.7709480122324159,0.24215,11.957464381581666
LAB,3420,1778018400000,0.7485843025025878,0.24215,11.859178195333472
LAB,3421,1778019300000,0.7881581389593515,0.24215,11.93557712161883
LAB,3422,1778020200000,0.7750206782464846,0.24215,11.520958083832335
LAB,3423,1778021100000,0.6578016424510422,0.24215,10.837497418955193
LAB,3424,1778022000000,0.8125164864151939,0.24215,11.350402642989883
LAB,3425,1778022900000,0.722688,0.24215,11.11583729093537
LAB,3427,1778024700000,0.6499722444951583,0.24215,11.047284740863102
LAB,3428,1778025600000,0.6551106167346434,0.24215,11.060499690274623
LAB,3435,1778031900000,0.6320689655172413,0.24524,11.57967705105203
LAB,3436,1778032800000,0.6836943195749896,0.24524,11.759908660903603
LAB,3437,1778033700000,0.6818614615567724,0.24524,11.5242211710977
LAB,3438,1778034600000,0.6862436425284575,0.24694,11.278043249372319
LAB,3439,1778035500000,0.7011034315508671,0.24753,11.335191693936089
LAB,3441,1778037300000,0.6170237473146376,0.25047,11.119096099333253
LAB,3442,1778038200000,0.6298662880132528,0.25066,10.990185909199713
LAB,3443,1778039100000,0.6540511081506601,0.252,10.839285714285714
LAB,3444,1778040000000,0.6358573290674252,0.252,10.956349206349207
LAB,3445,1778040900000,0.6998772252915899,0.252,10.988492063492062
LAB,3446,1778041800000,0.6714739672451722,0.252,10.853968253968253
LAB,3447,1778042700000,0.6777187519081638,0.252,10.903174603174602
LAB,3448,1778043600000,0.6235414411163238,0.252,10.711507936507937
LAB,3450,1778045400000,0.6745618190431073,0.252,11.222222222222221
LAB,3451,1778046300000,0.6668812547550769,0.252,11.302380952380952
LAB,3452,1778047200000,0.6303935650675094,0.252,11.260714285714284
LAB,3453,1778048100000,0.6284698325303968,0.252,11.267460317460317
LAB,3487,1778078700000,0.6293556386868981,0.28021,13.833910281574532
LAB,3490,1778081400000,0.68284242400409,0.28021,15.271760465365261
LAB,3491,1778082300000,0.7045498102648624,0.28021,15.8702401770101
LAB,3492,1778083200000,0.651345900240478,0.28021,15.193961671603441
LAB,3493,1778084100000,0.7039520112914606,0.28021,15.510153099461117
LAB,3494,1778085000000,0.7232510288065845,0.28021,15.541914992327184
LAB,3495,1778085900000,0.7448178391959799,0.28021,15.8609614217908
LAB,3496,1778086800000,0.7529753932111285,0.28021,16.347382320402556
LAB,3497,1778087700000,0.6246544639521852,0.28021,15.521216230684129
LAB,3498,1778088600000,0.65945576682227,0.28021,15.604368152457084
LAB,3499,1778089500000,0.6200716845878134,0.28191,15.23181157106878
LAB,3500,1778090400000,0.6030724594554382,0.28278,15.240469623028504
LAB,3501,1778091300000,0.6273957811114108,0.28278,14.923261899710022
LAB,3505,1778094900000,0.6204631738800304,0.28361,15.049892457952824
LAB,3511,1778100300000,0.6032420640890628,0.28361,15.03014703289729
LAB,3517,1778105700000,0.6177728613569322,0.28361,15.469835337258914
LAB,3518,1778106600000,0.69910151022749,0.28361,15.669405169070203
LAB,3519,1778107500000,0.7147906262005375,0.28361,15.738514156764571
LAB,3520,1778108400000,0.642472814839899,0.28361,15.39155883078876
LAB,3521,1778109300000,0.7922643151799567,0.28361,16.69793025633793
LAB,3522,1778110200000,0.7199392904572186,0.28361,15.982863791826805
LAB,3523,1778111100000,0.7675370828182941,0.28361,16.134127851627238
LAB,3524,1778112000000,0.8019132943588188,0.28361,16.736363315821023
LAB,3525,1778112900000,0.7850575154849382,0.28361,16.360142449137903
LAB,3526,1778113800000,0.7320406626506022,0.28361,16.220514086245196
LAB,3527,1778114700000,0.7555946597299259,0.28361,16.18172842988611
LAB,3528,1778115600000,0.7373443188350257,0.28361,15.985331969958747
LAB,3529,1778116500000,0.7205042725217459,0.28361,15.831599732026376
LAB,3530,1778117400000,0.6848592198974133,0.28361,16.09886816402807
LAB,3531,1778118300000,0.6220529561117156,0.28361,15.768132294347875
LAB,3532,1778119200000,0.6170212765957446,0.28499,16.00056142320783
LAB,3533,1778120100000,0.6607032246310804,0.28611,15.930236622278148
LAB,3534,1778121000000,0.6504470858620319,0.28611,16.063751703890112
LAB,3535,1778121900000,0.7358483553242892,0.28703,16.271121485559
LAB,3536,1778122800000,0.6733330886939928,0.28883,15.787833673787349
LAB,3537,1778123700000,0.6870072243206571,0.29,15.863103448275863
LAB,3538,1778124600000,0.736702227213176,0.29016,15.989798731734217
LAB,3539,1778125500000,0.6635339035941112,0.3006,15.074184963406521
LAB,3540,1778126400000,0.659090909090909,0.30176,14.998674443266172
LAB,3541,1778127300000,0.704119297209508,0.30328,15.222896333421259
LAB,3542,1778128200000,0.660661872615204,0.30411,14.883759166091217
LAB,3543,1778129100000,0.6886259139217608,0.30626,14.63005289623196
LAB,3544,1778130000000,0.6964113232781037,0.30629,14.908746612687322
LAB,3545,1778130900000,0.6491553808067569,0.30629,14.789578504032125
LAB,3546,1778131800000,0.6142877666834281,0.30629,14.674001763035033
LAB,3547,1778132700000,0.6035679948723427,0.30629,14.702732704299848
LAB,3549,1778134500000,0.7554236449720868,0.30629,16.220575271801234
LAB,3550,1778135400000,0.7400502352566594,0.30629,16.058637239217735
LAB,3551,1778136300000,0.7191753762166433,0.30629,15.627999608214436
LAB,3552,1778137200000,0.618955643658297,0.3065,15.587928221859707
LAB,3579,1778161500000,0.8216016322366744,0.3065,13.98205546492659
LAB,3983,1778525100000,0.6875434178534214,0.40889,19.01122551297415
LAB,5743,1780109100000,0.6221503713596215,0.6579,10.523635810913511
LAB,5744,1780110000000,0.6537826461080491,0.6579,10.808785529715763
LAB,5745,1780110900000,0.6696347615837073,0.6579,10.91594467244262
LAB,5746,1780111800000,0.6335727362343331,0.6579,10.579115367077062
LAB,5963,1780307100000,0.924865159215849,0.6733,22.049754938363286
LAB,5964,1780308000000,0.8520674123184371,0.6733,21.740680231694636
LAB,5965,1780308900000,1.0219275210084033,0.6733,22.870934204663595
LAB,5966,1780309800000,1.2299627774951127,0.6733,24.73592752116441
LAB,5967,1780310700000,1.2061341036461175,0.6733,24.61413931382742
LAB,5968,1780311600000,0.9924827062257586,0.6733,22.20258428635081
LAB,5969,1780312500000,0.9178009216098872,0.6733,21.38719738600921
LAB,5970,1780313400000,0.8959128214981746,0.6733,20.51685727016189
LAB,5971,1780314300000,0.9557619870288028,0.6733,20.51269864844794
LAB,5972,1780315200000,1.0715549609425574,0.6733,21.38719738600921
LAB,5973,1780316100000,1.1472454729470978,0.6733,23.317688994504678
LAB,5974,1780317000000,1.1007380073800737,0.6733,22.829496509728205
LAB,5975,1780317900000,1.1042738425009895,0.6733,22.1134709639091
LAB,5976,1780318800000,1.0359653088906242,0.6733,22.070251002524877
LAB,5977,1780319700000,0.9443083212627417,0.6733,21.33194712609535
LAB,5978,1780320600000,1.025845311430527,0.6733,21.97950393583841
LAB,5979,1780321500000,0.9573174080175728,0.6733,21.17495915639388
LAB,5980,1780322400000,0.9207782523218766,0.6733,21.040695083915047
LAB,5981,1780323300000,1.00237960963398,0.6733,21.621119857418684
LAB,5982,1780324200000,1.001491080626796,0.6733,21.92989751967919
LAB,5983,1780325100000,1.0538930912088058,0.6733,22.946680528739044
LAB,5984,1780326000000,1.0333091962346126,0.6733,24.188920243576415
LAB,5985,1780326900000,1.0011847911503358,0.6733,24.584583395217585
LAB,5986,1780327800000,0.9753279503406802,0.6733,24.198574186840933
LAB,5987,1780328700000,0.8746062052505963,0.6733,23.33165008168721
LAB,5988,1780329600000,0.9187201667030116,0.6733,23.52220406950839
LAB,5989,1780330500000,0.89692303944259,0.6733,23.128768750928263
LAB,5990,1780331400000,1.0388304878351846,0.6733,24.369671765929006
LAB,5991,1780332300000,1.0523184294429244,0.6733,24.283380365364625
LAB,5992,1780333200000,0.9468298433455271,0.6733,23.79192039209862
LAB,5993,1780334100000,0.9296484233417908,0.6733,23.721520867369673
LAB,5994,1780335000000,0.9969118572802964,0.6733,24.970444081390166
LAB,5995,1780335900000,0.9429266909297158,0.6733,24.420911926332984
LAB,5996,1780336800000,0.9325785357401406,0.6733,24.185504232882813
LAB,5997,1780337700000,0.9860382252063364,0.6733,24.33833358087034
LAB,5998,1780338600000,0.8976779669098363,0.6733,23.644734887865734
LAB,5999,1780339500000,0.8812375965377903,0.6733,23.3711569879697
LAB,6000,1780340400000,0.8296555942410839,0.6733,23.10262884301203
LAB,6001,1780341300000,0.8122473819584788,0.6733,23.44051685727016
LAB,6002,1780342200000,0.6910534524315892,0.6733,23.028516263181345
LAB,6003,1780343100000,0.6614839237996726,0.6733,22.901975345314124
LAB,6004,1780344000000,0.776730174425958,0.6733,22.950245061636714
LAB,6005,1780344900000,0.693134962325324,0.6733,22.260210901529778
LAB,6006,1780345800000,0.7041089999660506,0.6733,22.36551314421506
LAB,6007,1780346700000,0.701295751615431,0.6733,22.25025991385712
LAB,6008,1780347600000,0.7283832495216054,0.6733,23.073518491014404
LAB,6009,1780348500000,0.6828888985557684,0.6733,22.98306846873608
LAB,6010,1780349400000,0.7046634999556067,0.6733,22.81256497846428
LAB,6011,1780350300000,0.7122166726514978,0.6733,23.370117332541213
LAB,6012,1780351200000,0.7441576892528332,0.6733,23.156393880885194
LAB,6013,1780352100000,0.7984757851769022,0.6733,24.604633892766966
LAB,6014,1780353000000,0.7755565651976375,0.6733,24.377840487152827
LAB,6015,1780353900000,0.7173522236014209,0.6733,23.836328531115402
LAB,6016,1780354800000,0.6894547904538326,0.6733,23.835288875686917
LAB,6017,1780355700000,0.7326253186066269,0.6733,24.230506460715876
LAB,6018,1780356600000,0.7147717666948437,0.6733,24.103074409624238
LAB,6019,1780357500000,0.6866305215819777,0.6733,23.840784197237486
LAB,6020,1780358400000,0.6881411828551749,0.6733,24.024357641467397
LAB,6021,1780359300000,0.71190485781036,0.6733,25.248626169612358
LAB,6022,1780360200000,0.6158235328308761,0.6733,24.772761027773655
LAB,6023,1780361100000,0.6260140694619538,0.6733,25.094905688400416
LAB,6024,1780362000000,0.8117087401891949,0.6733,24.718401901084214
LAB,6025,1780362900000,0.8166568312460383,0.6733,24.689588593494726
LAB,6026,1780363800000,0.7244529734465281,0.6733,24.557255309668797
LAB,6027,1780364700000,0.7084866664605045,0.6733,24.61636714688846
LAB,6028,1780365600000,0.7806852572416776,0.6733,24.46888459824744
LAB,6029,1780366500000,0.9092231840973086,0.6733,27.088964800237637
LAB,6030,1780367400000,0.826874936399715,0.6733,26.663745729986633
LAB,6031,1780368300000,0.8122059033224014,0.6733,26.42596168127135
LAB,6032,1780369200000,0.9394014499039594,0.6733,27.892469924253678
LAB,6033,1780370100000,0.9666533115542268,0.7402,25.86273980005404
LAB,6034,1780371000000,0.9514556108210532,0.942,20.116772823779193
LAB,6035,1780371900000,0.9461429867903601,0.954,20.23050314465409
LAB,6036,1780372800000,1.000082161673633,0.954,20.41362683438155
LAB,6037,1780373700000,0.9667909566217785,0.954,20.070545073375264
LAB,6038,1780374600000,0.9338027881116879,0.954,19.833438155136268
LAB,6039,1780375500000,0.8760960960960962,0.954,19.645911949685537
LAB,6040,1780376400000,0.9057293204002079,0.954,19.626415094339624
LAB,6041,1780377300000,0.8801161365508652,0.954,19.61666666666667
LAB,6042,1780378200000,0.8578898225957048,0.954,19.814570230607966
LAB,6043,1780379100000,0.8403727612483618,0.954,19.8727463312369
LAB,6044,1780380000000,0.8340035724861257,0.954,20.12578616352201
LAB,6045,1780380900000,0.8064800123834217,0.954,19.57285115303983
LAB,6046,1780381800000,0.7679558011049723,0.954,19.79035639412998
LAB,6047,1780382700000,0.7363657101145122,0.954,19.94727463312369
LAB,6048,1780383600000,0.7339866049354971,0.954,20.21802935010482
LAB,6049,1780384500000,0.8164970963569143,0.954,20.754716981132077
LAB,6050,1780385400000,0.6622148268161319,0.954,19.89517819706499
LAB,6051,1780386300000,0.6662882889176065,0.9901,19.27381072618927
LAB,6101,1780431300000,0.6466059092969603,1.4002,17.38108841594058
LAB,6102,1780432200000,0.6570315909625004,1.4002,17.625339237251822
LAB,6103,1780433100000,0.7426075544436699,1.4002,18.207398943008144
LAB,6104,1780434000000,0.6759820309235267,1.4002,18.331666904727896
LAB,6105,1780434900000,0.6532925161206278,1.4002,18.128124553635196
LAB,6106,1780435800000,0.6769515274841087,1.4002,18.0688473075275
LAB,6205,1780524900000,1.2339702760084923,1.5002,10.520597253699506
LAB,6206,1780525800000,0.9226618705035972,1.5002,10.688574856685776
LAB,6207,1780526700000,0.8373803408825589,1.5002,10.491267830955874
LAB,6208,1780527600000,0.7318799223832897,1.5002,10.113984802026396
LAB,6488,1780779600000,0.6117974058060531,2.9054,5.388930956150616
LAB,6505,1780794900000,0.6111929307805597,2.9054,4.895023060508019
LAB,6510,1780799400000,0.6462952947539213,2.9054,5.238521373993254
LAB,9163,1783187100000,1.7995664498916129,5.506,3.0492190337813296
LAB,9197,1783217700000,1.6937317310815199,5.506,3.012713403559753
LAB,9200,1783220400000,1.4340116279069766,5.506,3.0414093715946238
LAB,9201,1783221300000,1.2434841323430113,5.506,3.0172539048310933
LAB,9202,1783222200000,1.2480693672944043,5.506,3.013621503814021
LAB,9203,1783223100000,1.1957839262187089,5.506,3.026879767526335
LAB,9204,1783224000000,1.2217037728302893,5.506,3.026698147475481
LAB,9205,1783224900000,1.1533177812337998,5.506,3.0176171449328
LAB,9209,1783228500000,1.301974448315912,5.506,3.239738467126771
LAB,9210,1783229400000,1.3413974861467768,5.506,3.146385760988013
LAB,9211,1783230300000,1.338907014681892,5.506,3.1247729749364326
LAB,9212,1783231200000,1.1727214786488211,5.506,3.095713766799855
LAB,9213,1783232100000,0.9968265162200285,5.506,3.085543043952052
LAB,9216,1783234800000,0.8761140819964348,5.506,3.058481656374864
LAB,9217,1783235700000,0.880885806956716,5.506,3.0543043952052304
LAB,9218,1783236600000,0.8377061884202373,5.506,3.0148928441699967
LAB,9219,1783237500000,0.80806660899654,5.506,3.036868870323284
LAB,9220,1783238400000,0.7317904742225436,5.506,3.0443152924082817
LAB,9221,1783239300000,0.7441616923238037,5.506,3.024881946966945
MMT,11726,1785493800000,1.3377712031558184,0.1381,3.433019551049964
MUBARAK,16792,1790053200000,0.682751479289941,0.0189,3.0093650793650792
MUBARAK,16795,1790055900000,0.7812787693404211,0.0189,3.1735978835978838
MUBARAK,16796,1790056800000,0.7909475740801042,0.0189,3.201058201058201
MUBARAK,16797,1790057700000,0.753594036561557,0.0189,3.1366137566137566
MUBARAK,16798,1790058600000,0.7959954778055454,0.0189,3.194021164021164
MUBARAK,16799,1790059500000,0.8338767042086543,0.0189,3.2738095238095237
MUBARAK,16800,1790060400000,0.7793062904174015,0.0189,3.2027513227513227
MUBARAK,16804,1790064000000,0.6701535396155651,0.0189,3.0158201058201057
MUBARAK,16805,1790064900000,0.6473149492017416,0.0189,3.002645502645503
MUBARAK,16806,1790065800000,0.638860103626943,0.0189,3.012380952380952
MUBARAK,16807,1790066700000,0.6107991605694516,0.0189,3.0052910052910056
MUBARAK,16822,1790080200000,0.6339410628233884,0.0189,3.893015873015873
MUBARAK,16823,1790081100000,0.7088216852360971,0.0189,3.7491005291005295
MUBARAK,16824,1790082000000,0.6317842879239097,0.0189,3.7398941798941796
MUBARAK,16825,1790082900000,0.6645668193123968,0.0189,3.788783068783069
MUBARAK,16826,1790083800000,0.6590472267984624,0.0189,3.8363492063492064
MUBARAK,16827,1790084700000,0.6194680474420251,0.0189,3.8723280423280424
MUBARAK,16836,1790092800000,0.6605650265752157,0.0189,3.9838624338624338
MUBARAK,16837,1790093700000,0.6316618138682193,0.0189,4.0027513227513225
MUBARAK,16838,1790094600000,0.7639377522609054,0.0189,4.324074074074074
MUBARAK,16839,1790095500000,0.8776146666369651,0.0189,4.4596825396825395
MUBARAK,16840,1790096400000,0.9143016138007789,0.0189,4.55026455026455
MUBARAK,16841,1790097300000,0.9148714539007092,0.0189,4.5713756613756615
MUBARAK,16842,1790098200000,0.8780936567415352,0.0189,4.4286243386243385
MUBARAK,16843,1790099100000,0.8641118919041058,0.0189,4.365079365079366
MUBARAK,16844,1790100000000,0.8488282663771265,0.0189,4.324497354497354
MUBARAK,16845,1790100900000,0.8729630558151196,0.0189,4.348148148148148
MUBARAK,16846,1790101800000,0.8836045906240801,0.0189,4.402751322751323
MUBARAK,16847,1790102700000,0.9022933696639419,0.0189,4.432645502645503
MUBARAK,16848,1790103600000,1.010487353485503,0.0189,4.655714285714286
MUBARAK,16849,1790104500000,0.9242872757081702,0.0189,4.471269841269841
MUBARAK,16850,1790105400000,0.9251764383436494,0.0189,4.45978835978836
MUBARAK,16851,1790106300000,0.8832719096956634,0.0189,4.298941798941799
MUBARAK,16852,1790107200000,0.8848289906048963,0.0189,4.309576719576719
MUBARAK,16853,1790108100000,0.8457367024345219,0.0189,4.232010582010582
MUBARAK,16854,1790109000000,0.9188537447615481,0.0189,4.336507936507937
MUBARAK,16855,1790109900000,0.9095868152274837,0.0189,4.352645502645503
MUBARAK,16856,1790110800000,0.8415444546287811,0.0189,4.252116402116402
MUBARAK,16857,1790111700000,0.8170956930162565,0.0189,4.216719576719576
MUBARAK,16858,1790112600000,0.7738643322069265,0.0189,4.1383597883597885
MUBARAK,16859,1790113500000,0.8155853151697066,0.0189,4.16047619047619
MUBARAK,16860,1790114400000,0.7910853954169144,0.0189,4.143756613756613
MUBARAK,16861,1790115300000,0.8154256052184299,0.0189,4.182010582010582
MUBARAK,16862,1790116200000,0.8427531285551764,0.0189,4.285132275132275
MUBARAK,16863,1790117100000,0.8263099371411713,0.0189,4.258201058201058
MUBARAK,16864,1790118000000,0.8073846852987958,0.0189,4.208624338624339
MUBARAK,16865,1790118900000,0.8031669582206873,0.0189,4.199470899470899
MUBARAK,16866,1790119800000,0.793388806565599,0.0189,4.162275132275132
MUBARAK,16867,1790120700000,0.8082489311598344,0.0189,4.184708994708995
MUBARAK,16868,1790121600000,0.8525253443651408,0.0189,4.3121693121693125
MUBARAK,16869,1790122500000,0.7947893139871789,0.0189,4.162486772486773
MUBARAK,16870,1790123400000,0.7418681948424071,0.0189,4.020582010582011
MUBARAK,16871,1790124300000,0.735801857026954,0.0189,4.075185185185186
MUBARAK,16872,1790125200000,0.7389230632076311,0.0189,4.1281481481481475
MUBARAK,16873,1790126100000,0.7408594967713205,0.0189,4.136613756613757
MUBARAK,16874,1790127000000,0.750228097113737,0.0189,4.161375661375661
MUBARAK,16875,1790127900000,0.6951176130552716,0.0189,4.034021164021164
MUBARAK,16876,1790128800000,0.7356580177132939,0.0189,4.126825396825397
MUBARAK,16877,1790129700000,0.739957904065581,0.0189,4.155185185185186
MUBARAK,16878,1790130600000,0.7503673970739839,0.0189,4.222275132275132
MUBARAK,16879,1790131500000,0.7267453272556756,0.0189,4.189047619047619
MUBARAK,16880,1790132400000,0.6458151653727533,0.0189,4.094074074074074
MUBARAK,16881,1790133300000,0.6524912192146719,0.0189,4.157195767195767
MUBARAK,16882,1790134200000,0.7351722379242196,0.0189,4.320211640211641
MUBARAK,16883,1790135100000,0.7307324536240198,0.0189,4.309523809523809
MUBARAK,16884,1790136000000,0.7325497025105208,0.0189,4.4218518518518515
MUBARAK,16885,1790136900000,0.612710494143629,0.0189,4.327354497354497
MUBARAK,16887,1790138700000,0.6138147855343714,0.0189,4.644285714285714
ONE,16381,1789683300000,2.1891637958033194,0.0005969,3.411961802647009
ONE,16382,1789684200000,2.060790748554462,0.0005969,3.281286647679678
ONE,16383,1789685100000,1.9216783216783218,0.0005969,3.499748701625063
ONE,16384,1789686000000,1.8647066648929096,0.0005969,3.60763947059809
ONE,16385,1789686900000,1.3206495395055744,0.0005969,3.2082425866979394
ONE,16386,1789687800000,1.4305804142163128,0.0005969,3.185123136203719
ONE,16387,1789688700000,1.006066411238825,0.0005969,3.157815379460546
ONE,16492,1789783200000,0.681414113785558,0.0005969,4.119450494220137
ONE,16493,1789784100000,0.8875487505416728,0.0005969,4.3784553526553855
ONE,16494,1789785000000,0.9059810824265699,0.0005969,4.489864298877534
ONE,16495,1789785900000,0.8159610287269863,0.0005969,4.246775004188306
ONE,16496,1789786800000,0.8259802151779909,0.0005969,4.236555536940861
ONE,16497,1789787700000,0.7406931964056482,0.0005969,4.0891271569777174
ONE,16498,1789788600000,0.6683315938571643,0.0005969,3.749204221812699
ONE,16499,1789789500000,0.6498662231542409,0.0005969,3.822415815044396
ONE,16500,1789790400000,0.6386409245034945,0.0005969,3.9671636790082085
ONE,16526,1789813800000,0.6502049580324032,0.0005969,4.248952923437762
ONE,16527,1789814700000,0.6016520458474739,0.0005969,4.190484168202379
ONE,16540,1789826400000,0.6816301620668612,0.0005969,4.154632266711342
ONE,16541,1789827300000,0.6202312907084939,0.0005969,4.084101189478974
ONE,16542,1789828200000,0.7044368600682596,0.0005969,4.18328028145418
ONE,16543,1789829100000,0.749814902066366,0.0005969,4.3553359021611655
ONE,16544,1789830000000,0.893544897223224,0.0005969,4.398391690400402
ONE,16545,1789830900000,0.8520714235302422,0.0005969,4.396381303400904
ONE,16546,1789831800000,1.0105518323114215,0.0005969,4.724409448818897
ONE,16547,1789832700000,0.9997994786444757,0.0005969,5.0123973864969
ONE,16548,1789833600000,1.0211187932118166,0.0005969,5.387167029653208
ONE,16549,1789834500000,0.9197957344547913,0.0005969,5.353493047411626
ONE,16550,1789835400000,0.9843870128334025,0.0005969,5.621377115094655
ONE,16551,1789836300000,1.0229446628718972,0.0005969,5.775339252806165
ONE,16552,1789837200000,0.9685143062372801,0.0005969,5.509465572122633
ONE,16553,1789838100000,0.88853900540669,0.0005969,5.325180097168705
ONE,16554,1789839000000,0.8715934785195765,0.0005969,5.26955939018261
ONE,16555,1789839900000,0.908067097386047,0.0005969,5.393030658401742
ONE,16556,1789840800000,1.0324261047702663,0.0005969,5.817389847545653
ONE,16557,1789841700000,1.3630378556313194,0.0005969,6.734796448316301
ONE,16558,1789842600000,1.407177852547075,0.0005969,6.831965153292009
ONE,16559,1789843500000,1.3646372277704248,0.0005969,6.584855084603785
ONE,16560,1789844400000,1.4294150212216272,0.0005969,6.616686212095828
ONE,16561,1789845300000,1.441697817436392,0.0005969,6.78472105880382
ONE,16562,1789846200000,1.525252525252525,0.0005969,7.036354498240911
ONE,16563,1789847100000,1.494290179108066,0.0005969,6.952588373261853
ONE,16564,1789848000000,1.465846153846154,0.0005969,6.713017255821746
ONE,16565,1789848900000,1.483493077742279,0.0005969,6.641648517339587
ONE,16566,1789849800000,1.488679945564766,0.0005969,6.74015748031496
ONE,16567,1789850700000,1.4638728323699417,0.0005969,6.569777182107555
ONE,16568,1789851600000,1.4763566132951218,0.0005969,6.6590718713352315
ONE,16569,1789852500000,1.5806189941345314,0.0005969,6.928631261517841
ONE,16570,1789853400000,1.9047231270358305,0.0005969,7.76863796280784
ONE,16571,1789854300000,1.8260025062656644,0.0005969,7.556207069860948
ONE,16572,1789855200000,1.8872709013306554,0.0005969,7.7064834980733785
ONE,16573,1789856100000,1.7114430869722996,0.0005969,7.51063829787234
ONE,16574,1789857000000,1.4410145081012389,0.0005969,7.723404255319148
ONE,16575,1789857900000,1.592733220398388,0.0005969,7.43591891439102
ONE,16576,1789858800000,1.716917080530584,0.0005969,7.240408778689897
ONE,16577,1789859700000,1.4880903849513714,0.0005969,7.157480314960629
ONE,16578,1789860600000,1.1511033808022613,0.0005969,6.630256324342436
ONE,16579,1789861500000,0.9943505835953739,0.0005969,6.2690567934327355
ONE,16580,1789862400000,1.0759527643585614,0.0005969,6.479309767130172
ONE,16581,1789863300000,0.9551368793588009,0.0005969,6.293516501926621
ONE,16582,1789864200000,1.0650219298245616,0.0005969,6.310269726922432
ONE,16583,1789865100000,0.9310604026845639,0.0005969,6.025464901993634
ONE,16584,1789866000000,0.8323896403481179,0.0005969,5.855419668286145
ONE,16585,1789866900000,0.6690140845070423,0.0005969,5.955771486011057
ONE,16586,1789867800000,0.6455418765155756,0.0005969,5.911710504272072
ONE,16587,1789868700000,0.6151107412031256,0.0005969,5.851901491037024
ONE,16592,1789873200000,0.633831744988498,0.0005969,6.663427709834142
ONE,16593,1789874100000,0.7567910752346831,0.0005969,6.490031831127491
ONE,16594,1789875000000,0.9148528405201919,0.0005969,7.030323337242419
ONE,16595,1789875900000,0.8049323361823364,0.0005969,6.792762606801809
ONE,16596,1789876800000,0.8548108403055654,0.0005969,6.833808008041547
ONE,16597,1789877700000,0.8146339277713059,0.0005969,6.784888591053778
ONE,16598,1789878600000,0.8213693328418727,0.0005969,6.6227173730943205
ONE,16599,1789879500000,0.7447777675531426,0.0005969,6.3529904506617525
ONE,16600,1789880400000,0.7564277839029767,0.0005969,6.672306919081922
ONE,16601,1789881300000,0.8622773252170799,0.0005969,6.970514324007371
ONE,16602,1789882200000,0.90117207096274,0.0005969,6.983916904004021
ONE,16603,1789883100000,0.8704011065006914,0.0005969,6.796615848550845
ONE,16604,1789884000000,0.8917958656330749,0.0005969,6.868654716032836
ONE,16605,1789884900000,0.9063992359121298,0.0005969,6.687887418328027
ONE,16606,1789885800000,0.8183336426053067,0.0005969,6.56659406935835
ONE,16607,1789886700000,0.8200846339354781,0.0005969,6.701289998324677
ONE,16608,1789887600000,0.856841611996251,0.0005969,6.6384654045903835
ONE,16609,1789888500000,0.864614803625378,0.0005969,6.617523873345619
ONE,16610,1789889400000,0.7986440990637824,0.0005969,6.53375774836656
ONE,16611,1789890300000,0.8513414185961043,0.0005969,6.751549673312112
ONE,16612,1789891200000,0.8980275400074431,0.0005969,6.835315798291171
ONE,16613,1789892100000,0.9348508991577509,0.0005969,7.119953090970012
ONE,16614,1789893000000,1.121101918356214,0.0005969,7.8170547830457355
ONE,16615,1789893900000,1.0863640548752413,0.0005969,7.592561568101859
ONE,16616,1789894800000,1.00986336078183,0.0005969,7.442117607639471
ONE,16617,1789895700000,0.9208224366489315,0.0005969,7.136873848215781
ONE,16618,1789896600000,0.8188832655770346,0.0005969,7.3456190316635945
ONE,16619,1789897500000,0.823678338482664,0.0005969,7.119953090970012
ONE,16620,1789898400000,0.757995328095137,0.0005969,6.934494890266376
ONE,16621,1789899300000,0.7099171191769076,0.0005969,7.0164181604958955
ONE,16622,1789900200000,0.7488165081934046,0.0005969,7.2410789076897295
ONE,16623,1789901100000,0.7248560578218795,0.0005969,7.07656223823086
ONE,16624,1789902000000,0.8006920707262521,0.0005969,7.1487686379628075
ONE,16625,1789902900000,0.949730852371466,0.0005969,7.7064834980733785
ONE,16626,1789903800000,0.9394720168954593,0.0005969,7.692578321326854
ONE,16627,1789904700000,0.9351824321454361,0.0005969,7.632769308091808
ONE,16628,1789905600000,0.8918370796011492,0.0005969,7.501424024124644
ONE,16629,1789906500000,0.9378240580712065,0.0005969,7.513653878371586
ONE,16630,1789907400000,0.8043459735832978,0.0005969,7.094655721226336
ONE,16631,1789908300000,0.7635270541082164,0.0005969,7.07656223823086
ONE,16632,1789909200000,0.7772377651931368,0.0005969,7.045233707488692
ONE,16633,1789910100000,0.7797938317130406,0.0005969,7.1155972524711
ONE,16634,1789911000000,0.7714426958886049,0.0005969,7.203886748199028
ONE,16635,1789911900000,0.782425380922563,0.0005969,7.153292008711676
ONE,16636,1789912800000,0.7932639879204764,0.0005969,7.162841346959289
ONE,16637,1789913700000,0.6927286942924158,0.0005969,6.89143910202714
ONE,16638,1789914600000,0.7113335485954149,0.0005969,7.103367398224157
ONE,16639,1789915500000,0.6072696403766014,0.0005969,6.978388339755402
ONE,16781,1790043300000,0.6204961071881223,0.0005969,8.996481822750878
ONE,17138,1790364600000,0.6389772449229265,0.0005969,4.488859105377785
ONE,17139,1790365500000,0.6020123651351679,0.0005969,4.42787736639303
ONE,17154,1790379000000,0.6281024554901053,0.0005969,4.121125816719719
ONE,17155,1790379900000,0.7029440952695996,0.0005969,4.312280113921929
ONE,17157,1790381700000,0.6104911417943384,0.0005969,4.279443792930139
RAVE,3317,1777925700000,0.6729784261989757,0.24263,4.4425668713679265
SOPH,15446,1788841800000,1.2081468218442257,0.00327,3.017125382262997
SOPH,15447,1788842700000,1.2645828747523664,0.00327,3.146177370030581
SOPH,15448,1788843600000,1.2854743912678424,0.00327,3.3296636085626914
SOPH,15449,1788844500000,1.4113341698034296,0.00327,3.5262996941896025
SOPH,15450,1788845400000,1.38483724763082,0.00327,3.540061162079511
SOPH,15451,1788846300000,1.120294599018003,0.00327,3.1694189602446485
SOPH,15452,1788847200000,1.2569289904916041,0.00327,3.4116207951070336
SOPH,15453,1788848100000,1.2273476112026356,0.00327,3.307645259938838
SOPH,15454,1788849000000,1.0965966985938458,0.00327,3.146177370030581
SOPH,15455,1788849900000,1.159356136820926,0.00327,3.281957186544343
SOPH,15456,1788850800000,1.1264717823792125,0.00327,3.2033639143730888
SOPH,15457,1788851700000,1.1645338208409508,0.00327,3.2587155963302754
SOPH,15458,1788852600000,1.2047774601878318,0.00327,3.302446483180428
SOPH,15459,1788853500000,1.1252313386798272,0.00327,3.1605504587155964
SOPH,15460,1788854400000,1.1393827917433068,0.00327,3.201223241590214
SOPH,15461,1788855300000,1.043313373253493,0.00327,3.1305810397553517
SOPH,15462,1788856200000,1.0661386138613862,0.00327,3.190825688073395
SOPH,15463,1788857100000,1.1018081761006293,0.00327,3.270336391437309
SOPH,15464,1788858000000,1.135140482785912,0.00327,3.3000000000000003
SOPH,15465,1788858900000,1.2233201581027666,0.00327,3.4403669724770642
SOPH,15466,1788859800000,1.4259296082720225,0.00327,3.7308868501529053
SOPH,15467,1788860700000,1.517846339987901,0.00327,3.818348623853211
SOPH,15468,1788861600000,1.323529411764706,0.00327,3.551376146788991
SOPH,15469,1788862500000,1.170902541524915,0.00327,3.3174311926605506
SOPH,15470,1788863400000,1.2298919567827133,0.00327,3.408256880733945
SOPH,15471,1788864300000,1.139925004933886,0.00327,3.315902140672783
SOPH,15472,1788865200000,1.0991523753203234,0.00327,3.256574923547401
SOPH,15473,1788866100000,1.0326,0.00327,3.1079510703363917
SOPH,15474,1788867000000,1.0703156212544944,0.00327,3.1694189602446485
USELESS,15006,1788445800000,0.7431258396775637,0.03308,5.883313180169287
USELESS,15007,1788446700000,0.6876340243030734,0.03308,5.709794437726723
USELESS,15008,1788447600000,0.6370982063576631,0.03308,5.573458282950424
USELESS,15009,1788448500000,0.6001920055856171,0.03308,5.5426239419588885
USELESS,15014,1788453000000,0.6676717463939368,0.03308,6.1862152357920195
USELESS,15015,1788453900000,0.6339144215530905,0.03308,5.921704957678356
USELESS,15016,1788454800000,0.7053079619429146,0.03308,6.176844014510279
USELESS,15017,1788455700000,0.7190103298900368,0.03308,6.237908101571947
USELESS,15018,1788456600000,0.6061107891032542,0.03308,5.863663845223701
USELESS,15023,1788461100000,0.6191396403965719,0.03308,5.825574365175332
USELESS,15041,1788477300000,0.6050326485109094,0.03308,6.09310761789601
USELESS,15042,1788478200000,0.6736071105258827,0.03308,6.14752116082225
USELESS,15043,1788479100000,0.7276505582267134,0.03308,6.408706166868199
USELESS,15044,1788480000000,0.692170962268724,0.03308,6.331318016928658
USELESS,15045,1788480900000,0.630348652931854,0.03308,6.219770253929867
USELESS,15046,1788481800000,0.6217616580310878,0.03308,6.1502418379685615
USELESS,15047,1788482700000,0.6224538133585977,0.03308,6.212212817412333
USELESS,15048,1788483600000,0.6923322939154075,0.03308,6.398428053204353
USELESS,15049,1788484500000,0.6655281969817313,0.03308,6.338875453446191
USELESS,15050,1788485400000,0.6777980487031017,0.03308,6.394195888754536
USELESS,15051,1788486300000,0.703683342495877,0.03308,6.557738814993955
USELESS,15052,1788487200000,0.6844777751738143,0.03308,6.518440145102781
USELESS,15053,1788488100000,0.6641085271317828,0.03308,6.489419588875454
USELESS,15055,1788489900000,0.606661013029065,0.03308,6.29987908101572
USELESS,15056,1788490800000,0.6782839787395596,0.03308,6.6816807738815
USELESS,15057,1788491700000,0.7035695011949734,0.03308,6.679866989117292
USELESS,15058,1788492600000,0.6392298250997237,0.03308,6.459794437726723
USELESS,15059,1788493500000,0.6075651910248634,0.03308,6.410822249093108
USELESS,15060,1788494400000,0.6236078490794756,0.03308,6.478234582829504
USELESS,15061,1788495300000,0.6606149567367121,0.03308,6.497883917775091
USELESS,15062,1788496200000,0.7122088597960117,0.03308,6.800181378476421
USELESS,15063,1788497100000,0.6907525271433919,0.03308,6.825876662636034
USELESS,15064,1788498000000,0.6431204837044686,0.03308,6.736396614268441
USELESS,15065,1788498900000,0.665118304543475,0.03308,6.9353083434099165
USELESS,15068,1788501600000,0.6101047956138526,0.03308,7.013301088270859
USELESS,15069,1788502500000,0.6121743936986113,0.03308,7.053506650544136
USELESS,15070,1788503400000,0.6119280486970795,0.03308,7.1245465538089485
USELESS,15071,1788504300000,0.6936013664433056,0.03308,7.79322853688029
USELESS,15072,1788505200000,0.645867257213574,0.03308,7.638754534461912
USELESS,15073,1788506100000,0.6512663697400785,0.03308,7.50906892382104
USELESS,15074,1788507000000,0.6837734821671657,0.03308,7.478234582829504
USELESS,15075,1788507900000,0.7027863777089782,0.03308,7.4818621523579205
USELESS,15076,1788508800000,0.699421965317919,0.03308,7.465538089480049
USELESS,15077,1788509700000,0.7370613136692614,0.03308,7.6907496977025405
USELESS,15078,1788510600000,0.797507573671165,0.03308,7.892079806529626
USELESS,15079,1788511500000,0.8233766233766231,0.03308,8.064087061668681
USELESS,15080,1788512400000,0.8510092486329572,0.03308,8.28869407496977
USELESS,15081,1788513300000,0.7745584441357412,0.03308,8.109431680773882
USELESS,15082,1788514200000,0.8842369411609321,0.03308,8.625453446191052
USELESS,15083,1788515100000,0.906933703483376,0.03308,8.721281741233373
USELESS,15084,1788516000000,0.8962742578943812,0.03308,8.477629987908102
USELESS,15085,1788516900000,0.8307814149947201,0.03308,8.385731559854896
USELESS,15086,1788517800000,0.6759026583785213,0.03308,7.661124546553809
USELESS,15087,1788518700000,0.6302968960863697,0.03308,7.3038089480048365
USELESS,15088,1788519600000,0.6796635064761654,0.03308,7.605199516324064
USELESS,15089,1788520500000,0.757377049180328,0.03308,8.101571946795648
USELESS,15090,1788521400000,0.7493652756981968,0.03308,8.123337363966144
USELESS,15091,1788522300000,0.7042037238466949,0.03308,8.051692865779927
USELESS,15092,1788523200000,0.666132444387461,0.03308,7.856711003627571
USELESS,15093,1788524100000,0.6450062421972533,0.03308,7.9664449818621526
USELESS,15094,1788525000000,0.660778727445394,0.03308,7.929866989117292
USELESS,15095,1788525900000,0.6080491046003924,0.03308,7.681983071342201
USELESS,15097,1788527700000,0.6359304571796525,0.03308,7.680169286577994
USELESS,15098,1788528600000,0.6859032550901312,0.03308,7.859733978234583
USELESS,15099,1788529500000,0.7075134749009677,0.03308,7.948609431680775
