symbol,signal_index,entry_index,exit_index,signal_kind,entry_price,exit_price,entry_equity,exit_equity,return_pct,rebalances,max_notional_deviation_pct,fees_paid,funding_paid,exit_reason,reserve_start,reserve_end,max_spot_qty,min_reserve_cash,max_spot_gain_pct,reserve_after_exit,max_position_equity_deviation_pct,max_delta_base_pct
OKB,12,13,732,ema_pullback,178.21,220.23,9993.60127974405,9985.69381011851,-0.14306189881490017,0,0.0,10.729642411117124,0.0,max_hold,2000.0,2000.0,22.440941361135774,2000.0,0.0,5050.677796036101,60.8933593368157,0.0
OKB,746,747,1466,ema_pullback,227.54,132.12,9993.60127974405,9847.293355350901,-1.5270664464909878,2,9.523809523809541,7.949515035938842,0.0,max_hold,2000.0,1625.3815808025836,19.33339270442475,1625.3815808025836,10.000000000000009,7298.208027126224,77.82792040201589,10.0
OKB,1559,1560,2279,ema_pullback,124.97,108.38,9993.60127974405,9957.676447765069,-0.42323552234931894,2,9.523809523809545,9.395076384457568,0.0,max_hold,2000.0,1623.0719787073701,35.201409746057514,1623.0719787073701,10.000000000000009,6148.798664830497,37.37789079593813,10.000000000000009
OKB,2294,2295,3014,ema_pullback,111.29,111.8,9993.601279744053,9991.400504101239,-0.08599495898761189,3,9.523809523809547,10.075083453705785,0.0,max_hold,2000.0,2004.2272675292163,39.52844079400492,1622.9393028459376,10.000000000000009,5980.286421194037,19.895950267627168,10.00000000000001
OKB,3119,3120,3839,ema_pullback,111.26,75.24,9993.60127974405,9908.753234774078,-0.912467652259219,5,9.523809523809541,8.874251669950436,0.0,max_hold,2000.0,1649.2480010776924,39.53909919076764,1623.3972718120676,10.000000000000009,6939.410352256568,71.18614511227393,10.000000000000005
OKB,3875,3876,4595,ema_pullback,75.6,95.97,9993.60127974405,9985.478459863585,-0.14521540136415156,0,0.0,10.89115510231287,0.0,max_hold,2000.0,2000.0,52.89947301544983,2000.0,0.0,4915.976195427582,95.40730713671469,0.0
OKB,4608,4609,5328,ema_pullback,96.01,84.49,9993.601279744053,9967.291927198905,-0.32708072801095334,2,9.52380952380954,9.456639022561752,0.0,max_hold,2000.0,1627.6684941569408,45.819395645920295,1627.6684941569408,10.000000000000009,6102.307109239884,21.57456538868532,10.000000000000005
OKB,5343,5344,6063,ema_pullback,85.9,85.34,9993.60127974405,9997.628297007608,-0.023717029923919775,2,6.306248580543477,9.87302870312885,0.0,max_hold,2000.0,2010.384022928778,49.58801783818053,1750.0,6.511566361154175,6030.877142428279,8.11552689881824,6.511566361154178
OKB,6079,6080,6799,ema_pullback,86.75,74.3,9993.60127974405,9975.65865026704,-0.24341349732960316,5,9.523809523809543,9.790122296305643,0.0,max_hold,2000.0,1645.2865971110994,50.71031903129461,1621.8784412024024,10.000000000000009,6214.095075599841,36.342183810244364,10.000000000000007
OKB,6835,6836,7555,ema_pullback,76.14,81.69,9993.601279744053,10008.121181847146,0.08121181847144943,4,6.417874526657064,10.564219565311927,0.0,max_hold,2000.0,2021.3850381381403,56.007000783465685,1750.0,6.630647856525185,5724.042573203233,16.219509885264323,6.630647856525183
OKB,7612,7613,8332,ema_pullback,81.21,103.44,9993.601279744053,9985.451007323472,-0.14548992676527428,0,0.0,10.911744507397007,0.0,max_hold,2000.0,2000.0,49.245168821179746,2000.0,0.0,4898.804629528473,68.80577052406609,0.0
OKB,8394,8395,9114,ema_pullback,102.13,116.76,9993.60127974405,9986.285950486392,-0.13714049513607884,0,0.0,10.285537135204898,0.0,max_hold,2000.0,2000.0,39.157937530285,2000.0,0.0,5421.061640557426,32.965594534572176,0.0
OKB,9124,9125,9472,ema_pullback,116.5,120.26,9993.601279744053,9986.996042851515,-0.13003957148485235,0,0.0,9.75296786136335,0.0,data_end,2000.0,2000.0,34.327898368824094,2000.0,0.0,5865.2244681982065,15.348392052697957,0.0
