symbol,signal_index,signal_ts,entry_ts,exit_ts,exit_index,entry,exit,stop,target,net_r,notional_return,margin_return_2x_pct,adverse_return,reason,notional_usdt,margin_usdt,equity_before,pnl_usdt,equity_after
RLS,457,1775352600000,1775352600000,1775357100000,462,0.0055198958,0.006121195422857143,0.0061199714285714284,0.004919820171428571,-1.0136793574486114,-0.1101985072962532,-22.03970145925064,-0.1101985072962532,stop,459.93334316384016,229.96667158192008,10000.0,-50.68396787243057,9949.31603212757
ENJ,849,1775705400000,1775705400000,1775708100000,852,0.037472504000000004,0.03326712438017143,0.041684535714285716,0.03326047228571429,0.988343897953397,0.111093078882598,22.218615776519602,-0.009345519979129075,target,442.5723856098616,221.2861928049308,9949.31603212757,49.16672894581594,9998.482761073386
RAVE,918,1775767500000,1775767500000,1775768400000,919,0.6228754,0.6946959828428572,0.6945570714285715,0.5511937285714285,-1.0129664142237191,-0.11657407833502963,-23.314815667005924,-0.11657407833502963,stop,434.40734744881763,217.20367372440882,9998.482761073386,-50.6406361508109,9947.842124922576
RAVE,937,1775784600000,1775784600000,1775801700000,956,1.057948368,0.9470737557329142,1.169012357142857,0.9468843788571428,0.9874631718097201,0.10366441530617872,20.732883061235743,-0.03697058728937902,target,473.7945855540317,236.89729277701585,9947.842124922576,49.115638686691966,9996.957763609267
RAVE,976,1775819700000,1775819700000,1775824200000,981,1.207848382,1.321469383885714,1.3212051428571427,1.0944916211428575,-1.0157187950205135,-0.0953253688634286,-19.06507377268572,-0.0953253688634286,stop,532.6020772115666,266.3010386057833,9996.957763609267,-50.77048946762086,9946.187274141646
RAVE,1008,1775848500000,1775848500000,1775854800000,1015,1.519266086,1.6300244039785716,1.6296984642857144,1.4088337077142856,-1.0200621776080228,-0.07414625608417534,-14.829251216835068,-0.07414625608417534,stop,684.1700434773189,342.08502173865946,9946.187274141646,-50.728647248790665,9895.458626892856
RAVE,1039,1775876400000,1775876400000,1775887200000,1051,1.962547412,2.1259799323928568,2.125554821428571,1.7995400025714288,-1.0176570340023874,-0.08452567096478,-16.905134192956,-0.08452567096478,stop,595.6878520688198,297.8439260344099,9895.458626892856,-50.3509153816856,9845.107711511171
RAVE,1210,1776030300000,1776030300000,1776032100000,1212,5.732023366000001,5.356835063353545,6.108282821428571,5.35576391057143,0.9794703688418187,0.06429404837650199,12.858809675300398,-0.016760669014272055,target,749.9132131960736,374.9566065980368,9845.107711511171,48.214956407406405,9893.322667918577
RAVE,1230,1776048300000,1776048300000,1776054600000,1237,6.060667624000001,6.450319127292857,6.449029321428571,5.67230592657143,-1.022650014080441,-0.06553042007631331,-13.106084015262661,-0.06553042007631331,stop,771.962590341026,385.981295170513,9893.322667918577,-50.5870328282464,9842.73563509033
RAVE,1254,1776069900000,1776069900000,1776071700000,1256,8.979443752,8.347462484093656,9.61309417857143,8.34579332542857,0.980959055812484,0.06922312131263604,13.844624262527208,-0.020632303916368326,target,697.4057563514989,348.70287817574945,9842.73563509033,48.2766032760505,9891.01223836638
RAVE,1423,1776222000000,1776222000000,1776222900000,1424,17.789121464,17.103448648014172,18.478214285714287,17.100028642285714,0.9646556356006205,0.03736762803401251,7.473525606802502,-0.00616293378815046,target,1276.6960601366122,638.3480300683061,9891.01223836638,47.70710348767419,9938.719341854054
BIO,1523,1776312000000,1776312000000,1776318300000,1530,0.045820834000000005,0.042302519669314295,0.049347607142857144,0.042294060857142865,0.982609365023311,0.0756302322756526,15.12604645513052,-0.019510428343578252,target,645.6332611838353,322.81663059191766,9938.719341854054,48.82939350822055,9987.548735362274
ORDI,1539,1776326400000,1776326400000,1776327300000,1540,5.1089780000000005,4.779286666200002,5.4396249999999995,4.778331000000001,0.9791662256130546,0.06337047742234918,12.674095484469836,-0.007281143798231252,target,771.6109137977032,385.8054568988516,9987.548735362274,48.89735199165557,10036.44608735393
BASED,1559,1776344400000,1776344400000,1776350700000,1566,0.169556082,0.20784881145,0.20780725,0.131304914,-1.0070064366680256,-0.22717658919524933,-45.435317839049866,-0.22717658919524933,stop,222.44294288947754,111.22147144473877,10036.44608735393,-50.53382905618515,9985.912258297745
ORDI,1573,1776357000000,1776357000000,1776375000000,1593,8.678264,7.353155479885716,10.004842857142856,7.351685142857145,0.9916407617558548,0.15158442615093903,30.316885230187808,-0.07852050594911603,target,326.63110222105627,163.31555111052813,9985.912258297745,49.51218819322752,10035.424446490973
BASED,1607,1776387600000,1776387600000,1776391200000,1611,0.20811836800000003,0.17658504594720004,0.239687,0.17654973600000004,0.9915697330321973,0.1504071952189807,30.081439043796138,-0.045841302695588886,target,330.7961140018684,165.3980570009342,10035.424446490973,49.75411569635921,10085.178562187333
ORDI,1612,1776392100000,1776392100000,1776397500000,1618,9.1261744,8.561753665474285,9.692307142857144,8.560041657142856,0.9782299022160184,0.06068347517952654,12.136695035905309,-0.007631763710323,target,812.8755983019306,406.4377991509653,10085.178562187333,49.32811619359799,10134.50667838093
PIEVERSE,1904,1776654900000,1776654900000,1776661200000,1911,1.24155164,1.4200218047142856,1.4197378571428572,1.0633654228571428,-1.0105557638992306,-0.1450339260806858,-29.00678521613716,-0.1450339260806858,stop,353.0720161438474,176.5360080719237,10134.50667838093,-51.20742069056547,10083.299257690365
RAVE,1988,1776730500000,1776730500000,1776738600000,1997,1.0807838,1.2462859930714285,1.2460367857142858,0.9155308142857144,-1.0099571528216167,-0.15442351647690433,-30.884703295380866,-0.15442351647690433,stop,329.7328166616502,164.8664083308251,10083.299257690365,-50.91850104672641,10032.380756643639
RAVE,2017,1776756600000,1776756600000,1776757500000,2018,1.94331126,1.6959820057182855,2.190979642857143,1.6956428771428569,0.9898141841693426,0.1261484371383118,25.229687427662363,-0.0041753067390758744,target,393.5915893680777,196.79579468403884,10032.380756643639,49.65096386956718,10082.031720513207
RAVE,2038,1776775500000,1776775500000,1776783600000,2047,1.6604678400000001,1.4557228377788574,1.8655039285714285,1.4554317514285717,0.9894613637432896,0.12217959476678299,24.435918953356598,-0.06024514854560498,target,408.24250868256365,204.12125434128183,10082.031720513207,49.87890427741051,10131.910624790617
CHIP,142,1776908700000,1776908700000,1776911400000,145,0.1319736,0.12002391426857144,0.1439472857142857,0.1199999142857143,0.985368039916961,0.08940035903292337,17.880071806584674,-0.03663533126625318,target,558.3680547237561,279.18402736187807,10131.910624790617,49.918304564818804,10181.828929355435
KAT,2326,1777034700000,1777034700000,1777038300000,2330,0.022247549600000003,0.02400770058,0.0240029,0.020492199200000005,-1.0185454312187463,-0.08036409232718358,-16.07281846543672,-0.08036409232718358,stop,645.2294200763286,322.6147100381643,10181.828929355435,-51.85327668722919,10129.975652668207
KAT,2362,1777067100000,1777067100000,1777068900000,2364,0.0282463496,0.025059238616982858,0.03143847142857143,0.025054227771428572,0.9884107811445807,0.11170036747286288,22.340073494572575,-0.001600320064012647,target,448.18908721414357,224.09454360707178,10129.975652668207,50.06288573914683,10180.038538407354
APE,2381,1777084200000,1777084200000,1777086900000,2384,0.202749442,0.21495776867142857,0.2149147857142857,0.1905840982857143,-1.0241347298063546,-0.0614499890847119,-12.28999781694238,-0.0614499890847119,stop,848.3102416485133,424.15512082425664,10180.038538407354,-52.12865508975045,10127.909883317603
UB,350,1777698900000,1777698900000,1777699800000,351,0.14191161200000002,0.13228074628765718,0.15156892857142856,0.13225429542857148,0.9802257415250032,0.06670595988558176,13.34119197711635,-0.013871283547959298,target,744.1342567067405,372.06712835337026,10127.909883317603,49.63818987736703,10177.54807319497
LAB,3068,1777702500000,1777702500000,1777705200000,3071,1.88742244,1.5110902519045712,2.2640567857142857,1.5107880942857141,0.9937837181854468,0.1983091185883569,39.66182371767138,-0.010879642874225928,target,255.0130230568393,127.50651152841965,10177.54807319497,50.571407830954136,10228.119481025924
LAB,3091,1777723200000,1777723200000,1777729500000,3098,2.13467298,2.333390870571429,2.332924285714286,1.936421674285714,-1.0158759265476003,-0.0943464084516457,-18.86928169032914,-0.0943464084516457,stop,550.6569102708397,275.32845513541986,10228.119481025924,-51.95250177313386,10176.16697925279
LAB,3127,1777755600000,1777755600000,1777757400000,3129,2.5982802400000002,3.0485660198571427,3.0479564285714287,2.148604051428572,-1.0088901728471071,-0.17460544887685275,-34.921089775370554,-0.17460544887685275,stop,293.9952598461091,146.99762992305455,10176.16697925279,-51.33317431309684,10124.833804939693
ALLO,5658,1780033500000,1780033500000,1780034400000,5659,0.211217748,0.2219644911642857,0.22192010714285715,0.20051538885714287,-1.028432363450466,-0.052110452895200214,-10.422090579040043,-0.052110452895200214,stop,999.0996221524297,499.54981107621484,10124.833804939693,-52.06353379778652,10072.770271141906
ALLO,5682,1780055100000,1780055100000,1780074900000,5704,0.270025984,0.24116869209359998,0.2989315,0.24112046799999998,0.9877206516826699,0.1057326953421781,21.146539068435622,-0.06260618968876713,target,470.4828144342827,235.24140721714136,10072.770271141906,49.745416082310534,10122.515687224217
H,5965,1780309800000,1780309800000,1780311600000,5967,0.773615246,0.7233274857126856,0.8240476428571429,0.723182849142857,0.9793227711978464,0.0638425818307707,12.76851636615414,-0.012247195277741455,target,776.3791681062738,388.1895840531369,10122.515687224217,49.56605057153047,10172.081737795746
LAB,5978,1780321500000,1780321500000,1780326000000,5983,14.12047534,15.424764693214286,15.421680357142858,12.819270322857143,-1.0159940054158825,-0.09362407889267371,-18.724815778534744,-0.09362407889267371,stop,551.9292787941954,275.9646393970977,10172.081737795746,-51.67387034100425,10120.407867454742
OPN,6189,1780511400000,1780511400000,1780533000000,6213,0.24135172000000002,0.2071259283308572,0.27561892857142856,0.20708451142857148,0.9909387573651648,0.14069385989933825,28.13877197986765,-0.13346365965819498,target,356.401636979021,178.2008184895105,10120.407867454742,50.143521981021195,10170.551389435763
OPN,6264,1780578900000,1780578900000,1780584300000,6270,0.23685262,0.2112414084051429,0.2625060714285714,0.21119916857142862,0.9878731229743654,0.10699630503481032,21.399261006962064,-0.0020228613557239845,target,469.5122116686367,234.75610583431836,10170.551389435763,50.23607181726589,10220.787461253029
ALLO,6450,1780746300000,1780746300000,1780749900000,6454,0.426294724,0.37341190116102857,0.4792522142857143,0.37333723371428573,0.9895294996260607,0.12292668877570913,24.585337755141826,-0.04815465269422375,target,411.3740800735109,205.68704003675546,10220.787461253029,50.56885351159012,10271.356314764618
ALLO,6476,1780769700000,1780769700000,1780779600000,6487,0.45097978600000005,0.4740631865357143,0.4739683928571429,0.4279911791428572,-1.028267022274598,-0.052415711420013965,-10.483142284002794,-0.052415711420013965,stop,1007.4934295818424,503.7467147909212,10271.356314764618,-52.808484862522015,10218.547829902096
ALLO,6506,1780796700000,1780796700000,1780803900000,6514,0.447580466,0.41765891136497146,0.4775855357142857,0.41757539628571433,0.9799147706899283,0.06569189954015903,13.138379908031805,-0.06812199791132077,target,762.1416052523494,381.0708026261747,10218.547829902096,50.06652976761288,10268.61435966971
BSB,6363,1780851600000,1780851600000,1780852500000,6364,0.39512096,0.36980836688400004,0.4205075,0.36973442000000006,0.9790083847530866,0.06290133411264637,12.580266822529273,-0.006412821602782054,target,799.1133812765521,399.55669063827605,10268.61435966971,50.26529778956297,10318.879657459272
BEAT,6625,1780903800000,1780903800000,1780904700000,6626,4.2481501999999995,4.133584808794285,4.363542142857143,4.132758257142856,0.9492547528733926,0.025784481490423332,5.156896298084666,-0.005110535354423159,target,1899.4459056331716,949.7229528165858,10318.879657459272,48.9762277958589,10367.85588525513
H,7202,1781423100000,1781423100000,1781424900000,7204,0.517386502,0.5528313298714286,0.5527207857142857,0.4820522182857143,-1.0213015456136554,-0.06974855051504882,-13.949710103009764,-0.06974855051504882,stop,759.0628881976621,379.53144409883106,10367.85588525513,-52.943536201553485,10314.912349053577
RE,236,1781905500000,1781905500000,1781906400000,237,0.858418282,0.8015560574413714,0.9154407857142858,0.8013957782857143,0.9797226764170962,0.06508044053395852,13.016088106791704,-0.012979165757329407,target,776.4048192290136,388.2024096145068,10314.912349053577,50.528767668112636,10365.44111672169
BICO,7750,1781916300000,1781916300000,1781921700000,7756,0.040541890000000004,0.03537367474885715,0.04571717857142857,0.03536660142857144,0.98983193721302,0.12635488657024965,25.27097731404993,-0.015177389756619385,target,406.0011028907787,203.00055144538936,10365.44111672169,51.30022330316061,10416.74134002485
AGLD,8423,1782522000000,1782522000000,1782529200000,8431,0.24735052000000002,0.22307743227942858,0.2716682142857143,0.22303282571428573,0.9865586213614614,0.09699122908334203,19.398245816668407,-0.02223533070397423,target,529.7760463816443,264.88802319082214,10416.74134002485,51.38362987746929,10468.12496990232
LAB,9152,1783178100000,1783178100000,1783179900000,9154,14.152168999999999,15.118501667142857,15.115478571428572,13.188859428571426,-1.0213695562933554,-0.06952256361149613,-13.904512722299225,-0.06952256361149613,stop,768.9463391684067,384.47316958420333,10468.12496990232,-53.45912077866263,10414.665849123656
LAB,9196,1783217700000,1783217700000,1783218600000,9197,15.9808032,16.512884059285714,16.50958214285714,15.45202425714286,-1.0431146684112633,-0.03451497804824258,-6.902995609648515,-0.03451497804824258,stop,1573.7646853835802,786.8823426917901,10414.665849123656,-54.31845356911366,10360.347395554541
APR,12895,1786546800000,1786546800000,1786547700000,12896,0.41511696000000003,0.39266458006971433,0.43764785714285714,0.3925860628571429,0.9750038299388456,0.05291932906389532,10.583865812779065,-0.014378021644791206,target,954.4129308561448,477.2064654280724,10360.347395554541,50.5068919508131,10410.854287505355
APR,12916,1786565700000,1786565700000,1786569300000,12920,0.44481102,0.4629389978571429,0.4628464285714286,0.4267756114285714,-1.035331569778687,-0.041978788807564074,-8.395757761512815,-0.041978788807564074,stop,1283.8252863405512,641.9126431702756,10410.854287505355,-53.89343056110047,10356.960856944255
SOPH,15458,1788853500000,1788853500000,1788860700000,15466,0.0100059984,0.011260155152142856,0.01125790357142857,0.00875409322857143,-1.0119907427400765,-0.12661569526876415,-25.32313905375283,-0.12661569526876415,stop,413.8961006335285,206.94805031676424,10356.960856944255,-52.405742550744584,10304.55511439351
IOST,15595,1788976800000,1788976800000,1788978600000,15597,0.0018456308,0.001977674384357143,0.001977278928571429,0.0017139826714285713,-1.020428994513729,-0.07278680409308141,-14.557360818616283,-0.07278680409308141,stop,722.3195842508051,361.15979212540253,10304.55511439351,-52.575334071459366,10251.97978032205
ONE,16350,1789656300000,1789656300000,1789661700000,16356,0.00121505694,0.0013351362595714284,0.0013348692857142856,0.0010952445942857146,-1.014999203681156,-0.10008537994208826,-20.017075988417652,-0.10008537994208826,stop,519.8437233891306,259.9218616945653,10251.97978032205,-52.02875656591096,10199.951023756139
ONE,16384,1789686900000,1789686900000,1789693200000,16391,0.00190751842,0.0016020428987965712,0.002213314285714286,0.001601722554285714,0.992066337141386,0.15903898029574515,31.80779605914903,-0.005325411668632723,target,318.1304367125021,159.06521835625105,10199.951023756139,50.59514025579642,10250.546164011936
AKE,263,1789779600000,1789779600000,1789783200000,267,0.046060786,0.04270368245725714,0.04942642857142857,0.042695143428571426,0.9816386593500216,0.07172793060171626,14.34558612034325,-0.01594067628806859,target,701.423581416234,350.711790708117,10250.546164011936,50.31166197023091,10300.857825982166
AKE,286,1789800300000,1789800300000,1789812000000,299,0.058318334,0.06559722396428572,0.06558410714285715,0.051052560857142854,-1.0120381072306297,-0.1260879520163297,-25.217590403265937,-0.1260879520163297,stop,413.3963828561781,206.69819142808905,10300.857825982166,-52.12430328529404,10248.733522696872
AKE,321,1789831800000,1789831800000,1789838100000,328,0.062167564,0.06380279372142857,0.06379003571428571,0.060545092285714294,-1.0544479271952092,-0.02751936582333227,-5.503873164666454,-0.02751936582333227,stop,1963.481987332221,981.7409936661105,10248.733522696872,-54.03377909691885,10194.699743599953
ONE,16572,1789856100000,1789856100000,1789861500000,16578,0.004284742879999999,0.0038325392574377125,0.004737712857142857,0.0038317729028571413,0.9875560762358073,0.104401422864334,20.8802845728668,-0.07739474881629303,target,482.1695624912394,241.0847812456197,10194.699743599953,50.3391883859588,10245.038931985911
ONE,16615,1789894800000,1789894800000,1789895700000,16616,0.00440891804,0.004183468320644573,0.004635204285714285,0.004182631794285715,0.9735204490386499,0.04996561186677012,9.993122373354025,-0.008954941672719362,target,998.0619198739834,499.0309599369917,10245.038931985911,49.86877450742687,10294.907706493339
