symbol,signal_ts,entry_ts,entry,sl,tp,risk,pnl,pnl_R,kind,hold_bars_15m,atr,rank_at_signal,quote_volume_24h,period,month
IMX,1745143200000,1745147700000,0.4721,0.4932714285714286,0.4255228571428572,0.021171428571428563,-0.021654114285714277,-1.0227989203778678,sl,104,0.0075428571428571446,59.0,6665418.9818,A_fresh_before_window,2025-04
MASK,1748476800000,1748480400000,2.229,2.402964285714286,1.8462785714285714,0.1739642857142858,-0.17628026785714293,-1.0133129747485115,sl,341,0.05592857142857145,8.0,135756203.838,A_fresh_before_window,2025-05
ANIME,1749225600000,1749230100000,0.03476,0.03740821428571429,0.028933928571428565,0.0026482142857142885,0.00579422446428572,2.187974173971679,tp,26,0.0012964285714285714,14.0,107619864.4294,A_fresh_before_window,2025-06
CFX,1751360400000,1751364000000,0.07565,0.08483892857142857,0.05543435714285714,0.00918892857142857,0.003396085000000001,0.3695844377939292,time,384,0.002077857142857142,28.0,25230129.087300003,A_fresh_before_window,2025-07
IMX,1752951600000,1752955200000,0.6239,0.6733642857142857,0.5150785714285714,0.04946428571428574,0.050301550000000056,1.0169266425992787,time,384,0.016528571428571417,50.0,19467322.0854,A_fresh_before_window,2025-07
WCT,1753408800000,1753412400000,0.372,0.41852142857142854,0.2696528571428572,0.04652142857142855,0.035045699999999985,0.7533238139106403,time,384,0.01324285714285714,41.0,47908496.232,A_fresh_before_window,2025-07
BAND,1755378000000,1755381600000,0.7678,0.81525,0.66341,0.04744999999999999,-0.04824152499999999,-1.0166812434141201,sl,340,0.02350000000000002,51.0,12354493.483,A_fresh_before_window,2025-08
FLOW,1756447200000,1756450800000,0.4096,0.4444821428571429,0.3328592857142857,0.03488214285714286,-0.035309183928571436,-1.0122423978703798,sl,182,0.007964285714285705,65.0,11363638.007,A_fresh_before_window,2025-08
XPL,1756681200000,1756684800000,0.8243,0.9078999999999999,0.6403800000000003,0.0835999999999999,0.18318765999999975,2.1912399521531096,tp,66,0.04059999999999999,5.0,119952872.592,A_fresh_before_window,2025-09
SOON,1757462400000,1757466000000,0.34959,0.4001085714285714,0.23844914285714292,0.05051857142857141,-0.0508934207142857,-1.0074200294092697,sl,102,0.01797714285714285,29.0,42537482.140099995,A_fresh_before_window,2025-09
HUMA,1758445200000,1758450600000,0.02967,0.03136392857142857,0.02594335714285714,0.001693928571428572,0.0036988361785714303,2.1835845034788113,tp,78,0.0005478571428571433,65.0,7215851.704999993,A_fresh_before_window,2025-09
USELESS,1760454000000,1760457600000,0.4187,0.4576035714285714,0.33311214285714297,0.03890357142857137,0.08521195107142848,2.1903374919673193,tp,193,0.029807142857142845,11.0,176709300.77199998,A_fresh_before_window,2025-10
PUMP,1761796800000,1761800400000,0.005068,0.005576964285714286,0.00394827857142857,0.0005089642857142862,0.0008183435,1.6078603606764421,time,384,0.00019792857142857136,2.0,484799155.7,A_fresh_before_window,2025-10
LQTY,1764558000000,1764561600000,0.5297,0.5710892857142857,0.4386435714285712,0.041389285714285795,0.05900004999999994,1.425490896539818,time,384,0.013378571428571446,54.0,11744103.9944,A_fresh_before_window,2025-12
ORDI,1765612800000,1765616400000,4.487,4.8101071428571425,3.776164285714287,0.32310714285714237,-0.32775569642857094,-1.0143870343760362,sl,297,0.12221428571428568,22.0,32389995.0885,A_fresh_before_window,2025-12
ORDI,1765890000000,1765895400000,4.579,5.165321428571429,3.2890928571428564,0.5863214285714289,0.6087274999999995,1.0382146555399876,time,384,0.16664285714285695,18.0,54572398.9573,A_fresh_before_window,2025-12
SHELL,1766926800000,1766930400000,0.05043,0.054826428571428575,0.040757857142857144,0.004396428571428572,-0.0003005550000000002,-0.06836344435418362,time,384,0.0011328571428571427,70.0,4169945.8776000007,A_fresh_before_window,2025-12
ACH,1767996000000,1768001400000,0.009707,0.010316035714285715,0.008367121428571428,0.0006090357142857147,-0.0006190472321428576,-1.0164383099747845,sl,64,0.0002600714285714286,94.0,3833178.927499995,A_fresh_before_window,2026-01
DYDX,1768071600000,1768077900000,0.209,0.21606071428571427,0.19346642857142857,0.007060714285714281,0.01533233821428571,2.1714995953464853,tp,166,0.00372142857142857,40.0,11740563.217500005,A_fresh_before_window,2026-01
AT,1768860000000,1768864500000,0.17312,0.18221428571428572,0.1531125714285714,0.009094285714285721,0.019844312285714306,2.182063870562363,tp,67,0.0038485714285714295,93.0,7908052.6855999995,A_fresh_before_window,2026-01
ZRO,1769040000000,1769043600000,1.914,2.0586785714285716,1.5957071428571423,0.14467857142857166,-0.14666491071428595,-1.0137293260923228,sl,69,0.0593571428571429,26.0,31126542.719,A_fresh_before_window,2026-01
SPK,1769824800000,1769830200000,0.02374,0.024974285714285713,0.021024571428571434,0.001234285714285712,0.002693046285714281,2.1818662037037035,tp,47,0.0006485714285714279,72.0,6775596.256,A_fresh_before_window,2026-01
GPS,1770321600000,1770325200000,0.008853,0.010018714285714285,0.0062884285714285715,0.0011657142857142856,-0.0011751501428571426,-1.0080944852941176,sl,184,0.0003754285714285712,55.0,16182636.701410009,A_fresh_before_window,2026-02
H,1770883200000,1770888600000,0.15977,0.1682675,0.14107550000000002,0.008497499999999991,-0.008661518749999991,-1.0193020005884084,sl,17,0.005054999999999998,43.0,12251708.9564,A_fresh_before_window,2026-02
H,1770912000000,1770915600000,0.16358,0.1736717857142857,0.14137807142857145,0.010091785714285706,-0.010260411607142849,-1.0167092224935415,sl,42,0.004783571428571429,37.0,15563373.8181,A_fresh_before_window,2026-02
SAPIEN,1771779600000,1771783200000,0.09723,0.1071625,0.0753785,0.009932499999999997,0.00916739999999999,0.9229700478228032,time,384,0.004464999999999997,43.0,8727877.279700004,A_fresh_before_window,2026-02
ZBT,1772190000000,1772193600000,0.07688,0.08317,0.06304200000000003,0.00628999999999999,0.0004633899999999988,0.0736709062003179,time,384,0.002579999999999999,76.0,5445627.0452000005,A_fresh_before_window,2026-02
BEAT,1772884800000,1772888400000,0.36443,0.3922257142857143,0.3032794285714285,0.027795714285714312,-0.02817404214285717,-1.01361101403094,sl,145,0.018031428571428563,2.0,141126985.47129998,A_fresh_before_window,2026-03
TAO,1773986400000,1773990000000,295.7,314.79285714285714,253.69571428571425,19.092857142857156,-19.398103571428585,-1.0159874672652451,sl,371,8.985714285714282,5.0,178264915.35500002,A_fresh_before_window,2026-03
IOTA,1775239200000,1775242800000,0.06252,0.0647207142857143,0.05767842857142856,0.002200714285714292,0.004781472214285731,2.172691041869524,tp,167,0.0011814285714285733,85.0,3200357.9649,B_v1_4_window,2026-04
LUNA,1777377600000,1777381200000,0.06614,0.07183071428571429,0.053620428571428576,0.005690714285714285,-0.005759699642857143,-1.0121224425756246,sl,217,0.0019014285714285708,37.0,13727776.39172,B_v1_4_window,2026-04
RECALL,1778950800000,1778954400000,0.07008,0.07558,0.057980000000000025,0.005499999999999991,0.01203596999999998,2.1883581818181814,tp,119,0.0028199999999999983,17.0,31344166.608200002,B_v1_4_window,2026-05
HOME,1779386400000,1779390000000,0.02298,0.024296785714285715,0.02008307142857143,0.0013167857142857148,-0.0013404241071428577,-1.0179515866558178,sl,188,0.0007135714285714288,89.0,4174163.4770000004,B_v1_4_window,2026-05
WLD,1779573600000,1779577200000,0.2989,0.31256428571428574,0.26883857142857137,0.01366428571428574,-0.013970017857142882,-1.022374542603241,sl,59,0.007328571428571422,9.0,105724333.2615,B_v1_4_window,2026-05
NIGHT,1780020000000,1780026300000,0.03566,0.03731142857142857,0.032026857142857135,0.0016514285714285745,-0.0016879142857142888,-1.0220934256055363,sl,118,0.0006628571428571411,66.0,6838500.286,B_v1_4_window,2026-05
INJ,1780164000000,1780167600000,6.688,7.144071428571428,5.684642857142856,0.4560714285714287,-0.4629874642857144,-1.0151643696162882,sl,181,0.19614285714285698,14.0,55811213.454500005,B_v1_4_window,2026-05
APE,1780372800000,1780377300000,0.14802,0.15490357142857142,0.13287614285714291,0.006883571428571406,-0.007035033214285691,-1.0220033724188027,sl,48,0.0032471428571428512,63.0,8180478.504313992,B_v1_4_window,2026-06
USELESS,1780470000000,1780473600000,0.09678,0.10760428571428572,0.07296657142857142,0.010824285714285717,-0.01092647785714286,-1.0094410056750693,sl,27,0.004468571428571428,22.0,51516880.2127,B_v1_4_window,2026-06
POL,1780506000000,1780509600000,0.09444,0.09642214285714286,0.0900792857142857,0.001982142857142863,0.004268454642857159,2.153454594594596,tp,31,0.0011242857142857155,82.0,6429472.2518,B_v1_4_window,2026-06
TRUTH,1781823600000,1781827200000,0.015928,0.01663692857142857,0.01436835714285715,0.0007089285714285687,0.0015444946785714228,2.178632292191436,tp,102,0.000525857142857143,71.0,5586110.925599998,B_v1_4_window,2026-06
POL,1781949600000,1781953200000,0.08204,0.08444214285714285,0.07675528571428572,0.0024021428571428527,0.005205316642857139,2.1669471602735677,tp,277,0.0010042857142857145,60.0,5176654.2582,B_v1_4_window,2026-06
BEAT,1782849600000,1782853200000,2.9267,3.074525,2.6014849999999994,0.1478250000000001,-0.1508256125000001,-1.0202984102824286,sl,26,0.09845000000000008,13.0,68134653.2502,B_v1_4_window,2026-06
FARTCOIN,1782882000000,1782885600000,0.1458,0.15055357142857143,0.1353421428571429,0.004753571428571413,0.01031728607142853,2.1704283245679927,tp,72,0.003107142857142858,60.0,6469773.1041,B_v1_4_window,2026-07
SPACE,1784822400000,1784826000000,0.006321,0.006710142857142857,0.005464885714285715,0.000389142857142857,-0.0003956584285714284,-1.0167433920704845,sl,173,0.00013228571428571437,69.0,3087356.5790000004,B_v1_4_window,2026-07
SPACE,1785002400000,1785006900000,0.006565,0.0069220714285714285,0.005779442857142856,0.0003570714285714288,0.0005106934999999992,1.4302278455691106,time,384,0.0001201428571428571,65.0,3584742.7662000004,B_v1_4_window,2026-07
ACH,1785380400000,1785384900000,0.005035,0.005505571428571428,0.003999742857142859,0.00047057142857142784,0.0007103225000000004,1.50948922282939,time,384,0.00019314285714285706,26.0,15066065.826999994,B_v1_4_window,2026-07
MERL,1786420800000,1786424400000,0.02049,0.021314285714285716,0.018676571428571428,0.0008242857142857149,0.0017938452857142878,2.1762421143847495,tp,117,0.00046857142857142833,51.0,7068682.041859999,B_v1_4_window,2026-08
PUMP,1786680000000,1786683600000,0.002906,0.003019107142857143,0.0026571642857142865,0.00011310714285714266,0.00024605413214285655,2.1754075465740432,tp,267,6.621428571428562e-05,7.0,86766349.523,B_v1_4_window,2026-08
ONT,1786935600000,1786939200000,0.03916,0.04122535714285714,0.03461621428571429,0.0020653571428571396,-0.0021055498214285684,-1.0194604011758603,sl,323,0.000970714285714285,55.0,4978615.518899996,B_v1_4_window,2026-08
UB,1787997600000,1788001200000,0.13647,0.14530535714285714,0.11703221428571432,0.008835357142857131,0.019311034607142827,2.1856541048546823,tp,319,0.003030714285714287,29.0,15246911.14,B_v1_4_window,2026-08
CRV,1788332400000,1788337800000,0.3748,0.39867857142857144,0.3222671428571429,0.023878571428571416,0.0033270500000000367,0.13933203709243355,time,384,0.009957142857142862,11.0,76062281.56920001,B_v1_4_window,2026-09
FET,1788836400000,1788840000000,0.1845,0.1927142857142857,0.16642857142857145,0.008214285714285702,0.017895964285714258,2.1786391304347825,tp,206,0.004228571428571433,75.0,3943418.457,B_v1_4_window,2026-09
BAT,1789322400000,1789326000000,0.07946,0.08514642857142857,0.06694985714285716,0.0056864285714285645,0.006733944999999996,1.184213415400076,time,384,0.002192857142857143,41.0,7345035.7149,B_v1_4_window,2026-09
SKY,1790578800000,1790583300000,0.07847,0.08771821428571429,0.05812392857142856,0.00924821428571429,-0.005771315000000001,-0.6240464182274569,time,384,0.002716428571428569,71.0,6868832.567999997,C_after_window,2026-09
