symbol,signal_index,signal_ts,threshold,breakout_4h,mode,entry_index,entry_ts,fill_wait_bars,order_price,entry,exit_index,exit_ts,exit,stop,target,distance,net_r,notional_return,adverse_return,reason,notional_usdt,margin_usdt,equity_before,pnl_usdt,equity_after
PI,634,1743828600000,0.2,False,next_5m_open,635,1743828900000,0,0.4417,0.44161166,663,1743837600000,0.49733873357142855,0.4972392857142857,0.3859840342857143,0.0556276257142857,-1.0119152684439572,-0.12746593649173887,-0.12746593649173887,stop,793.8711284716759,396.93556423583794,10000.0,-101.19152684439571,9898.808473155605
GMX,37106,1754770200000,0.2,False,next_5m_open,37107,1754770500000,0,19.81,19.806038,37107,1754770800000,20.49338357142857,20.489285714285714,19.122790285714288,0.683247714285713,-1.0413869076975624,-0.03592466218490675,-0.03592466218490675,stop,2869.474316192989,1434.7371580964946,9898.808473155605,-103.08489545749944,9795.723577698105
AAVE,54976,1760131200000,0.2,False,next_5m_open,54977,1760131500000,0,170.55,170.51589,54977,1760131800000,158.68708249885717,182.37642857142856,158.65535142857146,11.860538571428549,0.9806709575282463,0.06821232741208771,-0.03499634364163945,target,1408.30579824504,704.15289912252,9795.723577698105,96.06381620623222,9891.787393904337
AEVO,54977,1760131500000,0.2,False,next_5m_open,54978,1760131800000,0,0.03947,0.039462106,54978,1760132100000,0.04323578828571429,0.04322714285714286,0.035697069142857134,0.003765036857142863,-1.0154750583735515,-0.09688537713333702,-0.09688537713333702,stop,1036.7780648074142,518.3890324037071,9891.787393904337,-100.44863381243765,9791.3387600919
AIXBT,54978,1760131800000,0.2,False,next_5m_open,54979,1760132100000,0,0.03552,0.035512896,54980,1760132700000,0.04069849521428571,0.04069035714285714,0.030335434857142865,0.005177461142857137,-1.0104037296796429,-0.1473077850089803,-0.1473077850089803,stop,671.6009748670504,335.8004874335252,9791.3387600919,-98.93205201753705,9692.406708074363
A,38726,1760132400000,0.2,False,next_5m_open,38727,1760132700000,0,0.2104,0.21035792,38727,1760133000000,0.226570305,0.226525,0.19419084,0.01616708,-1.0190177777928975,-0.07831671816777802,-0.07831671816777802,stop,1261.1272505019892,630.5636252509946,9692.406708074363,-98.76734745126909,9593.639360623094
FIL,54981,1760132700000,0.2,False,next_5m_open,54982,1760133000000,0,1.466,1.4657068,54985,1760134200000,1.3540772184342855,1.577607142857143,1.353806457142857,0.11190034285714301,0.9824608964335819,0.07500661875530214,-0.024815880010927143,target,1256.6058412854384,628.3029206427192,9593.639360623094,94.25375526298258,9687.893115886076
MMT,102,1762290000000,0.2,False,next_5m_open,103,1762290300000,0,2.9228,2.92221544,103,1762290600000,3.149404755,3.148775,2.69565588,0.2265595600000001,-1.0188591782090317,-0.07899222075050015,-0.07899222075050015,stop,1249.5659350817944,624.7829675408972,9687.893115886076,-98.70598818628623,9589.18712769979
MMT,222,1762326000000,0.2,False,next_5m_open,223,1762326300000,0,1.8972,1.89682056,223,1762326600000,1.7571174732240005,2.0368749999999998,1.7567661200000004,0.14005443999999967,0.9818376622409511,0.07249537824287672,-0.008353853743550577,target,1298.7069383525686,649.3534691762843,9589.18712769979,94.15025072251784,9683.337378422308
H,36090,1762349400000,0.2,False,next_5m_open,36091,1762349700000,0,0.24873,0.24868025400000002,36095,1762351200000,0.26687407842857136,0.26682071428571424,0.2305397937142858,0.018140460285714227,-1.0199938004108906,-0.07440541309736834,-0.07440541309736834,stop,1327.4496682590343,663.7248341295171,9683.337378422308,-98.76944093277801,9584.56793748953
SOON,47934,1762380000000,0.2,False,next_5m_open,47935,1762380300000,0,2.4527,2.45220946,47935,1762380600000,2.7408255555,2.7402775,2.1641414200000004,0.28806803999999975,-1.0127187886212574,-0.11896696479969524,-0.11896696479969524,stop,815.8964169133284,407.9482084566642,9584.56793748953,-97.0647203111254,9487.503217178404
LIGHT,4338,1767173400000,0.2,False,next_5m_open,4339,1767173700000,0,0.4254,0.42531492,4339,1767174000000,0.4577522464285713,0.4576607142857142,0.39296912571428577,0.03234579428571421,-1.0192103009505844,-0.07751236831388017,-0.07751236831388017,stop,1247.5120060959964,623.7560030479982,9487.503217178404,-96.6976100925004,9390.805607085904
LIGHT,4489,1767218700000,0.2,False,next_5m_open,4490,1767219000000,0,1.362,1.3617276,4494,1767220500000,1.5432300128571428,1.5429214285714286,1.1805337714285715,0.18119382857142852,-1.011322454355115,-0.13456831412160333,-0.13456831412160333,stop,705.7480534643363,352.87402673216815,9390.805607085904,-94.97132574929891,9295.834281336605
RAVE,35856,1776542400000,0.2,False,next_5m_open,35857,1776542700000,0,3.332,3.3313336,35873,1776547800000,2.895389019154286,3.7678571428571423,2.894810057142857,0.43652354285714257,0.9901150908043157,0.12974039804185966,-0.12987977284532534,target,709.4124838893963,354.70624194469815,9295.834281336605,92.03945803567463,9387.87373937228
RAVE,35969,1776576300000,0.2,False,next_5m_open,35970,1776576600000,0,1.269,1.2687461999999998,35972,1776577500000,1.4492897999999996,1.4489999999999996,1.0884924,0.1802537999999998,-1.010655096314197,-0.1435861810660003,-0.1435861810660003,stop,660.7810283560392,330.3905141780196,9387.87373937228,-94.87902438250812,9292.994714989773
LAB,52602,1777779000000,0.2,False,next_5m_open,52603,1777779300000,0,1.1623,1.1620675400000002,52603,1777779600000,1.2752228507142858,1.2749678571428573,1.0491672228571431,0.11290031714285709,-1.0152113638767193,-0.09863255017751729,-0.09863255017751729,stop,956.515249998516,478.257624999258,9292.994714989773,-94.34353839103912,9198.651176598734
BSB,13940,1779306000000,0.2,False,next_5m_open,13941,1779306300000,0,1.2621,1.26184758,13950,1779309300000,1.086483841889143,1.4374285714285713,1.0862665885714287,0.1755809914285713,0.9907378802362593,0.13785717230422043,-0.06156040579164085,target,661.0792906461784,330.5396453230892,9198.651176598734,91.13452167736203,9289.785698276097
EDGE,17670,1780351200000,0.2,False,next_5m_open,17671,1780351500000,0,0.479,0.4789042,17671,1780351800000,0.5495313128571427,0.5494214285714285,0.4083869714285715,0.0705172285714285,-1.0103087657889473,-0.14876498089775997,-0.14876498089775997,stop,630.8979348923145,315.44896744615727,9289.785698276097,-93.85551923269138,9195.930179043406
H,98096,1780951200000,0.2,False,next_5m_open,98097,1780951500000,0,0.23445,0.23440311,98098,1780952100000,0.2510398407857143,0.25098964285714287,0.21781657714285713,0.01658653285714287,-1.0205868038838386,-0.07221745716678296,-0.07221745716678296,stop,1299.581203543908,649.790601771954,9195.930179043406,-93.85244990168843,9102.077729141718
AGLD,129190,1782395400000,0.2,False,next_5m_open,129191,1782395700000,0,0.1131,0.11307738,129192,1782396300000,0.12053838857142857,0.12051428571428571,0.1056404742857143,0.007436905714285708,-1.022088799373933,-0.06722103070102455,-0.06722103070102455,stop,1383.9614776755984,691.9807388377992,9102.077729141718,-93.0313169798667,9009.046412161852
ONE,142865,1786497900000,0.2,False,next_5m_open,142866,1786498200000,0,0.000747,0.0007468506000000001,142871,1786500000000,0.000815734542857143,0.0008155714285714286,0.0006781297714285715,6.872082857142857e-05,-1.0160164741070399,-0.09348789964533358,-0.09348789964533358,stop,979.093508943566,489.546754471783,9009.046412161852,-91.5333957075136,8917.513016454337
APR,84962,1786774200000,0.2,False,next_5m_open,84963,1786774500000,0,0.2719,0.27184561999999995,84963,1786774800000,0.2837103021428571,0.2836535714285714,0.2600376685714285,0.01180795142857144,-1.0330340338822512,-0.0448711135980151,-0.0448711135980151,stop,2053.01221764035,1026.506108820175,8917.513016454337,-92.12094443585305,8825.392072018483
NES,17591,1787585100000,0.2,False,next_5m_open,17592,1787585400000,0,0.1419,0.14187162,17592,1787585700000,0.15412724785714285,0.15409642857142858,0.12964681142857143,0.012224808571428575,-1.0170488237268327,-0.08763716927921972,-0.08763716927921972,stop,1024.2063612502877,512.1031806251439,8825.392072018483,-89.75854625774512,8735.633525760739
WOO,150066,1788658200000,0.2,False,next_5m_open,150067,1788658500000,0,0.01112,0.011117776,150067,1788658800000,0.0117848565,0.0117825,0.010453052,0.0006647240000000002,-1.024217689597487,-0.06123725460020064,-0.06123725460020064,stop,1461.0698087852716,730.5349043926358,8735.633525760739,-89.47190386925014,8646.161621891488
