symbol,signal_index,signal_utc,threshold,breakout_4h,excursion_return_pct,body_return_pct,prior_four_hour_high,limit_body_top_price,atr
0G,5317,2025-10-10T21:35:00Z,0.2,False,27.80525502318394,5.733862243058052,2.6265,2.7403,0.16932142857142865
2Z,14436,2025-11-21T16:10:00Z,0.2,True,45.47657512116319,45.35916061339791,0.1244,0.1801,0.005321428571428573
2Z,14436,2025-11-21T16:10:00Z,0.3,True,45.47657512116319,45.35916061339791,0.1244,0.1801,0.005321428571428573
A,38726,2025-10-10T21:40:00Z,0.2,False,36.95792880258901,36.74659753726508,0.3661,0.371,0.029850000000000005
A,38726,2025-10-10T21:40:00Z,0.3,False,36.95792880258901,36.74659753726508,0.3661,0.371,0.029850000000000005
AAVE,54976,2025-10-10T21:20:00Z,0.2,False,49.575904448675765,47.550631815821355,264.92,267.57,19.11285714285714
AAVE,54976,2025-10-10T21:20:00Z,0.3,False,49.575904448675765,47.550631815821355,264.92,267.57,19.11285714285714
ACH,54976,2025-10-10T21:20:00Z,0.2,False,31.3144329896907,20.68527918781726,0.0178,0.01801,0.0011542857142857136
ACH,54976,2025-10-10T21:20:00Z,0.3,False,31.3144329896907,20.68527918781726,0.0178,0.01801,0.0011542857142857136
ACT,54977,2025-10-10T21:25:00Z,0.2,False,69.42934782608697,52.17391304347825,0.03021,0.03109,0.002585
ACT,54977,2025-10-10T21:25:00Z,0.3,False,69.42934782608697,52.17391304347825,0.03021,0.03109,0.002585
ACT,54978,2025-10-10T21:30:00Z,0.2,False,22.32142857142858,17.038358608385362,0.03021,0.03053,0.002755
ACT,54980,2025-10-10T21:40:00Z,0.2,False,25.872093023255815,23.194748358862128,0.03,0.03053,0.003098571428571429
ACU,119,2026-01-23T16:55:00Z,0.2,True,22.465633864281042,13.926591891066199,0.25,0.26104,0.01448642857142857
ACU,225,2026-01-24T01:45:00Z,0.2,True,40.68493150684933,23.17244358060684,0.3041,0.34221,0.015714285714285712
ACU,225,2026-01-24T01:45:00Z,0.3,True,40.68493150684933,23.17244358060684,0.3041,0.34221,0.015714285714285712
ADA,54976,2025-10-10T21:20:00Z,0.2,False,25.022502250225042,23.732373237323735,0.7835,0.7914,0.04887142857142857
AEON,502,2026-07-29T05:20:00Z,0.2,True,23.40720221606649,19.377863002024085,0.0978,0.11206,0.0025835714285714303
AERO,28694,2025-10-10T21:25:00Z,0.2,False,146.7665615141956,122.69336474283472,1.019,1.0263,0.09221428571428571
AERO,28694,2025-10-10T21:25:00Z,0.3,False,146.7665615141956,122.69336474283472,1.019,1.0263,0.09221428571428571
AEVO,54977,2025-10-10T21:25:00Z,0.2,False,53.61586314152411,53.97505845674204,0.09422,0.09407,0.0074342857142857145
AEVO,54977,2025-10-10T21:25:00Z,0.3,False,53.61586314152411,53.97505845674204,0.09422,0.09407,0.0074342857142857145
AGLD,129190,2026-06-25T13:50:00Z,0.2,False,20.205128205128208,16.11909650924026,0.1512,0.1507,0.0066285714285714255
AI,4296,2026-05-14T10:00:00Z,0.2,True,26.35634028892455,24.00513478819,0.03297,0.03864,0.0009249999999999995
AI,17748,2026-06-30T03:00:00Z,0.2,True,40.419480981158905,26.590828297191614,0.03122,0.03561,0.001452142857142857
AI,17748,2026-06-30T03:00:00Z,0.3,True,40.419480981158905,26.590828297191614,0.03122,0.03561,0.001452142857142857
AIXBT,54977,2025-10-10T21:25:00Z,0.2,False,56.73534072900159,55.78446909667196,0.08437,0.08638,0.006718571428571427
AIXBT,54977,2025-10-10T21:25:00Z,0.3,False,56.73534072900159,55.78446909667196,0.08437,0.08638,0.006718571428571427
AIXBT,54978,2025-10-10T21:30:00Z,0.2,False,25.703628348592744,22.142368240930878,0.08437,0.0854,0.007240714285714285
AIXBT,54980,2025-10-10T21:40:00Z,0.2,False,20.63704496788008,20.160427807486613,0.08363,0.08538,0.00809357142857143
AKE,984,2026-09-19T17:00:00Z,0.2,True,26.735384119826055,9.01916572717023,0.0645,0.06769,0.0019249999999999981
AKE,1192,2026-09-20T10:20:00Z,0.2,True,22.221071169584583,13.34300217548947,0.0985,0.10941,0.006459999999999994
AKE,1194,2026-09-20T10:30:00Z,0.2,True,39.77302487996508,2.4113227328324216,0.11798,0.11722,0.00958071428571428
AKE,1194,2026-09-20T10:30:00Z,0.3,True,39.77302487996508,2.4113227328324216,0.11798,0.11722,0.00958071428571428
ALLO,7890,2025-12-09T02:15:00Z,0.2,True,30.38204972710734,25.166767738023044,0.1658,0.2064,0.0047071428571428585
ALLO,7890,2025-12-09T02:15:00Z,0.3,True,30.38204972710734,25.166767738023044,0.1658,0.2064,0.0047071428571428585
ALLO,57203,2026-05-29T07:40:00Z,0.2,True,28.615350829032593,15.189780754730787,0.27888,0.31471,0.015296428571428574
ANIME,54977,2025-10-10T21:25:00Z,0.2,False,45.29750479846448,42.61036468330133,0.01306,0.01329,0.0008657142857142855
ANIME,54977,2025-10-10T21:25:00Z,0.3,False,45.29750479846448,42.61036468330133,0.01306,0.01329,0.0008657142857142855
APE,54977,2025-10-10T21:25:00Z,0.2,False,22.953736654804267,21.40309155766944,0.5516,0.5581,0.036142857142857136
APE,54978,2025-10-10T21:30:00Z,0.2,False,29.236043095004916,20.655898188937826,0.5516,0.5573,0.04029285714285713
APE,111359,2026-04-24T15:55:00Z,0.2,True,22.793273451745797,17.918411454815608,0.14864,0.17459,0.007522142857142854
APE,111408,2026-04-24T20:00:00Z,0.2,True,20.652850236921473,16.589266050653517,0.2156,0.24352,0.010842857142857145
API3,39834,2025-08-19T07:30:00Z,0.2,True,112.24756474221907,63.09537949875281,0.8711,1.3731,0.07413571428571429
API3,39834,2025-08-19T07:30:00Z,0.3,True,112.24756474221907,63.09537949875281,0.8711,1.3731,0.07413571428571429
API3,89280,2026-02-07T00:00:00Z,0.2,True,24.665391969407246,16.40127388535031,0.314,0.3655,0.006964285714285744
APR,84962,2026-08-15T06:10:00Z,0.2,False,22.891566265060238,21.339285714285715,0.5386,0.5373,0.01650714285714285
APT,54976,2025-10-10T21:20:00Z,0.2,False,21.27659574468086,20.560747663551403,4.878,4.908,0.3012142857142858
AR,54976,2025-10-10T21:20:00Z,0.2,False,67.10323574730354,46.54907975460123,5.503,5.606,0.4162857142857142
AR,54976,2025-10-10T21:20:00Z,0.3,False,67.10323574730354,46.54907975460123,5.503,5.606,0.4162857142857142
AR,54977,2025-10-10T21:25:00Z,0.2,False,26.739926739926755,26.890756302521,5.495,5.6,0.4552857142857142
AR,54980,2025-10-10T21:40:00Z,0.2,False,28.57142857142858,24.73948282516403,5.447,5.6,0.5391428571428571
ARB,54976,2025-10-10T21:20:00Z,0.2,False,44.79745830023827,44.47974583002381,0.4046,0.4108,0.02962857142857142
ARB,54976,2025-10-10T21:20:00Z,0.3,False,44.79745830023827,44.47974583002381,0.4046,0.4108,0.02962857142857142
ARKM,54977,2025-10-10T21:25:00Z,0.2,False,49.096167751265355,47.98561151079135,0.4984,0.5051,0.03759999999999999
ARKM,54977,2025-10-10T21:25:00Z,0.3,False,49.096167751265355,47.98561151079135,0.4984,0.5051,0.03759999999999999
ARKM,54980,2025-10-10T21:40:00Z,0.2,False,30.814940577249562,30.09337860780985,0.494,0.5051,0.046057142857142845
ARKM,54980,2025-10-10T21:40:00Z,0.3,False,30.814940577249562,30.09337860780985,0.494,0.5051,0.046057142857142845
ARX,162,2026-06-23T02:00:00Z,0.2,True,35.20813473149032,27.04162694629806,0.3498,0.3998,0.016192857142857148
ARX,162,2026-06-23T02:00:00Z,0.3,True,35.20813473149032,27.04162694629806,0.3498,0.3998,0.016192857142857148
AT,8047,2025-11-27T08:35:00Z,0.2,True,31.285714285714295,26.692087702573875,0.2161,0.2658,0.007292857142857143
AT,8047,2025-11-27T08:35:00Z,0.3,True,31.285714285714295,26.692087702573875,0.2161,0.2658,0.007292857142857143
ATOM,54977,2025-10-10T21:25:00Z,0.2,False,23.13060817547361,23.080757726819545,3.973,4.004,0.27378571428571424
AUCTION,54978,2025-10-10T21:30:00Z,0.2,False,25.20453115166772,23.84542884071632,7.906,7.953,0.5932142857142855
AUCTION,54980,2025-10-10T21:40:00Z,0.2,False,26.411290322580648,25.785373209349082,7.873,7.953,0.6891428571428568
AVAX,54976,2025-10-10T21:20:00Z,0.2,False,56.28158524691904,45.598014008334076,26.981,27.258,2.038642857142857
AVAX,54976,2025-10-10T21:20:00Z,0.3,False,56.28158524691904,45.598014008334076,26.981,27.258,2.038642857142857
AVNT,5255,2025-10-10T21:25:00Z,0.2,False,36.05800922874094,27.994705493050944,0.811,0.8312,0.06192857142857143
AVNT,5255,2025-10-10T21:25:00Z,0.3,False,36.05800922874094,27.994705493050944,0.811,0.8312,0.06192857142857143
AXS,54977,2025-10-10T21:25:00Z,0.2,False,21.384928716904273,21.224489795918355,2.094,2.122,0.12900000000000003
AZTEC,2526,2026-02-20T05:00:00Z,0.2,True,53.68852459016394,39.13934426229508,0.01991,0.02716,0.0008785714285714292
AZTEC,2526,2026-02-20T05:00:00Z,0.3,True,53.68852459016394,39.13934426229508,0.01991,0.02716,0.0008785714285714292
BABY,26118,2025-07-10T03:30:00Z,0.2,True,20.278833967046882,10.5807814149947,0.04773,0.05236,0.0008749999999999993
BABY,52829,2025-10-10T21:25:00Z,0.2,False,24.191461836998695,18.74595992243051,0.04438,0.04555,0.003201428571428571
BABY,52835,2025-10-10T21:55:00Z,0.2,False,23.293029871977232,14.336535040910725,0.04404,0.0453,0.004697142857142856
BABY,62341,2025-11-12T22:05:00Z,0.2,True,20.67575945443274,9.860465116279071,0.03373,0.03543,0.0010564285714285723
BABY,121230,2026-06-05T09:30:00Z,0.2,True,55.91666666666668,44.296419650291426,0.01264,0.01733,0.000554285714285715
BABY,121230,2026-06-05T09:30:00Z,0.3,True,55.91666666666668,44.296419650291426,0.01264,0.01733,0.000554285714285715
BARD,3760,2025-10-01T13:20:00Z,0.2,True,20.620674740484436,5.407743889249406,0.9274,0.9746,0.020442857142857127
BARD,6448,2025-10-10T21:20:00Z,0.2,False,24.874148652650298,6.577777777777771,0.7567,0.7481,0.05639285714285717
BARD,34059,2026-01-14T18:15:00Z,0.2,False,26.549271926854033,14.20098288425693,0.8125,0.8058,0.055199999999999985
BASED,6274,2026-04-21T05:20:00Z,0.2,True,21.085684790089452,19.368982118294365,0.13138,0.13885,0.003410714285714274
BASED,51965,2026-09-26T20:55:00Z,0.2,True,25.37292229009802,-1.0939053842875301,0.07209,0.07215,0.0017699999999999858
BEAT,2269,2025-11-20T13:20:00Z,0.2,True,45.10895072075092,38.486087831042546,0.77821,1.03276,0.05686928571428571
BEAT,2269,2025-11-20T13:20:00Z,0.3,True,45.10895072075092,38.486087831042546,0.77821,1.03276,0.05686928571428571
BEAT,2270,2025-11-20T13:25:00Z,0.2,True,24.90801347844611,15.443383620272266,1.08215,1.19223,0.07879928571428571
BEAT,2271,2025-11-20T13:30:00Z,0.2,True,30.39598064131921,5.728049597855223,1.29,1.26197,0.11553142857142855
BEAT,2271,2025-11-20T13:30:00Z,0.3,True,30.39598064131921,5.728049597855223,1.29,1.26197,0.11553142857142855
BEAT,8518,2025-12-12T06:05:00Z,0.2,True,26.817291791370334,8.227905891424104,2.02,2.13354,0.08187500000000002
BEAT,11280,2025-12-21T20:15:00Z,0.2,True,24.11731472796785,16.959953454673183,3.73307,4.26174,0.14903857142857144
BEAT,11295,2025-12-21T21:30:00Z,0.2,False,49.3830356372422,27.437966239210287,4.52564,4.26555,0.2959892857142856
BEAT,11295,2025-12-21T21:30:00Z,0.3,False,49.3830356372422,27.437966239210287,4.52564,4.26555,0.2959892857142856
BEAT,60365,2026-06-10T06:40:00Z,0.2,True,20.26627218934911,8.647404545641368,4.9327,5.287,0.14747857142857135
BEAT,75469,2026-08-01T17:20:00Z,0.2,True,24.821320411871596,8.871211968262305,4.9888,5.3925,0.13521428571428565
BERA,54977,2025-10-10T21:25:00Z,0.2,False,48.435814455231906,41.70258620689653,2.813,2.849,0.19399999999999995
BERA,54977,2025-10-10T21:25:00Z,0.3,False,48.435814455231906,41.70258620689653,2.813,2.849,0.19399999999999995
BERA,89213,2026-02-06T18:25:00Z,0.2,True,46.9590127809608,19.546055531070962,0.4544,0.5425,0.020921428571428615
BERA,89213,2026-02-06T18:25:00Z,0.3,True,46.9590127809608,19.546055531070962,0.4544,0.5425,0.020921428571428615
BICO,54977,2025-10-10T21:25:00Z,0.2,False,70.19189765458424,68.52878464818764,0.08806,0.08934,0.0066942857142857125
BICO,54977,2025-10-10T21:25:00Z,0.3,False,70.19189765458424,68.52878464818764,0.08806,0.08934,0.0066942857142857125
BICO,142070,2026-08-09T07:10:00Z,0.2,True,25.00694637399279,9.334629809695794,0.07638,0.07871,0.0028042857142857145
BIGTIME,2425,2025-04-11T10:05:00Z,0.2,True,26.84426229508197,15.193065405831362,0.06484,0.07309,0.0016014285714285727
BIO,54977,2025-10-10T21:25:00Z,0.2,False,54.71747019180921,50.54235537190084,0.10907,0.11105,0.008746428571428572
BIO,54977,2025-10-10T21:25:00Z,0.3,False,54.71747019180921,50.54235537190084,0.10907,0.11105,0.008746428571428572
BIO,57679,2025-10-20T06:35:00Z,0.2,True,43.351063829787215,23.184551341350602,0.08822,0.10653,0.0032757142857142833
BIO,57679,2025-10-20T06:35:00Z,0.3,True,43.351063829787215,23.184551341350602,0.08822,0.10653,0.0032757142857142833
BLUR,54977,2025-10-10T21:25:00Z,0.2,False,28.24791418355186,27.24763406940063,0.06918,0.07034,0.004301428571428572
BLUR,104544,2026-04-01T00:00:00Z,0.2,True,24.5522819179665,24.408540103866105,0.01732,0.02156,0.00032071428571428404
BNB,54976,2025-10-10T21:20:00Z,0.2,False,27.071379389488182,27.048427817305477,1247.7,1240.4,52.77142857142855
BOME,54980,2025-10-10T21:40:00Z,0.2,False,21.13702623906706,20.991253644314867,0.001504,0.001541,0.0001265714285714286
BOME,109918,2026-04-19T15:50:00Z,0.2,True,21.10783952889217,16.30474788369525,0.000628,0.000632,2.0000000000000005e-05
BOME,109919,2026-04-19T15:55:00Z,0.2,True,27.056962025316466,27.177700348432076,0.0006581,0.000803,3.2007142857142864e-05
BOME,110121,2026-04-20T08:45:00Z,0.2,True,20.79957731595632,20.549392498679353,0.0005756,0.0006846,1.3042857142857166e-05
BONK,54977,2025-10-10T21:25:00Z,0.2,False,22.58857556037601,21.732215153267774,1.7865e-05,1.8366e-05,1.276071428571429e-06
BONK,54980,2025-10-10T21:40:00Z,0.2,False,21.5568862275449,20.987381005091876,1.7687e-05,1.8188e-05,1.4726428571428574e-06
BRETT,54977,2025-10-10T21:25:00Z,0.2,False,43.504996156802456,45.745511319281796,0.04017,0.04116,0.003030714285714286
BRETT,54977,2025-10-10T21:25:00Z,0.3,False,43.504996156802456,45.745511319281796,0.04017,0.04116,0.003030714285714286
BRETT,54980,2025-10-10T21:40:00Z,0.2,False,23.618784530386726,19.87179487179487,0.03983,0.04098,0.003773571428571428
BSB,6324,2026-04-24T09:00:00Z,0.2,True,21.197604790419167,12.506415739948661,0.592,0.6576,0.03307142857142858
BSB,13629,2026-05-19T17:45:00Z,0.2,True,24.127812194326694,21.323050184662186,0.9333,1.1169,0.04609285714285712
BSB,13932,2026-05-20T19:00:00Z,0.2,True,28.901895206243044,20.87368494391417,1.4494,1.7349,0.09349285714285718
BSB,13933,2026-05-20T19:05:00Z,0.2,True,52.08369358464464,4.011989854738296,1.85,1.8044,0.1552071428571429
BSB,13933,2026-05-20T19:05:00Z,0.3,True,52.08369358464464,4.011989854738296,1.85,1.8044,0.1552071428571429
BSB,13940,2026-05-20T19:40:00Z,0.2,False,20.64258519825424,17.254829123328385,2.6385,1.8044,0.27645714285714285
BSB,22574,2026-06-19T19:10:00Z,0.2,True,27.274744784731464,12.075471698113205,0.5249,0.5049,0.03552142857142847
CAP,11681,2026-08-06T01:55:00Z,0.2,True,33.533994334277615,17.853347502656746,0.0294,0.03327,0.0010121428571428558
CAP,11681,2026-08-06T01:55:00Z,0.3,True,33.533994334277615,17.853347502656746,0.0294,0.03327,0.0010121428571428558
CASHCAT,7223,2026-09-28T05:25:00Z,0.2,True,20.405727923627694,12.828162291169454,0.1709,0.1891,0.004371428571428572
CFX,64131,2025-11-11T16:15:00Z,0.2,True,27.037401574803145,20.48228346456693,0.10238,0.12241,0.0029542857142857157
CFX,64132,2025-11-11T16:20:00Z,0.2,True,20.088228085940685,10.460934946060817,0.12907,0.13516,0.004715000000000001
CFX,139452,2026-07-31T05:00:00Z,0.2,True,22.7656405163853,13.033763654419062,0.04167,0.04553,0.0007350000000000001
CNPY,2957,2026-09-17T19:25:00Z,0.2,True,23.62154044196525,22.04335694355013,0.4924,0.5686,0.022585714285714282
CNPY,2958,2026-09-17T19:30:00Z,0.2,True,20.506507210692938,15.215865215865222,0.5762,0.6565,0.03283571428571428
COMP,54977,2025-10-10T21:25:00Z,0.2,False,25.19240636223705,22.78091328886609,41.55,41.92,2.6557142857142857
CORE,54977,2025-10-10T21:25:00Z,0.2,False,25.92592592592593,25.40913006029286,0.357,0.3607,0.027371428571428578
CP,1580,2026-09-08T03:20:00Z,0.2,True,53.66536094012311,42.20234768026832,0.02048,0.02544,0.0010907142857142856
CP,1580,2026-09-08T03:20:00Z,0.3,True,53.66536094012311,42.20234768026832,0.02048,0.02544,0.0010907142857142856
CRO,54977,2025-10-10T21:25:00Z,0.2,False,27.003816793893122,25.373292385894295,0.1852,0.18592,0.012845000000000004
CRV,54976,2025-10-10T21:20:00Z,0.2,False,29.357056207035992,29.357056207035992,0.7058,0.7144,0.05017857142857142
CVX,54977,2025-10-10T21:25:00Z,0.2,False,43.61179361179364,40.49382716049381,3.117,3.133,0.24300000000000002
CVX,54977,2025-10-10T21:25:00Z,0.3,False,43.61179361179364,40.49382716049381,3.117,3.133,0.24300000000000002
CVX,54978,2025-10-10T21:30:00Z,0.2,False,33.56766256590511,11.589113257243188,3.117,3.133,0.2690714285714286
CVX,54978,2025-10-10T21:30:00Z,0.3,False,33.56766256590511,11.589113257243188,3.117,3.133,0.2690714285714286
DOGE,54976,2025-10-10T21:20:00Z,0.2,False,21.80633147113593,21.372695101508654,0.23704,0.24163,0.014772142857142857
DOOD,42535,2025-10-07T04:35:00Z,0.2,True,97.53291963069472,92.51700680272108,0.007178,0.012735,0.000510857142857143
DOOD,42535,2025-10-07T04:35:00Z,0.3,True,97.53291963069472,92.51700680272108,0.007178,0.012735,0.000510857142857143
DOOD,113574,2026-06-10T20:30:00Z,0.2,True,26.164079822616394,18.934911242603558,0.001439,0.001608,4.171428571428544e-05
DOT,54976,2025-10-10T21:20:00Z,0.2,False,20.340136054421755,17.38544474393531,4.036,4.105,0.2762142857142857
DOT,54977,2025-10-10T21:25:00Z,0.2,False,24.97129735935706,19.988512349224585,4.034,4.103,0.30657142857142855
DOT,54980,2025-10-10T21:40:00Z,0.2,False,20.12063765618266,19.65591397849462,4.018,4.102,0.3650714285714285
DYDX,54977,2025-10-10T21:25:00Z,0.2,False,125.1925192519252,110.9030837004405,0.5269,0.5407,0.04588571428571431
DYDX,54977,2025-10-10T21:25:00Z,0.3,False,125.1925192519252,110.9030837004405,0.5269,0.5407,0.04588571428571431
DYDX,54978,2025-10-10T21:30:00Z,0.2,False,25.430809399477795,13.054830287206265,0.5269,0.5355,0.050057142857142876
DYDX,54980,2025-10-10T21:40:00Z,0.2,False,24.603174603174605,21.992976294995593,0.5226,0.5354,0.055621428571428586
EDEN,3002,2025-10-10T21:40:00Z,0.2,False,33.427495291902055,30.283018867924525,0.2451,0.2447,0.02267142857142857
EDEN,3002,2025-10-10T21:40:00Z,0.3,False,33.427495291902055,30.283018867924525,0.2451,0.2447,0.02267142857142857
EDEN,22102,2025-12-16T05:20:00Z,0.2,True,44.717483174205654,39.81539424280349,0.06476,0.08937,0.00239071428571428
EDEN,22102,2025-12-16T05:20:00Z,0.3,True,44.717483174205654,39.81539424280349,0.06476,0.08937,0.00239071428571428
EDGE,17670,2026-06-01T22:00:00Z,0.2,False,38.10856183547846,34.09790209790211,1.1861,1.1983,0.11164285714285713
EDGE,17670,2026-06-01T22:00:00Z,0.3,False,38.10856183547846,34.09790209790211,1.1861,1.1983,0.11164285714285713
EDGE,17671,2026-06-01T22:05:00Z,0.2,False,26.470588235294112,25.615866388308994,1.1838,1.1983,0.12132857142857138
EGLD,54977,2025-10-10T21:25:00Z,0.2,False,42.42424242424243,40.2325581395349,12.87,13.0,0.9164285714285716
EGLD,54977,2025-10-10T21:25:00Z,0.3,False,42.42424242424243,40.2325581395349,12.87,13.0,0.9164285714285716
EGLD,54980,2025-10-10T21:40:00Z,0.2,False,23.61733931240657,23.01943198804186,12.83,13.0,1.1078571428571429
EIGEN,54977,2025-10-10T21:25:00Z,0.2,False,44.55307262569832,42.777194823364816,1.6534,1.6908,0.12057857142857141
EIGEN,54977,2025-10-10T21:25:00Z,0.3,False,44.55307262569832,42.777194823364816,1.6534,1.6908,0.12057857142857141
EIGEN,54980,2025-10-10T21:40:00Z,0.2,False,28.787878787878807,28.187840075703807,1.6534,1.6906,0.1537785714285714
ENA,6790,2025-10-10T21:20:00Z,0.2,False,158.0747308423052,109.61538461538463,0.5211,0.5426,0.05192857142857145
ENA,6790,2025-10-10T21:20:00Z,0.3,False,158.0747308423052,109.61538461538463,0.5211,0.5426,0.05192857142857145
ENA,6791,2025-10-10T21:25:00Z,0.2,False,25.44342507645261,23.149847094801213,0.5211,0.5394,0.057764285714285726
ENJ,54977,2025-10-10T21:25:00Z,0.2,False,22.212837837837853,19.76351351351351,0.05953,0.06056,0.003841428571428571
ENJ,106743,2026-04-08T15:15:00Z,0.2,True,25.40669856459332,17.79904306220097,0.02093,0.02462,0.0005014285714285728
ESP,3909,2026-02-24T05:45:00Z,0.2,True,20.19391159299415,7.620934111759792,0.10251,0.10874,0.002400714285714286
ESP,3912,2026-02-24T06:00:00Z,0.2,True,45.14563106796117,27.62322628827483,0.11529,0.13671,0.0062535714285714295
ESP,3912,2026-02-24T06:00:00Z,0.3,True,45.14563106796117,27.62322628827483,0.11529,0.13671,0.0062535714285714295
ETHFI,54976,2025-10-10T21:20:00Z,0.2,False,86.8311438641461,86.8311438641461,1.4964,1.5347,0.1185428571428571
ETHFI,54976,2025-10-10T21:20:00Z,0.3,False,86.8311438641461,86.8311438641461,1.4964,1.5347,0.1185428571428571
ETHFI,54977,2025-10-10T21:25:00Z,0.2,False,20.613959869662168,19.63642599897102,1.4964,1.5296,0.12678571428571425
ETHFI,54978,2025-10-10T21:30:00Z,0.2,False,23.179472477064223,21.085115544710774,1.4964,1.5296,0.13805714285714285
ETHW,109345,2026-04-17T16:05:00Z,0.2,True,21.379310344827584,19.13985554826001,0.3069,0.3629,0.007642857142857122
F,30432,2026-02-08T00:00:00Z,0.2,True,46.80550653018003,46.80550653018003,0.005703,0.008318,0.00020764285714285725
F,30432,2026-02-08T00:00:00Z,0.3,True,46.80550653018003,46.80550653018003,0.005703,0.008318,0.00020764285714285725
F,94549,2026-09-18T15:05:00Z,0.2,True,31.23536299765808,28.462664714494878,0.00342,0.004387,9.049999999999994e-05
F,94549,2026-09-18T15:05:00Z,0.3,True,31.23536299765808,28.462664714494878,0.00342,0.004387,9.049999999999994e-05
FARTCOIN,54976,2025-10-10T21:20:00Z,0.2,False,88.3673469387755,58.40648210668466,0.6128,0.6428,0.05385000000000001
FARTCOIN,54976,2025-10-10T21:20:00Z,0.3,False,88.3673469387755,58.40648210668466,0.6128,0.6428,0.05385000000000001
FARTCOIN,54978,2025-10-10T21:30:00Z,0.2,False,20.148423005565853,18.738404452690173,0.6128,0.626,0.061621428571428584
FIL,372,2025-04-04T07:00:00Z,0.2,True,26.890446329767627,13.131685724824793,2.73,3.067,0.058071428571428614
FIL,54977,2025-10-10T21:25:00Z,0.2,False,38.62973760932944,9.752547307132442,2.288,2.313,0.15928571428571428
FIL,54977,2025-10-10T21:25:00Z,0.3,False,38.62973760932944,9.752547307132442,2.288,2.313,0.15928571428571428
FIL,54978,2025-10-10T21:30:00Z,0.2,False,30.503978779840857,28.116710875331563,2.288,2.313,0.17907142857142855
FIL,54978,2025-10-10T21:30:00Z,0.3,False,30.503978779840857,28.116710875331563,2.288,2.313,0.17907142857142855
FIL,54981,2025-10-10T21:45:00Z,0.2,False,25.448334756618273,25.02134927412467,2.264,2.313,0.21721428571428572
FLOKI,54977,2025-10-10T21:25:00Z,0.2,False,66.368330464716,66.29948364888125,8.827e-05,8.961e-05,7.352857142857145e-06
FLOKI,54977,2025-10-10T21:25:00Z,0.3,False,66.368330464716,66.29948364888125,8.827e-05,8.961e-05,7.352857142857145e-06
FLOW,54977,2025-10-10T21:25:00Z,0.2,False,23.726235741444878,23.740458015267162,0.3453,0.3494,0.021278571428571428
FLOW,89182,2026-02-06T15:50:00Z,0.2,True,45.051858254105426,20.479585223590412,0.0463,0.05577,0.001732857142857149
FLOW,89182,2026-02-06T15:50:00Z,0.3,True,45.051858254105426,20.479585223590412,0.0463,0.05577,0.001732857142857149
FOGO,1419,2026-01-15T14:00:00Z,0.2,True,20.648389904264562,7.571801566579617,0.05375,0.05048,0.0030599999999999994
GALA,54976,2025-10-10T21:20:00Z,0.2,False,31.092436974789916,30.140845070422518,0.01485,0.01519,0.0011035714285714288
GALA,54976,2025-10-10T21:20:00Z,0.3,False,31.092436974789916,30.140845070422518,0.01485,0.01519,0.0011035714285714288
GALA,54977,2025-10-10T21:25:00Z,0.2,False,54.54545454545454,54.6637744034707,0.01485,0.01515,0.0012792857142857144
GALA,54977,2025-10-10T21:25:00Z,0.3,False,54.54545454545454,54.6637744034707,0.01485,0.01515,0.0012792857142857144
GALA,54980,2025-10-10T21:40:00Z,0.2,False,23.78303198887344,20.194986072423404,0.01475,0.01506,0.0014614285714285714
GIGGLE,2617,2025-11-03T09:05:00Z,0.2,True,46.05656785422898,35.01495784607016,76.01,99.29,3.200714285714284
GIGGLE,2617,2025-11-03T09:05:00Z,0.3,True,46.05656785422898,35.01495784607016,76.01,99.29,3.200714285714284
GIGGLE,2925,2025-11-04T10:45:00Z,0.2,True,22.416534181240056,18.071905822462607,63.7,74.22,4.3757142857142854
GIGGLE,2931,2025-11-04T11:15:00Z,0.2,True,24.092339979013655,18.144568186593823,95.58,112.45,7.707142857142857
GMT,54977,2025-10-10T21:25:00Z,0.2,False,38.20870994248151,36.5053322395406,0.03632,0.0367,0.0024878571428571437
GMT,54977,2025-10-10T21:25:00Z,0.3,False,38.20870994248151,36.5053322395406,0.03632,0.0367,0.0024878571428571437
GMT,54979,2025-10-10T21:35:00Z,0.2,False,21.631419939577047,20.92882991556091,0.03627,0.03653,0.002992857142857144
GMX,37099,2025-08-09T19:35:00Z,0.2,True,49.578195976638554,11.161583387410756,15.47,17.13,0.6114285714285713
GMX,37099,2025-08-09T19:35:00Z,0.3,True,49.578195976638554,11.161583387410756,15.47,17.13,0.6114285714285713
GMX,37106,2025-08-09T20:10:00Z,0.2,False,21.677893447642393,21.494182486221682,23.05,19.84,1.2385714285714289
GMX,37107,2025-08-09T20:15:00Z,0.2,True,40.47379032258065,7.319535588086845,23.05,21.26,1.9100000000000001
GMX,37107,2025-08-09T20:15:00Z,0.3,True,40.47379032258065,7.319535588086845,23.05,21.26,1.9100000000000001
GMX,37110,2025-08-09T20:30:00Z,0.2,False,22.939632545931765,4.6194225721784665,27.87,21.26,2.667857142857143
GMX,54976,2025-10-10T21:20:00Z,0.2,False,23.601398601398603,23.601398601398603,13.16,13.4,0.8214285714285703
GPS,54976,2025-10-10T21:20:00Z,0.2,False,29.572052401746717,26.96198116498081,0.012664,0.013164,0.0008541428571428574
GPS,54980,2025-10-10T21:40:00Z,0.2,False,21.86520376175547,21.12169973441651,0.012537,0.013065,0.0012264285714285712
GPS,62165,2025-11-04T20:25:00Z,0.2,True,41.85232922113791,36.29329403095063,0.005833,0.007398,0.00022621428571428562
GPS,62165,2025-11-04T20:25:00Z,0.3,True,41.85232922113791,36.29329403095063,0.005833,0.007398,0.00022621428571428562
GPS,67045,2025-11-21T19:05:00Z,0.2,True,21.412768647281922,10.374230222643298,0.006417,0.00699,0.0002030714285714282
GPS,94257,2026-02-24T06:45:00Z,0.2,True,24.837410963146468,10.320532672654071,0.013225,0.014249,0.0002762142857142854
GRASS,54976,2025-10-10T21:20:00Z,0.2,False,74.09700722394219,74.40290758047767,0.7444,0.7531,0.060785714285714276
GRASS,54976,2025-10-10T21:20:00Z,0.3,False,74.09700722394219,74.40290758047767,0.7444,0.7531,0.060785714285714276
GRASS,95580,2026-02-28T21:00:00Z,0.2,True,25.187969924812048,5.636743215031315,0.2421,0.253,0.00845000000000005
GRVT,246,2026-07-31T11:30:00Z,0.2,True,22.253292806484293,6.837156521034293,0.25228,0.26361,0.006578571428571429
GRVT,1604,2026-08-05T04:40:00Z,0.2,True,26.509355351867292,14.573702159909052,0.26696,0.30236,0.00583785714285714
H,36090,2025-11-05T13:30:00Z,0.2,False,21.699947825262058,17.97182564151212,0.29589,0.29328,0.02048142857142857
H,95844,2026-06-01T01:00:00Z,0.2,True,37.30480594299574,21.170718765988905,0.53152,0.63943,0.026897857142857137
H,95844,2026-06-01T01:00:00Z,0.3,True,37.30480594299574,21.170718765988905,0.53152,0.63943,0.026897857142857137
H,98096,2026-06-08T20:40:00Z,0.2,False,22.386422976501308,22.434691745036584,0.6388,0.67831,0.033079285714285735
H,98107,2026-06-08T21:35:00Z,0.2,False,23.176598386095606,18.707324643078827,0.61839,0.65536,0.03415214285714286
HMSTR,19358,2025-06-09T05:10:00Z,0.2,True,25.77733199598795,-17.301905717151456,0.002006,0.002004,9.221428571428578e-05
HMSTR,54977,2025-10-10T21:25:00Z,0.2,False,28.299492385786795,23.109421208280523,0.0005946,0.0006045,4.343571428571433e-05
HMSTR,62162,2025-11-04T20:10:00Z,0.2,True,33.53131749460043,28.475033738191648,0.0003735,0.000476,1.432857142857148e-05
HMSTR,62162,2025-11-04T20:10:00Z,0.3,True,33.53131749460043,28.475033738191648,0.0003735,0.000476,1.432857142857148e-05
HMSTR,62163,2025-11-04T20:15:00Z,0.2,True,24.327731092436956,14.084507042253524,0.0004946,0.0005427,2.2714285714285764e-05
HMSTR,74570,2025-12-17T22:10:00Z,0.2,True,21.259029927760587,21.155830753353968,0.0001958,0.0002348,4.285714285714353e-06
HMSTR,86090,2026-01-26T22:10:00Z,0.2,True,45.5177743431221,9.157650695517772,0.0002599,0.0002825,1.312857142857149e-05
HMSTR,86090,2026-01-26T22:10:00Z,0.3,True,45.5177743431221,9.157650695517772,0.0002599,0.0002825,1.312857142857149e-05
HMSTR,131735,2026-07-04T09:55:00Z,0.2,True,22.977346278317178,11.355548366224543,0.0003451,0.0003442,1.380714285714292e-05
HOME,3085,2025-06-24T03:20:00Z,0.2,True,23.962450592885375,11.857707509881422,0.02134,0.02264,0.0004492857142857143
HOME,34407,2025-10-10T21:30:00Z,0.2,False,39.30510314875135,39.314845024469825,0.02914,0.02906,0.001996428571428571
HOME,34407,2025-10-10T21:30:00Z,0.3,False,39.30510314875135,39.314845024469825,0.02914,0.02906,0.001996428571428571
HOME,120027,2026-08-04T04:30:00Z,0.2,True,27.43446964552494,19.059910338269237,0.0082,0.008764,0.00022985714285714325
HUMA,39550,2025-10-10T21:20:00Z,0.2,False,51.08289768483942,48.53493613824191,0.0319,0.03248,0.0022214285714285717
HUMA,39550,2025-10-10T21:20:00Z,0.3,False,51.08289768483942,48.53493613824191,0.0319,0.03248,0.0022214285714285717
HUMA,39555,2025-10-10T21:45:00Z,0.2,False,20.837209302325597,19.132057862809138,0.0316,0.03202,0.003840714285714287
HUMA,47000,2025-11-05T18:10:00Z,0.2,True,24.30622009569379,-16.451458632233383,0.02121,0.02091,0.0008514285714285712
HUMA,47001,2025-11-05T18:15:00Z,0.2,False,33.42873497424157,8.528906697195193,0.02598,0.02091,0.0012649999999999998
HUMA,47001,2025-11-05T18:15:00Z,0.3,False,33.42873497424157,8.528906697195193,0.02598,0.02091,0.0012649999999999998
HYPE,54976,2025-10-10T21:20:00Z,0.2,False,29.402575762835426,23.960684888688235,43.551,43.536,2.597928571428571
ICP,54977,2025-10-10T21:25:00Z,0.2,False,22.961373390557927,22.907725321888407,4.234,4.277,0.25028571428571417
IMX,54977,2025-10-10T21:25:00Z,0.2,False,30.605943651099963,31.11197210383572,0.6497,0.6643,0.04302142857142855
IMX,54977,2025-10-10T21:25:00Z,0.3,False,30.605943651099963,31.11197210383572,0.6497,0.6643,0.04302142857142855
INIT,48791,2025-10-10T21:25:00Z,0.2,False,23.915050784856895,20.642201834862384,0.3007,0.3067,0.02252142857142857
INJ,54976,2025-10-10T21:20:00Z,0.2,False,81.21590023382694,80.17218888599007,11.6,11.806,0.9852857142857144
INJ,54976,2025-10-10T21:20:00Z,0.3,False,81.21590023382694,80.17218888599007,11.6,11.806,0.9852857142857144
IOTA,80848,2026-01-08T17:20:00Z,0.2,True,29.250734110069132,21.017720079598213,0.10654,0.12771,0.003107857142857146
JELLYJELLY,61915,2025-11-03T23:35:00Z,0.2,True,23.765599565925122,20.197525504666803,0.1982,0.2215,0.007587142857142856
JELLYJELLY,62056,2025-11-04T11:20:00Z,0.2,True,35.97126757074742,12.603689488671543,0.20837,0.21131,0.01053285714285714
JELLYJELLY,62056,2025-11-04T11:20:00Z,0.3,True,35.97126757074742,12.603689488671543,0.20837,0.21131,0.01053285714285714
JELLYJELLY,62122,2025-11-04T16:50:00Z,0.2,True,38.54025739757865,35.52225344295279,0.29489,0.39067,0.018981428571428573
JELLYJELLY,62122,2025-11-04T16:50:00Z,0.3,True,38.54025739757865,35.52225344295279,0.29489,0.39067,0.018981428571428573
JTO,54976,2025-10-10T21:20:00Z,0.2,False,49.88009592326139,48.21852731591449,1.493,1.521,0.11092857142857145
JTO,54976,2025-10-10T21:20:00Z,0.3,False,49.88009592326139,48.21852731591449,1.493,1.521,0.11092857142857145
JTO,54977,2025-10-10T21:25:00Z,0.2,False,20.192307692307686,20.192307692307686,1.493,1.514,0.12150000000000002
JUP,54976,2025-10-10T21:20:00Z,0.2,False,62.5668449197861,61.76470588235294,0.4145,0.4209,0.030792857142857143
JUP,54976,2025-10-10T21:20:00Z,0.3,False,62.5668449197861,61.76470588235294,0.4145,0.4209,0.030792857142857143
JUP,54977,2025-10-10T21:25:00Z,0.2,False,25.344352617079903,25.069175428887668,0.4145,0.4194,0.03401428571428571
KAT,6871,2026-03-26T08:05:00Z,0.2,True,61.88034188034186,36.581196581196586,0.01226,0.01598,0.0006078571428571425
KAT,6871,2026-03-26T08:05:00Z,0.3,True,61.88034188034186,36.581196581196586,0.01226,0.01598,0.0006078571428571425
KAT,15383,2026-04-24T21:25:00Z,0.2,True,29.56597983340641,25.50868268724784,0.023731,0.028621,0.001127714285714286
KMNO,38519,2025-10-10T21:25:00Z,0.2,False,23.24074074074074,20.789636027143743,0.06977,0.06984,0.00377142857142857
KMNO,124975,2026-08-07T02:05:00Z,0.2,True,27.77173913043478,14.130434782608713,0.01851,0.021,0.0003792857142857137
KSM,54977,2025-10-10T21:25:00Z,0.2,False,22.466216216216228,22.12837837837838,14.36,14.54,0.9721428571428572
LA,27936,2025-09-18T10:00:00Z,0.2,True,55.52638487792072,37.742782152230994,0.3879,0.5248,0.01641428571428571
LA,27936,2025-09-18T10:00:00Z,0.3,True,55.52638487792072,37.742782152230994,0.3879,0.5248,0.01641428571428571
LA,73320,2026-02-23T00:00:00Z,0.2,True,22.180451127819566,11.560150375939848,0.214,0.2374,0.004364285714285705
LAB,52602,2026-05-03T03:30:00Z,0.2,False,22.363988976217207,18.928863450531463,2.2006,3.7598,0.1523357142857144
LAB,55089,2026-05-11T18:45:00Z,0.2,True,26.29863906459653,12.798052595261833,5.328,5.8849,0.1689928571428572
LAB,55091,2026-05-11T18:55:00Z,0.2,True,22.998417721518983,8.251451717536117,6.589,6.8416,0.3093
LAB,61470,2026-06-02T22:30:00Z,0.2,False,29.73814578910121,3.190287972896666,25.668,25.289,3.4767857142857146
LAB,61473,2026-06-02T22:45:00Z,0.2,False,52.29016786570744,47.01438848920863,25.668,25.289,3.278642857142857
LAB,61473,2026-06-02T22:45:00Z,0.3,False,52.29016786570744,47.01438848920863,25.668,25.289,3.278642857142857
LAB,70560,2026-07-04T12:00:00Z,0.2,True,26.892357959702306,17.581918852682232,11.23,12.954,0.43321428571428733
LAB,73338,2026-07-14T03:30:00Z,0.2,True,21.466768525592062,18.570882690103186,0.273,0.3103,0.010264285714286999
LAYER,54976,2025-10-10T21:20:00Z,0.2,False,105.21920668058455,69.01554404145077,0.3729,0.3788,0.03167142857142857
LAYER,54976,2025-10-10T21:20:00Z,0.3,False,105.21920668058455,69.01554404145077,0.3729,0.3788,0.03167142857142857
LAYER,54977,2025-10-10T21:25:00Z,0.2,False,24.463519313304726,22.523076923076914,0.3729,0.3773,0.03609285714285715
LAYER,67011,2025-11-21T16:15:00Z,0.2,True,29.1056088933805,29.1056088933805,0.1982,0.2555,0.00560714285714287
LDO,54976,2025-10-10T21:20:00Z,0.2,False,84.77064220183483,84.77064220183483,1.1323,1.1461,0.08910000000000004
LDO,54976,2025-10-10T21:20:00Z,0.3,False,84.77064220183483,84.77064220183483,1.1323,1.1461,0.08910000000000004
LDO,54980,2025-10-10T21:40:00Z,0.2,False,25.235585369749238,21.95551288206112,1.1254,1.1428,0.11420714285714288
LIGHT,4338,2025-12-31T09:30:00Z,0.2,False,31.647058823529406,24.92660011743981,0.4567,0.4557,0.020121428571428394
LIGHT,4338,2025-12-31T09:30:00Z,0.3,False,31.647058823529406,24.92660011743981,0.4567,0.4557,0.020121428571428394
LIGHT,4339,2025-12-31T09:35:00Z,0.2,True,25.052878965922453,21.67371885284437,0.4567,0.5176,0.02781428571428554
LIGHT,4340,2025-12-31T09:40:00Z,0.2,True,46.44513137557962,42.95924280471313,0.5321,0.7401,0.04552857142857125
LIGHT,4340,2025-12-31T09:40:00Z,0.3,True,46.44513137557962,42.95924280471313,0.5321,0.7401,0.04552857142857125
LIGHT,4342,2025-12-31T09:50:00Z,0.2,True,23.768628441525653,16.81181370692919,0.7999,0.9255,0.0684071428571427
LIGHT,4357,2025-12-31T11:05:00Z,0.2,True,24.3826335027191,7.764999554248031,1.15,1.2088,0.07909285714285705
LIGHT,4479,2025-12-31T21:15:00Z,0.2,True,21.701179869973508,14.733863198458575,1.6882,1.9055,0.1016571428571428
LIGHT,4489,2025-12-31T22:05:00Z,0.2,False,31.744431203593358,24.85104042533688,2.0217,1.9055,0.21144285714285704
LIGHT,4489,2025-12-31T22:05:00Z,0.3,False,31.744431203593358,24.85104042533688,2.0217,1.9055,0.21144285714285704
LINEA,2607,2025-09-10T15:15:00Z,0.2,True,20.733944954128436,3.0825688073394586,0.02777,0.02809,0.0014599999999999995
LINEA,11320,2025-10-10T21:20:00Z,0.2,False,87.78761061946902,84.80565371024736,0.02359,0.02394,0.0019242857142857154
LINEA,11320,2025-10-10T21:20:00Z,0.3,False,87.78761061946902,84.80565371024736,0.02359,0.02394,0.0019242857142857154
LINEA,11324,2025-10-10T21:40:00Z,0.2,False,20.833333333333325,19.02956785443517,0.02342,0.02373,0.002420000000000001
LPT,16455,2025-05-30T03:15:00Z,0.2,True,36.91959229898074,24.30647291941874,5.543,6.587,0.15828571428571406
LPT,16455,2025-05-30T03:15:00Z,0.3,True,36.91959229898074,24.30647291941874,5.543,6.587,0.15828571428571406
LPT,16516,2025-05-30T08:20:00Z,0.2,True,20.556494604082708,16.49980496684438,7.779,8.96,0.33657142857142863
LQTY,54977,2025-10-10T21:25:00Z,0.2,False,29.270423765836618,28.764142732811138,0.6689,0.6968,0.04222142857142856
LQTY,54980,2025-10-10T21:40:00Z,0.2,False,21.200804366561332,20.523891767415094,0.6657,0.695,0.05143571428571429
LUNA,54977,2025-10-10T21:25:00Z,0.2,False,32.981530343007904,26.178010471204203,0.1294,0.1306,0.009757142857142858
LUNA,54977,2025-10-10T21:25:00Z,0.3,False,32.981530343007904,26.178010471204203,0.1294,0.1306,0.009757142857142858
LUNA,67303,2025-11-22T16:35:00Z,0.2,True,21.549006168608642,13.153202578521462,0.07295,0.0825,0.0015200000000000016
MAGIC,54978,2025-10-10T21:30:00Z,0.2,False,31.276665572694462,30.372681004761116,0.16286,0.16501,0.011869285714285718
MAGIC,54978,2025-10-10T21:30:00Z,0.3,False,31.276665572694462,30.372681004761116,0.16286,0.16501,0.011869285714285718
MAGIC,71977,2025-12-08T22:05:00Z,0.2,True,31.603241358088006,10.186704965121063,0.09801,0.10741,0.002521428571428574
MAGIC,71977,2025-12-08T22:05:00Z,0.3,True,31.603241358088006,10.186704965121063,0.09801,0.10741,0.002521428571428574
ME,54977,2025-10-10T21:25:00Z,0.2,False,20.76825664837485,19.932432432432414,0.5578,0.563,0.03889285714285715
MEME,4406,2025-04-18T07:10:00Z,0.2,True,28.865979381443307,28.783000643915013,0.001571,0.002,5.5428571428571384e-05
MEME,54977,2025-10-10T21:25:00Z,0.2,False,29.760547320410492,27.676537585421414,0.002303,0.002352,0.0001507142857142857
MERL,153201,2026-09-16T22:45:00Z,0.2,True,22.537710736468487,9.995557529986687,0.02283,0.02476,0.00043642857142857074
MET,102,2025-10-10T16:45:00Z,0.2,True,20.14191784389037,12.307191669378458,1.65,1.7256,0.0668714285714286
MEW,54977,2025-10-10T21:25:00Z,0.2,False,26.056338028169,24.575424575424588,0.002485,0.002515,0.00015657142857142858
MINA,54977,2025-10-10T21:25:00Z,0.2,False,30.712530712530707,31.358024691358022,0.1596,0.1624,0.011235714285714283
MINA,54977,2025-10-10T21:25:00Z,0.3,False,30.712530712530707,31.358024691358022,0.1596,0.1624,0.011235714285714283
MINA,54978,2025-10-10T21:30:00Z,0.2,False,32.89473684210527,33.14500941619585,0.1596,0.162,0.012428571428571426
MINA,54978,2025-10-10T21:30:00Z,0.3,False,32.89473684210527,33.14500941619585,0.1596,0.162,0.012428571428571426
MINA,54980,2025-10-10T21:40:00Z,0.2,False,28.077455048409394,27.348066298342545,0.158,0.162,0.014107142857142855
MMT,99,2025-11-04T20:45:00Z,0.2,True,29.63927110449982,26.858275520317143,1.6649,2.048,0.15297142857142848
MMT,100,2025-11-04T20:50:00Z,0.2,True,54.42871093749999,43.285770132916326,2.0916,2.9322,0.23147857142857134
MMT,100,2025-11-04T20:50:00Z,0.3,True,54.42871093749999,43.285770132916326,2.0916,2.9322,0.23147857142857134
MMT,102,2025-11-04T21:00:00Z,0.2,False,22.153369481022466,19.19970631424375,3.1627,2.9322,0.30494999999999994
MMT,103,2025-11-04T21:05:00Z,0.2,True,44.69766964377375,37.53250307923908,3.1627,4.0198,0.3885142857142857
MMT,103,2025-11-04T21:05:00Z,0.3,True,44.69766964377375,37.53250307923908,3.1627,4.0198,0.3885142857142857
MMT,107,2025-11-04T21:25:00Z,0.2,False,31.283435118117687,29.466862197833386,4.2285,4.0263,0.6333785714285713
MMT,107,2025-11-04T21:25:00Z,0.3,False,31.283435118117687,29.466862197833386,4.2285,4.0263,0.6333785714285713
MMT,110,2025-11-04T21:40:00Z,0.2,False,36.687225379933075,22.70143899391348,4.2285,4.0263,0.7435999999999999
MMT,110,2025-11-04T21:40:00Z,0.3,False,36.687225379933075,22.70143899391348,4.2285,4.0263,0.7435999999999999
MMT,117,2025-11-04T22:15:00Z,0.2,False,29.311651622683122,20.752965446106252,4.2285,4.0263,0.6388714285714284
MMT,222,2025-11-05T07:00:00Z,0.2,False,20.947937131630635,16.48048121777559,2.0755,2.1835,0.13375
MMT,77448,2026-07-31T10:30:00Z,0.2,True,33.6622497885537,14.289740698985343,0.3597,0.4055,0.016978571428571378
MMT,77448,2026-07-31T10:30:00Z,0.3,True,33.6622497885537,14.289740698985343,0.3597,0.4055,0.016978571428571378
MON,161,2025-10-10T21:25:00Z,0.2,False,24.487577639751557,8.69565217391306,0.10148,0.09988,0.006400714285714286
MON,162,2025-10-10T21:30:00Z,0.2,False,34.471428571428575,29.331241979181534,0.10148,0.09988,0.008042857142857142
MON,162,2025-10-10T21:30:00Z,0.3,False,34.471428571428575,29.331241979181534,0.10148,0.09988,0.008042857142857142
MON,7358,2025-11-04T21:10:00Z,0.2,True,70.17655817911081,26.29448114212658,0.04948,0.05927,0.0034878571428571454
MON,7358,2025-11-04T21:10:00Z,0.3,True,70.17655817911081,26.29448114212658,0.04948,0.05927,0.0034878571428571454
MOODENG,26265,2025-07-03T04:45:00Z,0.2,True,43.87096774193549,24.7505824720712,0.17539,0.20882,0.006671428571428574
MOODENG,26265,2025-07-03T04:45:00Z,0.3,True,43.87096774193549,24.7505824720712,0.17539,0.20882,0.006671428571428574
MOODENG,71388,2025-12-06T21:00:00Z,0.2,True,46.21111406540814,45.45938040154234,0.0763,0.1094,0.0030328571428571457
MOODENG,71388,2025-12-06T21:00:00Z,0.3,True,46.21111406540814,45.45938040154234,0.0763,0.1094,0.0030328571428571457
MOODENG,71389,2025-12-06T21:05:00Z,0.2,True,91.9561243144424,-13.941165722638404,0.10998,0.10946,0.011372142857142858
MOODENG,71389,2025-12-06T21:05:00Z,0.3,True,91.9561243144424,-13.941165722638404,0.10998,0.10946,0.011372142857142858
MORPHO,54977,2025-10-10T21:25:00Z,0.2,False,21.91336249470861,21.60259118434025,1.5992,1.6181,0.10682857142857143
MOVE,54977,2025-10-10T21:25:00Z,0.2,False,30.373360242179604,29.300328365748918,0.10461,0.10523,0.007303571428571429
MOVE,54977,2025-10-10T21:25:00Z,0.3,False,30.373360242179604,29.300328365748918,0.10461,0.10523,0.007303571428571429
MUBARAK,37283,2025-10-10T21:25:00Z,0.2,False,69.00510204081634,36.38676844783715,0.03284,0.03335,0.0027007142857142855
MUBARAK,37283,2025-10-10T21:25:00Z,0.3,False,69.00510204081634,36.38676844783715,0.03284,0.03335,0.0027007142857142855
MUBARAK,37284,2025-10-10T21:30:00Z,0.2,False,37.31343283582089,30.414746543778804,0.03284,0.03313,0.002972857142857143
MUBARAK,37284,2025-10-10T21:30:00Z,0.3,False,37.31343283582089,30.414746543778804,0.03284,0.03313,0.002972857142857143
MUBARAK,37286,2025-10-10T21:40:00Z,0.2,False,24.752475247524753,24.098939929328612,0.03275,0.03313,0.003433571428571428
NEAR,54976,2025-10-10T21:20:00Z,0.2,False,42.87573194534811,42.726679712981095,3.055,3.108,0.18071428571428574
NEAR,54976,2025-10-10T21:20:00Z,0.3,False,42.87573194534811,42.726679712981095,3.055,3.108,0.18071428571428574
NEIRO,6222,2025-04-24T14:30:00Z,0.2,True,20.09389671361501,8.689525598872706,0.000215,0.0002314,4.692857142857145e-06
NEIRO,54977,2025-10-10T21:25:00Z,0.2,False,46.28482972136225,46.73913043478264,0.0002465,0.0002586,1.9771428571428567e-05
NEIRO,54977,2025-10-10T21:25:00Z,0.3,False,46.28482972136225,46.73913043478264,0.0002465,0.0002586,1.9771428571428567e-05
NEIRO,54980,2025-10-10T21:40:00Z,0.2,False,36.66369313113294,36.12845673505798,0.0002434,0.0002521,2.435714285714286e-05
NEIRO,54980,2025-10-10T21:40:00Z,0.3,False,36.66369313113294,36.12845673505798,0.0002434,0.0002521,2.435714285714286e-05
NES,17591,2026-08-24T15:25:00Z,0.2,False,22.240527182866575,16.63920922570017,0.2126,0.2137,0.011392857142857146
NMR,54977,2025-10-10T21:25:00Z,0.2,False,42.003676470588225,41.749356854097755,15.162,15.11,1.1021428571428573
NMR,54977,2025-10-10T21:25:00Z,0.3,False,42.003676470588225,41.749356854097755,15.162,15.11,1.1021428571428573
NMR,54978,2025-10-10T21:30:00Z,0.2,False,39.66813585688358,30.005193456245127,15.162,15.096,1.3157857142857143
NMR,54978,2025-10-10T21:30:00Z,0.3,False,39.66813585688358,30.005193456245127,15.162,15.096,1.3157857142857143
NMR,66720,2025-11-20T16:00:00Z,0.2,True,22.899458843634292,12.129840546697036,10.77,11.814,0.23707142857142863
NOT,54977,2025-10-10T21:25:00Z,0.2,False,59.78835978835979,59.25925925925925,0.001496,0.00152,0.00012607142857142857
NOT,54977,2025-10-10T21:25:00Z,0.3,False,59.78835978835979,59.25925925925925,0.001496,0.00152,0.00012607142857142857
NOT,54978,2025-10-10T21:30:00Z,0.2,False,33.88704318936877,33.94342762063229,0.001496,0.001513,0.00014021428571428567
NOT,54978,2025-10-10T21:30:00Z,0.3,False,33.88704318936877,33.94342762063229,0.001496,0.001513,0.00014021428571428567
NOT,112103,2026-04-27T05:55:00Z,0.2,True,45.34243558687514,37.36795774647887,0.0004574,0.0006242,2.388571428571434e-05
NOT,112103,2026-04-27T05:55:00Z,0.3,True,45.34243558687514,37.36795774647887,0.0004574,0.0006242,2.388571428571434e-05
O,507,2026-06-19T10:45:00Z,0.2,True,25.527750594156284,18.062351460925473,0.7537,0.8445,0.031057142857142887
O,894,2026-06-20T19:00:00Z,0.2,True,24.45829623033542,10.67082220243396,0.8128,0.8804,0.036821428571428574
O,3367,2026-06-29T09:05:00Z,0.2,True,22.126829268292703,12.992586812329332,0.5142,0.5792,0.016507142857142876
O,10197,2026-07-23T02:15:00Z,0.2,True,36.252545824847246,24.08350305498983,0.6047,0.7311,0.01645714285714286
O,10197,2026-07-23T02:15:00Z,0.3,True,36.252545824847246,24.08350305498983,0.6047,0.7311,0.01645714285714286
OKB,52542,2026-03-05T12:30:00Z,0.2,True,55.69587957647659,47.742346938775505,78.87,115.83,3.3492857142857155
OKB,52542,2026-03-05T12:30:00Z,0.3,True,55.69587957647659,47.742346938775505,78.87,115.83,3.3492857142857155
OL,54977,2025-10-10T21:25:00Z,0.2,False,123.4086242299795,118.06981519507183,0.03219,0.03295,0.0027514285714285713
OL,54977,2025-10-10T21:25:00Z,0.3,False,123.4086242299795,118.06981519507183,0.03219,0.03295,0.0027514285714285713
OL,54978,2025-10-10T21:30:00Z,0.2,False,37.28813559322035,25.094696969696972,0.03219,0.03245,0.003027142857142857
OL,54978,2025-10-10T21:30:00Z,0.3,False,37.28813559322035,25.094696969696972,0.03219,0.03245,0.003027142857142857
OL,54983,2025-10-10T21:55:00Z,0.2,False,33.448753462603875,28.947368421052634,0.0317,0.03245,0.004426428571428571
OL,54983,2025-10-10T21:55:00Z,0.3,False,33.448753462603875,28.947368421052634,0.0317,0.03245,0.004426428571428571
OL,70757,2025-12-09T18:20:00Z,0.2,True,22.196531791907525,10.331534309946022,0.02644,0.02862,0.0009821428571428574
OL,110269,2026-04-25T23:00:00Z,0.2,True,27.8363694471077,26.996805111821075,0.010061,0.011925,0.0002892142857142856
ONDO,54976,2025-10-10T21:20:00Z,0.2,False,29.58348166607334,27.417078334509526,0.8499,0.8617,0.05765714285714285
ONDO,54977,2025-10-10T21:25:00Z,0.2,False,24.674605372473014,25.390625,0.8499,0.8576,0.06461428571428571
ONDO,54980,2025-10-10T21:40:00Z,0.2,False,34.048257372654156,27.454620462046208,0.8415,0.8551,0.08320714285714285
ONDO,54980,2025-10-10T21:40:00Z,0.3,False,34.048257372654156,27.454620462046208,0.8415,0.8551,0.08320714285714285
ONE,54977,2025-10-10T21:25:00Z,0.2,False,48.571428571428555,43.211100099108045,0.00896,0.009061,0.0007025000000000001
ONE,54977,2025-10-10T21:25:00Z,0.3,False,48.571428571428555,43.211100099108045,0.00896,0.009061,0.0007025000000000001
ONE,54978,2025-10-10T21:30:00Z,0.2,False,61.90311418685119,55.64013840830451,0.00896,0.009061,0.0008272142857142859
ONE,54978,2025-10-10T21:30:00Z,0.3,False,61.90311418685119,55.64013840830451,0.00896,0.009061,0.0008272142857142859
ONE,142865,2026-08-12T01:25:00Z,0.2,False,20.092735703245744,15.765069551777433,0.001184,0.001183,7.714285714285723e-05
ONE,142889,2026-08-12T03:25:00Z,0.2,False,25.429184549356208,23.712446351931327,0.001177,0.001183,4.4857142857142966e-05
ONT,104917,2026-04-02T07:05:00Z,0.2,True,20.981387478849413,11.288074855663943,0.11755,0.11937,0.002793571428571428
OPG,8267,2026-05-22T01:55:00Z,0.2,True,22.15088282504012,21.500200561572402,0.2517,0.3029,0.004942857142857136
OPG,21547,2026-07-07T04:35:00Z,0.2,True,40.34090909090908,32.14285714285714,0.1254,0.1628,0.004050000000000004
OPG,21547,2026-07-07T04:35:00Z,0.3,True,40.34090909090908,32.14285714285714,0.1254,0.1628,0.004050000000000004
ORDER,6804,2025-10-24T06:15:00Z,0.2,True,66.80779000846742,25.952582557154958,0.2362,0.2975,0.012635714285714294
ORDER,6804,2025-10-24T06:15:00Z,0.3,True,66.80779000846742,25.952582557154958,0.2362,0.2975,0.012635714285714294
ORDI,54976,2025-10-10T21:20:00Z,0.2,False,45.757795503988376,43.45625451916124,7.507,7.7,0.595642857142857
ORDI,54976,2025-10-10T21:20:00Z,0.3,False,45.757795503988376,43.45625451916124,7.507,7.7,0.595642857142857
ORDI,54977,2025-10-10T21:25:00Z,0.2,False,47.98387096774193,47.83484390735146,7.507,7.677,0.6618571428571427
ORDI,54977,2025-10-10T21:25:00Z,0.3,False,47.98387096774193,47.83484390735146,7.507,7.677,0.6618571428571427
ORDI,54980,2025-10-10T21:40:00Z,0.2,False,25.244734500148347,21.744289528329872,7.417,7.584,0.7782857142857141
PARTI,54977,2025-10-10T21:25:00Z,0.2,False,21.29380053908354,19.034852546916902,0.1262,0.1279,0.010021428571428572
PARTI,54978,2025-10-10T21:30:00Z,0.2,False,22.522522522522515,21.040723981900445,0.1262,0.1279,0.010485714285714284
PARTI,54979,2025-10-10T21:35:00Z,0.2,False,22.429906542056077,20.708955223880587,0.1262,0.1279,0.011185714285714285
PARTI,67036,2025-11-21T18:20:00Z,0.2,True,24.491665140135567,13.592233009708753,0.05696,0.06201,0.0013299999999999968
PARTI,67037,2025-11-21T18:25:00Z,0.2,True,22.399612965650697,22.374576544603954,0.06796,0.07586,0.0023307142857142828
PARTI,67514,2025-11-23T10:10:00Z,0.2,True,22.52362084730266,19.442328203565463,0.06603,0.07839,0.0015014285714285713
PENDLE,6784,2025-10-10T21:20:00Z,0.2,False,33.86126248864667,32.92159890204152,4.2588,4.3329,0.26141428571428565
PENDLE,6784,2025-10-10T21:20:00Z,0.3,False,33.86126248864667,32.92159890204152,4.2588,4.3329,0.26141428571428565
PENDLE,6788,2025-10-10T21:40:00Z,0.2,False,21.622839969947407,20.603506659643323,4.2517,4.3302,0.3487142857142857
PENGU,10440,2025-05-09T06:00:00Z,0.2,True,21.22808283425932,9.338914549653587,0.014333,0.01515,0.00030864285714285716
PENGU,54976,2025-10-10T21:20:00Z,0.2,False,50.878712871287135,50.56930693069306,0.028767,0.02977,0.002379714285714286
PENGU,54976,2025-10-10T21:20:00Z,0.3,False,50.878712871287135,50.56930693069306,0.028767,0.02977,0.002379714285714286
PENGU,54977,2025-10-10T21:25:00Z,0.2,False,28.30840046029921,24.868464320947048,0.028753,0.02958,0.0026155714285714285
PEPE,54976,2025-10-10T21:20:00Z,0.2,False,48.955319832851174,48.955319832851174,8.82e-06,8.954e-06,6.224285714285715e-07
PEPE,54976,2025-10-10T21:20:00Z,0.3,False,48.955319832851174,48.955319832851174,8.82e-06,8.954e-06,6.224285714285715e-07
PI,634,2025-04-05T04:50:00Z,0.2,False,21.38785625774473,9.51672862453532,0.5122,0.5227,0.014878571428571427
PI,663,2025-04-05T07:15:00Z,0.2,True,32.93700458906967,20.83854818523154,0.4898,0.5793,0.020435714285714283
PI,663,2025-04-05T07:15:00Z,0.3,True,32.93700458906967,20.83854818523154,0.4898,0.5793,0.020435714285714283
PIEVERSE,915,2025-11-19T07:45:00Z,0.2,True,26.84738210174529,21.083890126206395,0.2719,0.3262,0.010685714285714286
PIEVERSE,1335,2025-11-20T18:45:00Z,0.2,True,47.583354872059935,38.70801033591733,0.3997,0.5368,0.02694285714285714
PIEVERSE,1335,2025-11-20T18:45:00Z,0.3,True,47.583354872059935,38.70801033591733,0.3997,0.5368,0.02694285714285714
PIEVERSE,44658,2026-04-20T05:00:00Z,0.2,True,22.11432506887052,10.449817455397126,1.4878,1.6034,0.08602142857142851
PIPPIN,5313,2025-04-21T10:45:00Z,0.2,True,20.613690007867813,18.8976377952756,0.01272,0.0151,0.0002528571428571427
PIPPIN,31700,2025-12-06T08:35:00Z,0.2,True,26.011769377955886,16.70036101083032,0.28271,0.32326,0.013038571428571432
PIPPIN,32849,2025-12-10T08:20:00Z,0.2,True,20.0274977085243,14.011064584161126,0.3449,0.37301,0.010924285714285723
PIPPIN,36910,2025-12-24T10:45:00Z,0.2,True,37.49556315268359,8.660695922068706,0.53648,0.58115,0.023757857142857133
PIPPIN,36910,2025-12-24T10:45:00Z,0.3,True,37.49556315268359,8.660695922068706,0.53648,0.58115,0.023757857142857133
PLUME,29401,2025-08-18T09:35:00Z,0.2,True,29.01855577911916,17.413658209455708,0.09256,0.10505,0.0021964285714285705
PLUME,43578,2025-10-06T15:00:00Z,0.2,True,29.908095424325374,22.800156433320296,0.10347,0.1256,0.0028999999999999976
PLUME,44806,2025-10-10T21:20:00Z,0.2,False,41.878172588832484,35.41495480690222,0.09689,0.09754,0.00762785714285714
PLUME,44806,2025-10-10T21:20:00Z,0.3,False,41.878172588832484,35.41495480690222,0.09689,0.09754,0.00762785714285714
PLUME,44807,2025-10-10T21:25:00Z,0.2,False,43.294902912621346,44.434250764526006,0.09689,0.09754,0.008645714285714284
PLUME,44807,2025-10-10T21:25:00Z,0.3,False,43.294902912621346,44.434250764526006,0.09689,0.09754,0.008645714285714284
PLUME,44809,2025-10-10T21:35:00Z,0.2,False,21.09241648378446,18.23945379175811,0.0968,0.09754,0.010132857142857141
PLUME,44812,2025-10-10T21:50:00Z,0.2,False,22.891340938844216,11.688797456517674,0.0968,0.09754,0.011557857142857139
PLUME,58152,2025-11-26T05:30:00Z,0.2,True,45.227722772277225,23.555027711797315,0.02569,0.03121,0.0008950000000000005
PLUME,58152,2025-11-26T05:30:00Z,0.3,True,45.227722772277225,23.555027711797315,0.02569,0.03121,0.0008950000000000005
PNUT,54977,2025-10-10T21:25:00Z,0.2,False,26.85459940652819,25.816023738872396,0.1891,0.1954,0.012735714285714283
PNUT,54978,2025-10-10T21:30:00Z,0.2,False,28.419811320754707,25.17647058823529,0.1891,0.1923,0.014378571428571426
PNUT,110121,2026-04-20T08:45:00Z,0.2,True,27.395340690138383,16.19964973730299,0.05746,0.06635,0.0015978571428571424
POPCAT,54977,2025-10-10T21:25:00Z,0.2,False,48.969072164948436,43.1145431145431,0.2156,0.2187,0.015464285714285713
POPCAT,54977,2025-10-10T21:25:00Z,0.3,False,48.969072164948436,43.1145431145431,0.2156,0.2187,0.015464285714285713
PROS,2826,2026-05-08T09:30:00Z,0.2,True,68.11359623307828,56.45137560688538,0.6895,1.0634,0.04007857142857142
PROS,2826,2026-05-08T09:30:00Z,0.3,True,68.11359623307828,56.45137560688538,0.6895,1.0634,0.04007857142857142
PROVE,45920,2026-03-25T22:10:00Z,0.2,True,31.312725812926544,28.82376555600161,0.2629,0.3209,0.014721428571428571
PROVE,45920,2026-03-25T22:10:00Z,0.3,True,31.312725812926544,28.82376555600161,0.2629,0.3209,0.014721428571428571
PROVE,45921,2026-03-25T22:15:00Z,0.2,True,20.16204425054533,-2.742287316921166,0.3271,0.3209,0.020499999999999997
PUMP,25390,2025-10-10T21:20:00Z,0.2,False,36.22881355932201,35.550847457627114,0.005316,0.005281,0.00042649999999999996
PUMP,25390,2025-10-10T21:20:00Z,0.3,False,36.22881355932201,35.550847457627114,0.005316,0.005281,0.00042649999999999996
PYTH,54977,2025-10-10T21:25:00Z,0.2,False,23.938356164383556,24.002055850608194,0.14759,0.14927,0.009698571428571431
RAVE,33295,2026-04-09T22:35:00Z,0.2,True,30.38229842446709,10.352177942539399,0.8632,0.95256,0.05322571428571431
RAVE,33295,2026-04-09T22:35:00Z,0.3,True,30.38229842446709,10.352177942539399,0.8632,0.95256,0.05322571428571431
RAVE,33312,2026-04-10T00:00:00Z,0.2,True,25.23266164926763,16.889923108053438,1.12546,1.15534,0.08743357142857144
RAVE,33964,2026-04-12T06:20:00Z,0.2,True,25.09918512612068,18.0743161109004,2.12188,2.42834,0.07713714285714293
RAVE,33965,2026-04-12T06:25:00Z,0.2,True,23.032606636632423,2.395933575147424,2.57299,2.48988,0.11692642857142864
RAVE,33970,2026-04-12T06:50:00Z,0.2,True,20.064836605146553,-3.4184237288757746,2.98765,2.72377,0.19765928571428576
RAVE,34105,2026-04-12T18:05:00Z,0.2,True,22.103600599910344,8.699382565731838,4.43325,4.77624,0.27962642857142855
RAVE,35849,2026-04-18T19:25:00Z,0.2,False,38.7016229712859,17.742607246980423,12.2,13.454,0.7207142857142852
RAVE,35849,2026-04-18T19:25:00Z,0.3,False,38.7016229712859,17.742607246980423,12.2,13.454,0.7207142857142852
RAVE,35851,2026-04-18T19:35:00Z,0.2,False,22.789783889980363,14.066797642436146,12.2,13.112,0.6699999999999994
RAVE,35853,2026-04-18T19:45:00Z,0.2,False,34.43396226415094,16.885743174924173,12.2,12.731,0.6833571428571421
RAVE,35853,2026-04-18T19:45:00Z,0.3,False,34.43396226415094,16.885743174924173,12.2,12.731,0.6833571428571421
RAVE,35856,2026-04-18T20:00:00Z,0.2,False,20.311418685121097,15.259515570934257,12.2,12.731,0.581714285714285
RAVE,35945,2026-04-19T03:25:00Z,0.2,False,38.64574731626755,26.75474814203136,3.164,3.305,0.24307142857142774
RAVE,35945,2026-04-19T03:25:00Z,0.3,False,38.64574731626755,26.75474814203136,3.164,3.305,0.24307142857142774
RAVE,35969,2026-04-19T05:25:00Z,0.2,False,21.198957428323205,10.347826086956523,2.727,3.149,0.10799999999999914
RAVE,35976,2026-04-19T06:00:00Z,0.2,False,27.469358327325153,12.977649603460705,2.455,3.064,0.14585714285714196
RAVE,36117,2026-04-19T17:45:00Z,0.2,True,21.42214221422143,9.180918091809186,1.18,1.216,0.04692857142857056
RAVE,36301,2026-04-20T09:05:00Z,0.2,True,26.109294722092493,13.078000934142908,0.6636,0.7263,0.03817142857142773
RAVE,36526,2026-04-21T03:50:00Z,0.2,True,21.871242758771437,15.806151996940399,1.8646,2.1196,0.128264285714285
RAVE,36527,2026-04-21T03:55:00Z,0.2,True,27.585393470466112,4.515855039637584,2.23,2.2149,0.1649571428571421
RAVE,36741,2026-04-21T21:45:00Z,0.2,True,34.604966139954854,19.464299149800635,1.4386,1.5878,0.07348571428571357
RAVE,36741,2026-04-21T21:45:00Z,0.3,True,34.604966139954854,19.464299149800635,1.4386,1.5878,0.07348571428571357
RAVE,37132,2026-04-23T06:20:00Z,0.2,True,21.842078860238768,19.538615847542616,1.0348,1.1918,0.039014285714285
RAY,22183,2025-06-19T00:35:00Z,0.2,True,24.79048261246508,18.430692114902627,2.0808,2.4572,0.044807142857142886
RAY,54977,2025-10-10T21:25:00Z,0.2,False,25.03126675004468,24.392205934930278,2.515,2.5568,0.1669357142857142
RE,280,2026-06-18T09:50:00Z,0.2,True,34.30127041742288,21.76032225579052,0.511,0.60454,0.025121428571428565
RE,280,2026-06-18T09:50:00Z,0.3,True,34.30127041742288,21.76032225579052,0.511,0.60454,0.025121428571428565
RE,558,2026-06-19T09:00:00Z,0.2,True,20.385694087105666,16.65816917728855,0.48469,0.50338,0.013592142857142882
RENDER,54976,2025-10-10T21:20:00Z,0.2,False,23.825503355704704,20.81967213114755,3.11,3.159,0.22571428571428576
RENDER,54977,2025-10-10T21:25:00Z,0.2,False,90.36635006784262,86.83853459972863,3.11,3.15,0.2726428571428572
RENDER,54977,2025-10-10T21:25:00Z,0.3,False,90.36635006784262,86.83853459972863,3.11,3.15,0.2726428571428572
RENDER,54980,2025-10-10T21:40:00Z,0.2,False,35.069444444444464,31.85901865929508,3.079,3.15,0.3271428571428571
RENDER,54980,2025-10-10T21:40:00Z,0.3,False,35.069444444444464,31.85901865929508,3.079,3.15,0.3271428571428571
RESOLV,238,2025-06-11T10:20:00Z,0.2,True,20.961775585696675,14.241676942046833,0.3339,0.3706,0.00979285714285714
RESOLV,8829,2025-07-11T06:15:00Z,0.2,True,26.570048309178752,21.92028985507246,0.1669,0.2019,0.004714285714285717
RESOLV,35219,2025-10-10T21:25:00Z,0.2,False,23.50597609561753,22.529644268774707,0.0926,0.0956,0.006907142857142853
RESOLV,35220,2025-10-10T21:30:00Z,0.2,False,40.645161290322584,40.000000000000014,0.0926,0.0948,0.00776428571428571
RESOLV,35220,2025-10-10T21:30:00Z,0.3,False,40.645161290322584,40.000000000000014,0.0926,0.0948,0.00776428571428571
RESOLV,35222,2025-10-10T21:40:00Z,0.2,False,30.000000000000004,29.268292682926813,0.0922,0.0948,0.00933571428571428
RESOLV,35222,2025-10-10T21:40:00Z,0.3,False,30.000000000000004,29.268292682926813,0.0922,0.0948,0.00933571428571428
RESOLV,40623,2025-10-29T15:45:00Z,0.2,True,24.945073516984962,-3.0574324324324387,0.05948,0.0592,0.0016007142857142748
RLS,40399,2026-04-21T21:50:00Z,0.2,True,23.01324503311257,13.564929693961968,0.002833,0.003018,0.00010842857142857141
RLS,52478,2026-06-02T20:25:00Z,0.2,True,25.18159806295399,8.333333333333325,0.003315,0.003575,8.835714285714253e-05
RLS,52481,2026-06-02T20:40:00Z,0.2,False,35.978835978835974,21.617535903250197,0.004136,0.003579,0.0002616428571428568
RLS,52481,2026-06-02T20:40:00Z,0.3,False,35.978835978835974,21.617535903250197,0.004136,0.003579,0.0002616428571428568
ROBO,5323,2026-03-18T03:05:00Z,0.2,True,20.266666666666676,19.000000000000018,0.03062,0.0357,0.0006128571428571432
RVN,18228,2025-06-05T07:00:00Z,0.2,True,56.441149212233555,54.03899721448469,0.01094,0.01659,0.0004585714285714286
RVN,18228,2025-06-05T07:00:00Z,0.3,True,56.441149212233555,54.03899721448469,0.01094,0.01659,0.0004585714285714286
RVN,100224,2026-03-17T00:00:00Z,0.2,True,20.218484480665854,19.050095337146832,0.005794,0.006868,9.564285714285676e-05
S,54976,2025-10-10T21:20:00Z,0.2,False,22.456140350877195,21.867612293144223,0.2522,0.2577,0.017278571428571428
S,54977,2025-10-10T21:25:00Z,0.2,False,29.485935984481102,29.698149951314523,0.2522,0.2573,0.019421428571428572
SAND,54977,2025-10-10T21:25:00Z,0.2,False,35.56485355648533,35.423197492163006,0.2567,0.2587,0.01755714285714286
SAND,54977,2025-10-10T21:25:00Z,0.3,False,35.56485355648533,35.423197492163006,0.2567,0.2587,0.01755714285714286
SAPIEN,201,2025-11-07T04:30:00Z,0.2,True,23.545051698670605,22.908660951817915,0.3624,0.4158,0.013307142857142847
SAPIEN,8237,2025-12-05T02:10:00Z,0.2,True,30.684931506849324,26.351813826146465,0.1507,0.1846,0.004435714285714277
SAPIEN,8237,2025-12-05T02:10:00Z,0.3,True,30.684931506849324,26.351813826146465,0.1507,0.1846,0.004435714285714277
SATS,54978,2025-10-10T21:30:00Z,0.2,False,28.20746132848044,27.661510464058246,3.506e-08,3.527e-08,2.99e-09
SATS,54982,2025-10-10T21:50:00Z,0.2,False,21.76220806794056,-1.7506631299734732,3.49e-08,3.527e-08,3.814285714285715e-09
SHELL,3815,2025-04-16T05:55:00Z,0.2,True,28.608027327070886,14.273504273504267,0.1205,0.1337,0.003064285714285714
SHELL,54978,2025-10-10T21:30:00Z,0.2,False,36.34204275534443,35.23809523809525,0.118,0.1199,0.009007142857142861
SHELL,54978,2025-10-10T21:30:00Z,0.3,False,36.34204275534443,35.23809523809525,0.118,0.1199,0.009007142857142861
SIGN,227,2025-04-29T06:25:00Z,0.2,True,83.89905548996457,62.879905576866314,0.07631,0.1104,0.00520571428571429
SIGN,227,2025-04-29T06:25:00Z,0.3,True,83.89905548996457,62.879905576866314,0.07631,0.1104,0.00520571428571429
SIGN,42671,2025-09-23T15:25:00Z,0.2,True,42.929358392741435,35.320031096138905,0.07788,0.10444,0.0027207142857142885
SIGN,42671,2025-09-23T15:25:00Z,0.3,True,42.929358392741435,35.320031096138905,0.07788,0.10444,0.0027207142857142885
SIGN,42672,2025-09-23T15:30:00Z,0.2,True,21.60091918805056,17.27969348659002,0.11027,0.12244,0.004348571428571431
SIGN,47639,2025-10-10T21:25:00Z,0.2,False,128.57142857142856,127.50233863423763,0.05731,0.0592,0.00523214285714286
SIGN,47639,2025-10-10T21:25:00Z,0.3,False,128.57142857142856,127.50233863423763,0.05731,0.0592,0.00523214285714286
SIGN,47640,2025-10-10T21:30:00Z,0.2,False,31.291118421052634,18.81676253081348,0.05731,0.05795,0.0057585714285714315
SIGN,47640,2025-10-10T21:30:00Z,0.3,False,31.291118421052634,18.81676253081348,0.05731,0.05795,0.0057585714285714315
SIGN,47642,2025-10-10T21:40:00Z,0.2,False,28.902316213494437,28.26451829472978,0.05682,0.05794,0.0065457142857142875
SIGN,50712,2025-10-21T13:30:00Z,0.2,True,30.023640661938543,28.35185623078742,0.04253,0.05428,0.001255714285714291
SIGN,50712,2025-10-21T13:30:00Z,0.3,True,30.023640661938543,28.35185623078742,0.04253,0.05428,0.001255714285714291
SKY,8472,2025-10-10T21:30:00Z,0.2,False,35.32580810672139,34.27326326582927,0.06558,0.0658,0.0038399999999999984
SKY,8472,2025-10-10T21:30:00Z,0.3,False,35.32580810672139,34.27326326582927,0.06558,0.0658,0.0038399999999999984
SNX,54977,2025-10-10T21:25:00Z,0.2,False,24.263157894736853,23.771929824561422,1.2936,1.3177,0.08450000000000003
SOON,47927,2025-11-05T21:25:00Z,0.2,True,40.42230137219567,38.686126207943694,1.45,1.95467,0.11439214285714283
SOON,47927,2025-11-05T21:25:00Z,0.3,True,40.42230137219567,38.686126207943694,1.45,1.95467,0.11439214285714283
SOON,47929,2025-11-05T21:35:00Z,0.2,True,31.243482794577695,30.152450640125682,2.24166,2.49376,0.198425
SOON,47929,2025-11-05T21:35:00Z,0.3,True,31.243482794577695,30.152450640125682,2.24166,2.49376,0.198425
SOON,47934,2025-11-05T22:00:00Z,0.2,False,27.348648229413186,22.63397120812851,3.03484,2.71764,0.39045499999999983
SOON,47937,2025-11-05T22:15:00Z,0.2,False,20.622715658435542,18.847760429754736,3.03484,2.73178,0.491882857142857
SOON,47945,2025-11-05T22:55:00Z,0.2,False,25.875754585558397,21.18313003268757,3.03484,2.73178,0.4832957142857139
SOON,50503,2025-11-14T20:05:00Z,0.2,True,20.960167070436487,20.047365969185282,4.27772,4.92193,0.32839285714285704
SOON,51599,2025-11-18T15:25:00Z,0.2,True,36.327535645006456,24.62473055065648,1.55445,1.90788,0.07579642857142868
SOON,51599,2025-11-18T15:25:00Z,0.3,True,36.327535645006456,24.62473055065648,1.55445,1.90788,0.07579642857142868
SOON,94674,2026-04-17T05:00:00Z,0.2,True,46.22057001239157,36.82579045257286,0.1665,0.2207,0.006971428571428616
SOON,94674,2026-04-17T05:00:00Z,0.3,True,46.22057001239157,36.82579045257286,0.1665,0.2207,0.006971428571428616
SPK,9944,2025-07-21T23:10:00Z,0.2,True,23.539518900343648,14.447494852436504,0.05837,0.0667,0.002307857142857144
SPK,10375,2025-07-23T11:05:00Z,0.2,True,36.32126210111151,22.31950624372041,0.14,0.17044,0.00803857142857143
SPK,10375,2025-07-23T11:05:00Z,0.3,True,36.32126210111151,22.31950624372041,0.14,0.17044,0.00803857142857143
SPK,37262,2025-10-24T19:40:00Z,0.2,True,27.613104524180955,23.972958918356735,0.03861,0.04768,0.0008464285714285686
SPK,89182,2026-04-23T02:20:00Z,0.2,True,27.55426151402858,16.759332803812566,0.04159,0.0441,0.0015099999999999985
SPX,24676,2025-10-10T21:20:00Z,0.2,False,26.238842720837184,23.693164243736465,1.4345,1.4315,0.1015071428571429
SSV,54977,2025-10-10T21:25:00Z,0.2,False,38.51174934725847,35.05199306759099,7.674,7.816,0.5773571428571429
SSV,54977,2025-10-10T21:25:00Z,0.3,False,38.51174934725847,35.05199306759099,7.674,7.816,0.5773571428571429
STRK,54977,2025-10-10T21:25:00Z,0.2,False,57.58064516129031,32.41935483870968,0.1626,0.1656,0.014078571428571426
STRK,54977,2025-10-10T21:25:00Z,0.3,False,57.58064516129031,32.41935483870968,0.1626,0.1656,0.014078571428571426
STRK,54978,2025-10-10T21:30:00Z,0.2,False,21.071863580998773,15.936739659367394,0.1626,0.1656,0.015392857142857142
SUI,54976,2025-10-10T21:20:00Z,0.2,False,55.32361271373123,54.134002299571435,3.3154,3.3647,0.25310714285714286
SUI,54976,2025-10-10T21:20:00Z,0.3,False,55.32361271373123,54.134002299571435,3.3154,3.3647,0.25310714285714286
SUI,54977,2025-10-10T21:25:00Z,0.2,False,32.77498982774991,30.202753102325897,3.3154,3.3464,0.2869
SUI,54977,2025-10-10T21:25:00Z,0.3,False,32.77498982774991,30.202753102325897,3.3154,3.3464,0.2869
SUI,54978,2025-10-10T21:30:00Z,0.2,False,23.389406801729095,11.57752200406228,3.3154,3.3369,0.3205357142857142
SUSHI,54977,2025-10-10T21:25:00Z,0.2,False,83.31226295828064,79.125,0.6671,0.6795,0.05418571428571428
SUSHI,54977,2025-10-10T21:25:00Z,0.3,False,83.31226295828064,79.125,0.6671,0.6795,0.05418571428571428
SUSHI,54978,2025-10-10T21:30:00Z,0.2,False,20.935101186322402,14.680181754631239,0.6671,0.6761,0.058271428571428564
SYRUP,6285,2025-07-25T02:15:00Z,0.2,True,22.92051756007394,15.770020533880903,0.5014,0.5638,0.011807142857142853
TAO,54976,2025-10-10T21:20:00Z,0.2,False,77.13450292397658,35.78947368421053,378.6,378.7,29.671428571428574
TAO,54976,2025-10-10T21:20:00Z,0.3,False,77.13450292397658,35.78947368421053,378.6,378.7,29.671428571428574
THETA,54977,2025-10-10T21:25:00Z,0.2,False,29.818325434439185,28.486529318541987,0.6852,0.6919,0.04716428571428572
TIA,54977,2025-10-10T21:25:00Z,0.2,False,63.556851311953366,62.390670553935855,1.379,1.406,0.11107142857142857
TIA,54977,2025-10-10T21:25:00Z,0.3,False,63.556851311953366,62.390670553935855,1.379,1.406,0.11107142857142857
TIA,54980,2025-10-10T21:40:00Z,0.2,False,20.69536423841061,20.69536423841061,1.367,1.399,0.12621428571428572
TRB,54977,2025-10-10T21:25:00Z,0.2,False,25.905068382944485,25.663716814159287,32.32,32.75,2.3014285714285725
TRIA,321,2026-02-06T10:15:00Z,0.2,True,43.60097323600976,14.50827653359299,0.02247,0.02352,0.0009485714285714288
TRIA,321,2026-02-06T10:15:00Z,0.3,True,43.60097323600976,14.50827653359299,0.02247,0.02352,0.0009485714285714288
TRIA,67266,2026-09-26T21:00:00Z,0.2,True,30.969976905311782,5.404157043879931,0.004451,0.004564,0.00012078571428571427
TRIA,67266,2026-09-26T21:00:00Z,0.3,True,30.969976905311782,5.404157043879931,0.004451,0.004564,0.00012078571428571427
TRUMP,54976,2025-10-10T21:20:00Z,0.2,False,224.43306510607167,184.2721287490856,7.245,7.309,0.7299285714285714
TRUMP,54976,2025-10-10T21:20:00Z,0.3,False,224.43306510607167,184.2721287490856,7.245,7.309,0.7299285714285714
TRUST,4660,2025-11-21T15:50:00Z,0.2,True,41.194805194805184,18.33766233766234,0.2066,0.2278,0.017349999999999997
TRUST,4660,2025-11-21T15:50:00Z,0.3,True,41.194805194805184,18.33766233766234,0.2066,0.2278,0.017349999999999997
TRUST,4761,2025-11-22T00:15:00Z,0.2,True,20.65428333795396,15.62759767248545,0.388,0.4173,0.03153571428571426
TURBO,54977,2025-10-10T21:25:00Z,0.2,False,22.09897610921501,21.501706484641623,0.003261,0.003325,0.0002233571428571429
UB,831,2026-05-01T10:45:00Z,0.2,True,26.982358402971208,11.624883936861652,0.1092,0.12022,0.005975000000000001
UMA,18610,2025-06-06T14:50:00Z,0.2,True,24.59605026929981,14.618834080717491,1.117,1.278,0.02278571428571428
UMA,54980,2025-10-10T21:40:00Z,0.2,False,23.33333333333334,21.666666666666657,1.183,1.197,0.08857142857142859
UNI,54977,2025-10-10T21:25:00Z,0.2,False,21.511291256514188,17.86334684423856,7.743,7.845,0.5150714285714285
UNI,90600,2026-02-11T14:00:00Z,0.2,True,22.95903330386089,19.92337164750959,3.399,4.069,0.07585714285714237
UP,10061,2026-05-13T09:25:00Z,0.2,True,32.82442748091603,24.441833137485315,0.1732,0.2118,0.005285714285714281
UP,10061,2026-05-13T09:25:00Z,0.3,True,32.82442748091603,24.441833137485315,0.1732,0.2118,0.005285714285714281
UP,10065,2026-05-13T09:45:00Z,0.2,False,21.14001106806862,0.5534034311012626,0.2262,0.2118,0.01174285714285714
USELESS,5585,2025-08-13T19:25:00Z,0.2,True,33.905967450271255,30.031659882406146,0.2313,0.2875,0.007721428571428572
USELESS,5585,2025-08-13T19:25:00Z,0.3,True,33.905967450271255,30.031659882406146,0.2313,0.2875,0.007721428571428572
USELESS,22312,2025-10-10T21:20:00Z,0.2,False,58.5503166783955,57.0924488355681,0.3571,0.354,0.030235714285714282
USELESS,22312,2025-10-10T21:20:00Z,0.3,False,58.5503166783955,57.0924488355681,0.3571,0.354,0.030235714285714282
USELESS,22314,2025-10-10T21:30:00Z,0.2,False,25.181598062954013,21.791767554479424,0.3571,0.354,0.039407142857142856
VANA,54977,2025-10-10T21:25:00Z,0.2,False,33.104500381388256,32.46951219512195,3.636,3.695,0.24692857142857141
VANA,54977,2025-10-10T21:25:00Z,0.3,False,33.104500381388256,32.46951219512195,3.636,3.695,0.24692857142857141
VANA,90019,2026-02-09T13:35:00Z,0.2,True,20.342465753424644,20.273972602739732,1.467,1.756,0.02414285714285707
VIRTUAL,2425,2025-04-11T10:05:00Z,0.2,True,22.354166666666675,11.89583333333335,0.4839,0.5371,0.00965714285714286
VIRTUAL,54976,2025-10-10T21:20:00Z,0.2,False,36.61485319516409,33.126079447323,0.9981,1.0201,0.07139285714285716
VIRTUAL,54976,2025-10-10T21:20:00Z,0.3,False,36.61485319516409,33.126079447323,0.9981,1.0201,0.07139285714285716
VIRTUAL,54977,2025-10-10T21:25:00Z,0.2,False,28.04878048780488,22.52718798549975,0.9981,1.0168,0.07879285714285714
W,54977,2025-10-10T21:25:00Z,0.2,False,41.49196841818679,40.87828679859042,0.10106,0.10257,0.007789999999999999
W,54977,2025-10-10T21:25:00Z,0.3,False,41.49196841818679,40.87828679859042,0.10106,0.10257,0.007789999999999999
WAL,44812,2025-10-10T21:20:00Z,0.2,False,23.024054982817855,23.362068965517246,0.3175,0.3169,0.02349285714285714
WAL,44813,2025-10-10T21:25:00Z,0.2,False,23.75960866526905,23.932820153953816,0.3175,0.3169,0.025771428571428567
WAL,70764,2026-01-09T00:00:00Z,0.2,True,23.931623931623935,15.800711743772244,0.1407,0.1627,0.0026714285714285646
WAL,90348,2026-03-18T00:00:00Z,0.2,True,23.1021498846107,12.08444552293133,0.08386,0.09238,0.0014278571428571385
WAL,98800,2026-04-16T08:20:00Z,0.2,True,47.798323799388065,47.8179882916445,0.07531,0.1111,0.003119999999999997
WAL,98800,2026-04-16T08:20:00Z,0.3,True,47.798323799388065,47.8179882916445,0.07531,0.1111,0.003119999999999997
WCT,217,2025-04-16T05:35:00Z,0.2,True,48.55275443510738,39.11014312383323,0.3411,0.4471,0.01807142857142857
WCT,217,2025-04-16T05:35:00Z,0.3,True,48.55275443510738,39.11014312383323,0.3411,0.4471,0.01807142857142857
WCT,51383,2025-10-10T21:25:00Z,0.2,False,78.42696629213484,76.62921348314609,0.2331,0.2379,0.019542857142857147
WCT,51383,2025-10-10T21:25:00Z,0.3,False,78.42696629213484,76.62921348314609,0.2331,0.2379,0.019542857142857147
WCT,51384,2025-10-10T21:30:00Z,0.2,False,24.68193384223918,23.15521628498727,0.2331,0.2359,0.021307142857142865
WCT,51386,2025-10-10T21:40:00Z,0.2,False,28.63677950594694,29.4659300184162,0.2312,0.2359,0.024871428571428583
WET,1620,2025-12-15T07:00:00Z,0.2,True,41.910546659304245,32.09944751381217,0.1915,0.2391,0.007235714285714285
WET,1620,2025-12-15T07:00:00Z,0.3,True,41.910546659304245,32.09944751381217,0.1915,0.2391,0.007235714285714285
WIF,54977,2025-10-10T21:25:00Z,0.2,False,87.77056277056276,80.51948051948052,0.6796,0.6994,0.05654285714285714
WIF,54977,2025-10-10T21:25:00Z,0.3,False,87.77056277056276,80.51948051948052,0.6796,0.6994,0.05654285714285714
WLD,54976,2025-10-10T21:20:00Z,0.2,False,83.6322869955157,82.32436472346787,1.1886,1.2233,0.09817857142857142
WLD,54976,2025-10-10T21:20:00Z,0.3,False,83.6322869955157,82.32436472346787,1.1886,1.2233,0.09817857142857142
WLD,54980,2025-10-10T21:40:00Z,0.2,False,23.014290461947475,18.192390762585163,1.1755,1.2153,0.12641428571428573
WLD,86653,2026-01-28T21:05:00Z,0.2,True,21.265878230398584,19.820411738940003,0.4642,0.5471,0.008828571428571404
WLFI,13924,2025-10-10T21:20:00Z,0.2,False,46.382428940568474,35.77863577863576,0.1642,0.1715,0.011771428571428573
WLFI,13924,2025-10-10T21:20:00Z,0.3,False,46.382428940568474,35.77863577863576,0.1642,0.1715,0.011771428571428573
WOO,54977,2025-10-10T21:25:00Z,0.2,False,36.08142493638675,34.21453990849008,0.06485,0.06623,0.005038571428571428
WOO,54977,2025-10-10T21:25:00Z,0.3,False,36.08142493638675,34.21453990849008,0.06485,0.06623,0.005038571428571428
WOO,54978,2025-10-10T21:30:00Z,0.2,False,23.181818181818194,21.249999999999993,0.06484,0.06549,0.005506428571428571
WOO,150066,2026-09-06T01:30:00Z,0.2,False,35.60517038777908,30.011723329425564,0.01181,0.01181,0.00048499999999999797
WOO,150066,2026-09-06T01:30:00Z,0.3,False,35.60517038777908,30.011723329425564,0.01181,0.01181,0.00048499999999999797
XPL,12508,2025-10-10T21:20:00Z,0.2,False,62.060980316480126,56.982591876208886,0.6667,0.6647,0.050064285714285714
XPL,12508,2025-10-10T21:20:00Z,0.3,False,62.060980316480126,56.982591876208886,0.6667,0.6647,0.050064285714285714
YB,21567,2025-12-26T04:15:00Z,0.2,True,24.208566108007435,9.946808510638295,0.3804,0.4134,0.007142857142857137
YGG,54980,2025-10-10T21:40:00Z,0.2,False,21.13207547169811,20.554854981084492,0.1718,0.1715,0.01515
YGG,56220,2025-10-15T05:00:00Z,0.2,True,76.73634524612274,45.41778975741239,0.1529,0.2158,0.00986428571428572
YGG,56220,2025-10-15T05:00:00Z,0.3,True,76.73634524612274,45.41778975741239,0.1529,0.2158,0.00986428571428572
ZAMA,27253,2026-04-14T05:35:00Z,0.2,True,21.012381646030608,8.809610484164532,0.02761,0.02989,0.0005750000000000001
ZAMA,27279,2026-04-14T07:45:00Z,0.2,True,28.013148283418545,15.115005476451259,0.03323,0.03153,0.001019285714285714
ZETA,154414,2026-09-21T03:50:00Z,0.2,True,22.929529486906542,22.167906482465472,0.04709,0.05748,0.0016621428571428596
ZK,54977,2025-10-10T21:25:00Z,0.2,False,53.40599455040871,51.97547683923705,0.05485,0.055,0.004545714285714286
ZK,54977,2025-10-10T21:25:00Z,0.3,False,53.40599455040871,51.97547683923705,0.05485,0.055,0.004545714285714286
ZK,80154,2026-01-06T07:30:00Z,0.2,True,22.52600297176821,17.26084373143195,0.03481,0.03947,0.0006621428571428606
ZORA,32731,2026-02-01T03:05:00Z,0.2,True,22.835719154737568,21.78656665530174,0.02944,0.03572,0.0016214285714285688
ZORA,32732,2026-02-01T03:10:00Z,0.2,True,22.36842105263157,4.563269876819698,0.03604,0.03735,0.0021457142857142834
